"period","source_root","method","dataset_or_setting","dataset_key","resolution","variant_or_run","scope","images","clip_style","content_lpips","clip_content","train_time_value","train_time_unit","train_time_label","infer_time_value","infer_time_unit","infer_time_label","params_m","hardware","status","source_path","source_kind","note"
"2026-06-04","I:\","SaMAM","distinct5_512","distinct5_512","512","step_002500_artfid_reuse","full_eval_or_summary","0","","","","","","","","","","","","summary_found","I:\Github\Latent_Style\Related_Works\baseline_pipeline\results\samam_distinct5_512_mamba_b6_seg250_remote_wsl_20260601_2130_diag\eval_curve\step_002500_artfid_reuse\summary.json","remote_summary_json_curated","Remote curated summary.json after experiment-path filter."
"2026-06-03","I:\","SaMAM","distinct5_512","distinct5_512","512","step_003000_artfid_reuse","full_eval_or_summary","","","","","","","","67.58261958399908","s","67.58261958399908 s timings_sec.wall_total","","","summary_found","I:\Github\Latent_Style\Related_Works\baseline_pipeline\results\samam_distinct5_512_mamba_b6_seg250_remote_wsl_20260601_2130_diag\eval_curve\step_003000_artfid_reuse\summary.json","remote_summary_json_curated","Remote curated summary.json after experiment-path filter."
"2026-06-02","I:\","LANCET/LBM","distinct5_512","distinct5_512","512","no_op_identity_5x5","full_eval_or_summary","","","","","","","","51.711705126996094","s","51.711705126996094 s timings_sec.wall_total","","","summary_found","I:\Github\Latent_Style\SchrodingerBridge\docs\experiments\distinct5_512_20260602\no_op_identity_5x5\summary.json","remote_summary_json_curated","Remote curated summary.json after experiment-path filter."
"2026-06-02","I:\","LANCET/LBM","distinct5_512","distinct5_512","512","epoch_0001","full_eval_or_summary","","","","","","","","101.42849573700005","s","101.42849573700005 s timings_sec.wall_total","","","summary_found","I:\Github\Latent_Style\SchrodingerBridge\exp\distinct5_512_ema_baseline_direct_atom_residual_b44_remote\full_eval\epoch_0001\summary.json","remote_summary_json_curated","Remote curated summary.json after experiment-path filter."
"2026-06-02","I:\","LANCET/LBM","distinct5_512","distinct5_512","512","epoch_0002","full_eval_or_summary","","","","","","","","95.40597825800069","s","95.40597825800069 s timings_sec.wall_total","","","summary_found","I:\Github\Latent_Style\SchrodingerBridge\exp\distinct5_512_ema_baseline_direct_atom_residual_b44_remote\full_eval\epoch_0002\summary.json","remote_summary_json_curated","Remote curated summary.json after experiment-path filter."
"2026-06-02","I:\","LANCET/LBM","distinct5_512","distinct5_512","512","epoch_0003","full_eval_or_summary","","","","","","","","97.88693645900003","s","97.88693645900003 s timings_sec.wall_total","","","summary_found","I:\Github\Latent_Style\SchrodingerBridge\exp\distinct5_512_ema_baseline_direct_atom_residual_b44_remote\full_eval\epoch_0003\summary.json","remote_summary_json_curated","Remote curated summary.json after experiment-path filter."
"2026-06-02","I:\","LANCET/LBM","distinct5_512","distinct5_512","512","epoch_0004","full_eval_or_summary","","","","","","","","95.14059642399934","s","95.14059642399934 s timings_sec.wall_total","","","summary_found","I:\Github\Latent_Style\SchrodingerBridge\exp\distinct5_512_ema_baseline_direct_atom_residual_b44_remote\full_eval\epoch_0004\summary.json","remote_summary_json_curated","Remote curated summary.json after experiment-path filter."
"2026-06-02","I:\","LANCET/LBM","distinct5_512","distinct5_512","512","epoch_0005","full_eval_or_summary","","","","","","","","94.90749232599956","s","94.90749232599956 s timings_sec.wall_total","","","summary_found","I:\Github\Latent_Style\SchrodingerBridge\exp\distinct5_512_ema_baseline_direct_atom_residual_b44_remote\full_eval\epoch_0005\summary.json","remote_summary_json_curated","Remote curated summary.json after experiment-path filter."
"2026-06-02","I:\","LANCET/LBM","distinct5_512","distinct5_512","512","epoch_0006","full_eval_or_summary","","","","","","","","95.09559635999994","s","95.09559635999994 s timings_sec.wall_total","","","summary_found","I:\Github\Latent_Style\SchrodingerBridge\exp\distinct5_512_ema_baseline_direct_atom_residual_b44_remote\full_eval\epoch_0006\summary.json","remote_summary_json_curated","Remote curated summary.json after experiment-path filter."
"2026-06-02","I:\","LANCET/LBM","distinct5_512","distinct5_512","512","epoch_0007","full_eval_or_summary","","","","","","","","95.01530161799928","s","95.01530161799928 s timings_sec.wall_total","","","summary_found","I:\Github\Latent_Style\SchrodingerBridge\exp\distinct5_512_ema_baseline_direct_atom_residual_b44_remote\full_eval\epoch_0007\summary.json","remote_summary_json_curated","Remote curated summary.json after experiment-path filter."
"2026-06-02","I:\","LANCET/LBM","distinct5_512","distinct5_512","512","epoch_0008","full_eval_or_summary","","","","","","","","94.8003261089998","s","94.8003261089998 s timings_sec.wall_total","","","summary_found","I:\Github\Latent_Style\SchrodingerBridge\exp\distinct5_512_ema_baseline_direct_atom_residual_b44_remote\full_eval\epoch_0008\summary.json","remote_summary_json_curated","Remote curated summary.json after experiment-path filter."
"2026-06-02","I:\","LANCET/LBM","distinct5_512","distinct5_512","512","epoch_0001","full_eval_or_summary","","","","","","","","95.24508640099975","s","95.24508640099975 s timings_sec.wall_total","","","summary_found","I:\Github\Latent_Style\SchrodingerBridge\exp\distinct5_512_ema_variant_a_class_prototypes_b44_remote\full_eval\epoch_0001\summary.json","remote_summary_json_curated","Remote curated summary.json after experiment-path filter."
"2026-06-02","I:\","LANCET/LBM","distinct5_512","distinct5_512","512","epoch_0002","full_eval_or_summary","","","","","","","","95.29496694299996","s","95.29496694299996 s timings_sec.wall_total","","","summary_found","I:\Github\Latent_Style\SchrodingerBridge\exp\distinct5_512_ema_variant_a_class_prototypes_b44_remote\full_eval\epoch_0002\summary.json","remote_summary_json_curated","Remote curated summary.json after experiment-path filter."
"2026-06-02","I:\","LANCET/LBM","distinct5_512","distinct5_512","512","epoch_0003","full_eval_or_summary","","","","","","","","97.8382688419997","s","97.8382688419997 s timings_sec.wall_total","","","summary_found","I:\Github\Latent_Style\SchrodingerBridge\exp\distinct5_512_ema_variant_a_class_prototypes_b44_remote\full_eval\epoch_0003\summary.json","remote_summary_json_curated","Remote curated summary.json after experiment-path filter."
"2026-06-02","I:\","LANCET/LBM","distinct5_512","distinct5_512","512","epoch_0004","full_eval_or_summary","","","","","","","","95.34430218299985","s","95.34430218299985 s timings_sec.wall_total","","","summary_found","I:\Github\Latent_Style\SchrodingerBridge\exp\distinct5_512_ema_variant_a_class_prototypes_b44_remote\full_eval\epoch_0004\summary.json","remote_summary_json_curated","Remote curated summary.json after experiment-path filter."
"2026-06-02","I:\","LANCET/LBM","distinct5_512","distinct5_512","512","epoch_0005","full_eval_or_summary","","","","","","","","95.02715564099981","s","95.02715564099981 s timings_sec.wall_total","","","summary_found","I:\Github\Latent_Style\SchrodingerBridge\exp\distinct5_512_ema_variant_a_class_prototypes_b44_remote\full_eval\epoch_0005\summary.json","remote_summary_json_curated","Remote curated summary.json after experiment-path filter."
"2026-06-02","I:\","LANCET/LBM","distinct5_512","distinct5_512","512","epoch_0006","full_eval_or_summary","","","","","","","","94.86079137599972","s","94.86079137599972 s timings_sec.wall_total","","","summary_found","I:\Github\Latent_Style\SchrodingerBridge\exp\distinct5_512_ema_variant_a_class_prototypes_b44_remote\full_eval\epoch_0006\summary.json","remote_summary_json_curated","Remote curated summary.json after experiment-path filter."
"2026-06-02","I:\","LANCET/LBM","distinct5_512","distinct5_512","512","epoch_0007","full_eval_or_summary","","","","","","","","94.7584971490005","s","94.7584971490005 s timings_sec.wall_total","","","summary_found","I:\Github\Latent_Style\SchrodingerBridge\exp\distinct5_512_ema_variant_a_class_prototypes_b44_remote\full_eval\epoch_0007\summary.json","remote_summary_json_curated","Remote curated summary.json after experiment-path filter."
"2026-06-02","I:\","LANCET/LBM","distinct5_512","distinct5_512","512","epoch_0008","full_eval_or_summary","","","","","","","","95.04837335200136","s","95.04837335200136 s timings_sec.wall_total","","","summary_found","I:\Github\Latent_Style\SchrodingerBridge\exp\distinct5_512_ema_variant_a_class_prototypes_b44_remote\full_eval\epoch_0008\summary.json","remote_summary_json_curated","Remote curated summary.json after experiment-path filter."
"2026-06-02","I:\","LANCET/LBM","distinct5_512","distinct5_512","512","epoch_0001","full_eval_or_summary","","","","","","","","98.81614170499961","s","98.81614170499961 s timings_sec.wall_total","","","summary_found","I:\Github\Latent_Style\SchrodingerBridge\exp\distinct5_512_ema_variant_b_global_vq_b44_remote\full_eval\epoch_0001\summary.json","remote_summary_json_curated","Remote curated summary.json after experiment-path filter."
"2026-06-02","I:\","LANCET/LBM","distinct5_512","distinct5_512","512","epoch_0002","full_eval_or_summary","","","","","","","","95.60686075800004","s","95.60686075800004 s timings_sec.wall_total","","","summary_found","I:\Github\Latent_Style\SchrodingerBridge\exp\distinct5_512_ema_variant_b_global_vq_b44_remote\full_eval\epoch_0002\summary.json","remote_summary_json_curated","Remote curated summary.json after experiment-path filter."
"2026-06-02","I:\","LANCET/LBM","distinct5_512","distinct5_512","512","epoch_0003","full_eval_or_summary","","","","","","","","95.44951747099913","s","95.44951747099913 s timings_sec.wall_total","","","summary_found","I:\Github\Latent_Style\SchrodingerBridge\exp\distinct5_512_ema_variant_b_global_vq_b44_remote\full_eval\epoch_0003\summary.json","remote_summary_json_curated","Remote curated summary.json after experiment-path filter."
"2026-06-02","I:\","LANCET/LBM","distinct5_512","distinct5_512","512","epoch_0004","full_eval_or_summary","","","","","","","","95.05624773300042","s","95.05624773300042 s timings_sec.wall_total","","","summary_found","I:\Github\Latent_Style\SchrodingerBridge\exp\distinct5_512_ema_variant_b_global_vq_b44_remote\full_eval\epoch_0004\summary.json","remote_summary_json_curated","Remote curated summary.json after experiment-path filter."
"2026-06-02","I:\","LANCET/LBM","distinct5_512","distinct5_512","512","epoch_0005","full_eval_or_summary","","","","","","","","95.01549649899971","s","95.01549649899971 s timings_sec.wall_total","","","summary_found","I:\Github\Latent_Style\SchrodingerBridge\exp\distinct5_512_ema_variant_b_global_vq_b44_remote\full_eval\epoch_0005\summary.json","remote_summary_json_curated","Remote curated summary.json after experiment-path filter."
"2026-06-02","I:\","LANCET/LBM","distinct5_512","distinct5_512","512","epoch_0006","full_eval_or_summary","","","","","","","","95.02998779799964","s","95.02998779799964 s timings_sec.wall_total","","","summary_found","I:\Github\Latent_Style\SchrodingerBridge\exp\distinct5_512_ema_variant_b_global_vq_b44_remote\full_eval\epoch_0006\summary.json","remote_summary_json_curated","Remote curated summary.json after experiment-path filter."
"2026-06-02","I:\","LANCET/LBM","distinct5_512","distinct5_512","512","epoch_0007","full_eval_or_summary","","","","","","","","95.16350627599968","s","95.16350627599968 s timings_sec.wall_total","","","summary_found","I:\Github\Latent_Style\SchrodingerBridge\exp\distinct5_512_ema_variant_b_global_vq_b44_remote\full_eval\epoch_0007\summary.json","remote_summary_json_curated","Remote curated summary.json after experiment-path filter."
"2026-06-02","I:\","LANCET/LBM","distinct5_512","distinct5_512","512","epoch_0008","full_eval_or_summary","","","","","","","","95.20408842699908","s","95.20408842699908 s timings_sec.wall_total","","","summary_found","I:\Github\Latent_Style\SchrodingerBridge\exp\distinct5_512_ema_variant_b_global_vq_b44_remote\full_eval\epoch_0008\summary.json","remote_summary_json_curated","Remote curated summary.json after experiment-path filter."
"2026-06-02","I:\","LANCET/LBM","distinct5_512","distinct5_512","512","epoch_0001","full_eval_or_summary","","","","","","","","98.58742219600026","s","98.58742219600026 s timings_sec.wall_total","","","summary_found","I:\Github\Latent_Style\SchrodingerBridge\exp\distinct5_512_ema_variant_c_content_guided_spatial_b44_remote\full_eval\epoch_0001\summary.json","remote_summary_json_curated","Remote curated summary.json after experiment-path filter."
"2026-06-02","I:\","LANCET/LBM","distinct5_512","distinct5_512","512","epoch_0002","full_eval_or_summary","","","","","","","","95.89410842699908","s","95.89410842699908 s timings_sec.wall_total","","","summary_found","I:\Github\Latent_Style\SchrodingerBridge\exp\distinct5_512_ema_variant_c_content_guided_spatial_b44_remote\full_eval\epoch_0002\summary.json","remote_summary_json_curated","Remote curated summary.json after experiment-path filter."
"2026-06-02","I:\","LANCET/LBM","distinct5_512","distinct5_512","512","epoch_0003","full_eval_or_summary","","","","","","","","95.23135643200112","s","95.23135643200112 s timings_sec.wall_total","","","summary_found","I:\Github\Latent_Style\SchrodingerBridge\exp\distinct5_512_ema_variant_c_content_guided_spatial_b44_remote\full_eval\epoch_0003\summary.json","remote_summary_json_curated","Remote curated summary.json after experiment-path filter."
"2026-06-02","I:\","LANCET/LBM","distinct5_512","distinct5_512","512","epoch_0004","full_eval_or_summary","","","","","","","","95.34808660300041","s","95.34808660300041 s timings_sec.wall_total","","","summary_found","I:\Github\Latent_Style\SchrodingerBridge\exp\distinct5_512_ema_variant_c_content_guided_spatial_b44_remote\full_eval\epoch_0004\summary.json","remote_summary_json_curated","Remote curated summary.json after experiment-path filter."
"2026-06-02","I:\","LANCET/LBM","distinct5_512","distinct5_512","512","epoch_0005","full_eval_or_summary","","","","","","","","94.78858905499874","s","94.78858905499874 s timings_sec.wall_total","","","summary_found","I:\Github\Latent_Style\SchrodingerBridge\exp\distinct5_512_ema_variant_c_content_guided_spatial_b44_remote\full_eval\epoch_0005\summary.json","remote_summary_json_curated","Remote curated summary.json after experiment-path filter."
"2026-06-02","I:\","LANCET/LBM","distinct5_512","distinct5_512","512","epoch_0006","full_eval_or_summary","","","","","","","","98.34615033000046","s","98.34615033000046 s timings_sec.wall_total","","","summary_found","I:\Github\Latent_Style\SchrodingerBridge\exp\distinct5_512_ema_variant_c_content_guided_spatial_b44_remote\full_eval\epoch_0006\summary.json","remote_summary_json_curated","Remote curated summary.json after experiment-path filter."
"2026-06-02","I:\","LANCET/LBM","distinct5_512","distinct5_512","512","epoch_0007","full_eval_or_summary","","","","","","","","94.84917641399988","s","94.84917641399988 s timings_sec.wall_total","","","summary_found","I:\Github\Latent_Style\SchrodingerBridge\exp\distinct5_512_ema_variant_c_content_guided_spatial_b44_remote\full_eval\epoch_0007\summary.json","remote_summary_json_curated","Remote curated summary.json after experiment-path filter."
"2026-06-02","I:\","LANCET/LBM","distinct5_512","distinct5_512","512","epoch_0008","full_eval_or_summary","","","","","","","","95.09122094299892","s","95.09122094299892 s timings_sec.wall_total","","","summary_found","I:\Github\Latent_Style\SchrodingerBridge\exp\distinct5_512_ema_variant_c_content_guided_spatial_b44_remote\full_eval\epoch_0008\summary.json","remote_summary_json_curated","Remote curated summary.json after experiment-path filter."
"2026-06-02","I:\","LANCET/LBM","distinct5_512","distinct5_512","512","epoch_0001","full_eval_or_summary","","","","","","","","96.12465538200013","s","96.12465538200013 s timings_sec.wall_total","","","summary_found","I:\Github\Latent_Style\SchrodingerBridge\exp\distinct5_512_ema_variant_d_vq_content_guided_b44_remote\full_eval\epoch_0001\summary.json","remote_summary_json_curated","Remote curated summary.json after experiment-path filter."
"2026-06-02","I:\","LANCET/LBM","distinct5_512","distinct5_512","512","epoch_0002","full_eval_or_summary","","","","","","","","95.42896754200046","s","95.42896754200046 s timings_sec.wall_total","","","summary_found","I:\Github\Latent_Style\SchrodingerBridge\exp\distinct5_512_ema_variant_d_vq_content_guided_b44_remote\full_eval\epoch_0002\summary.json","remote_summary_json_curated","Remote curated summary.json after experiment-path filter."
"2026-06-02","I:\","LANCET/LBM","distinct5_512","distinct5_512","512","epoch_0003","full_eval_or_summary","","","","","","","","95.3460023459993","s","95.3460023459993 s timings_sec.wall_total","","","summary_found","I:\Github\Latent_Style\SchrodingerBridge\exp\distinct5_512_ema_variant_d_vq_content_guided_b44_remote\full_eval\epoch_0003\summary.json","remote_summary_json_curated","Remote curated summary.json after experiment-path filter."
"2026-06-02","I:\","LANCET/LBM","distinct5_512","distinct5_512","512","epoch_0004","full_eval_or_summary","","","","","","","","95.96035734999896","s","95.96035734999896 s timings_sec.wall_total","","","summary_found","I:\Github\Latent_Style\SchrodingerBridge\exp\distinct5_512_ema_variant_d_vq_content_guided_b44_remote\full_eval\epoch_0004\summary.json","remote_summary_json_curated","Remote curated summary.json after experiment-path filter."
"2026-06-02","I:\","LANCET/LBM","distinct5_512","distinct5_512","512","epoch_0005","full_eval_or_summary","","","","","","","","95.57398176600145","s","95.57398176600145 s timings_sec.wall_total","","","summary_found","I:\Github\Latent_Style\SchrodingerBridge\exp\distinct5_512_ema_variant_d_vq_content_guided_b44_remote\full_eval\epoch_0005\summary.json","remote_summary_json_curated","Remote curated summary.json after experiment-path filter."
"2026-06-02","I:\","LANCET/LBM","distinct5_512","distinct5_512","512","epoch_0006","full_eval_or_summary","","","","","","","","99.00904599099886","s","99.00904599099886 s timings_sec.wall_total","","","summary_found","I:\Github\Latent_Style\SchrodingerBridge\exp\distinct5_512_ema_variant_d_vq_content_guided_b44_remote\full_eval\epoch_0006\summary.json","remote_summary_json_curated","Remote curated summary.json after experiment-path filter."
"2026-06-02","I:\","LANCET/LBM","distinct5_512","distinct5_512","512","epoch_0007","full_eval_or_summary","","","","","","","","95.46431372400002","s","95.46431372400002 s timings_sec.wall_total","","","summary_found","I:\Github\Latent_Style\SchrodingerBridge\exp\distinct5_512_ema_variant_d_vq_content_guided_b44_remote\full_eval\epoch_0007\summary.json","remote_summary_json_curated","Remote curated summary.json after experiment-path filter."
"2026-06-02","I:\","LANCET/LBM","distinct5_512","distinct5_512","512","epoch_0008","full_eval_or_summary","","","","","","","","95.94725668200044","s","95.94725668200044 s timings_sec.wall_total","","","summary_found","I:\Github\Latent_Style\SchrodingerBridge\exp\distinct5_512_ema_variant_d_vq_content_guided_b44_remote\full_eval\epoch_0008\summary.json","remote_summary_json_curated","Remote curated summary.json after experiment-path filter."
"2026-06-02","I:\","LANCET/LBM","distinct5_512","distinct5_512","512","epoch_0001","full_eval_or_summary","","","","","","","","95.27484137700048","s","95.27484137700048 s timings_sec.wall_total","","","summary_found","I:\Github\Latent_Style\SchrodingerBridge\exp\distinct5_512_ema_variant_e_latent_prototype_ot_queue_b44_remote\full_eval\epoch_0001\summary.json","remote_summary_json_curated","Remote curated summary.json after experiment-path filter."
"2026-06-02","I:\","LANCET/LBM","distinct5_512","distinct5_512","512","epoch_0002","full_eval_or_summary","","","","","","","","95.29054736299804","s","95.29054736299804 s timings_sec.wall_total","","","summary_found","I:\Github\Latent_Style\SchrodingerBridge\exp\distinct5_512_ema_variant_e_latent_prototype_ot_queue_b44_remote\full_eval\epoch_0002\summary.json","remote_summary_json_curated","Remote curated summary.json after experiment-path filter."
"2026-06-02","I:\","LANCET/LBM","distinct5_512","distinct5_512","512","epoch_0003","full_eval_or_summary","","","","","","","","99.3647932060012","s","99.3647932060012 s timings_sec.wall_total","","","summary_found","I:\Github\Latent_Style\SchrodingerBridge\exp\distinct5_512_ema_variant_e_latent_prototype_ot_queue_b44_remote\full_eval\epoch_0003\summary.json","remote_summary_json_curated","Remote curated summary.json after experiment-path filter."
"2026-06-02","I:\","LANCET/LBM","distinct5_512","distinct5_512","512","epoch_0004","full_eval_or_summary","","","","","","","","95.70050463400185","s","95.70050463400185 s timings_sec.wall_total","","","summary_found","I:\Github\Latent_Style\SchrodingerBridge\exp\distinct5_512_ema_variant_e_latent_prototype_ot_queue_b44_remote\full_eval\epoch_0004\summary.json","remote_summary_json_curated","Remote curated summary.json after experiment-path filter."
"2026-06-02","I:\","LANCET/LBM","distinct5_512","distinct5_512","512","epoch_0005","full_eval_or_summary","","","","","","","","95.5203923980007","s","95.5203923980007 s timings_sec.wall_total","","","summary_found","I:\Github\Latent_Style\SchrodingerBridge\exp\distinct5_512_ema_variant_e_latent_prototype_ot_queue_b44_remote\full_eval\epoch_0005\summary.json","remote_summary_json_curated","Remote curated summary.json after experiment-path filter."
"2026-06-02","I:\","LANCET/LBM","distinct5_512","distinct5_512","512","epoch_0006","full_eval_or_summary","","","","","","","","95.42917411999952","s","95.42917411999952 s timings_sec.wall_total","","","summary_found","I:\Github\Latent_Style\SchrodingerBridge\exp\distinct5_512_ema_variant_e_latent_prototype_ot_queue_b44_remote\full_eval\epoch_0006\summary.json","remote_summary_json_curated","Remote curated summary.json after experiment-path filter."
"2026-06-02","I:\","LANCET/LBM","distinct5_512","distinct5_512","512","epoch_0007","full_eval_or_summary","","","","","","","","95.4741402389991","s","95.4741402389991 s timings_sec.wall_total","","","summary_found","I:\Github\Latent_Style\SchrodingerBridge\exp\distinct5_512_ema_variant_e_latent_prototype_ot_queue_b44_remote\full_eval\epoch_0007\summary.json","remote_summary_json_curated","Remote curated summary.json after experiment-path filter."
"2026-06-02","I:\","LANCET/LBM","distinct5_512","distinct5_512","512","epoch_0008","full_eval_or_summary","","","","","","","","95.38143512199895","s","95.38143512199895 s timings_sec.wall_total","","","summary_found","I:\Github\Latent_Style\SchrodingerBridge\exp\distinct5_512_ema_variant_e_latent_prototype_ot_queue_b44_remote\full_eval\epoch_0008\summary.json","remote_summary_json_curated","Remote curated summary.json after experiment-path filter."
"2026-06-02","I:\","LANCET/LBM","distinct5_512","distinct5_512","512","epoch_0001","full_eval_or_summary","","","","","","","","102.57174764299998","s","102.57174764299998 s timings_sec.wall_total","","","summary_found","I:\Github\Latent_Style\SchrodingerBridge\exp\distinct5_512_ema_variant_j_aux_hard_swd_queue_e3_b44_remote\full_eval\epoch_0001\summary.json","remote_summary_json_curated","Remote curated summary.json after experiment-path filter."
"2026-06-02","I:\","LANCET/LBM","distinct5_512","distinct5_512","512","epoch_0002","full_eval_or_summary","","","","","","","","95.52035205799984","s","95.52035205799984 s timings_sec.wall_total","","","summary_found","I:\Github\Latent_Style\SchrodingerBridge\exp\distinct5_512_ema_variant_j_aux_hard_swd_queue_e3_b44_remote\full_eval\epoch_0002\summary.json","remote_summary_json_curated","Remote curated summary.json after experiment-path filter."
"2026-06-02","I:\","LANCET/LBM","distinct5_512","distinct5_512","512","epoch_0003","full_eval_or_summary","","","","","","","","95.3742954019981","s","95.3742954019981 s timings_sec.wall_total","","","summary_found","I:\Github\Latent_Style\SchrodingerBridge\exp\distinct5_512_ema_variant_j_aux_hard_swd_queue_e3_b44_remote\full_eval\epoch_0003\summary.json","remote_summary_json_curated","Remote curated summary.json after experiment-path filter."
"2026-06-02","I:\","LANCET/LBM","distinct5_512","distinct5_512","512","epoch_0001","full_eval_or_summary","","","","","","","","101.0314540090003","s","101.0314540090003 s timings_sec.wall_total","","","summary_found","I:\Github\Latent_Style\SchrodingerBridge\exp\distinct5_512_ema_variant_k_content_adaptive_vq_queue_e3_b44_remote\full_eval\epoch_0001\summary.json","remote_summary_json_curated","Remote curated summary.json after experiment-path filter."
"2026-06-02","I:\","LANCET/LBM","distinct5_512","distinct5_512","512","epoch_0002","full_eval_or_summary","","","","","","","","95.55572255299921","s","95.55572255299921 s timings_sec.wall_total","","","summary_found","I:\Github\Latent_Style\SchrodingerBridge\exp\distinct5_512_ema_variant_k_content_adaptive_vq_queue_e3_b44_remote\full_eval\epoch_0002\summary.json","remote_summary_json_curated","Remote curated summary.json after experiment-path filter."
"2026-06-02","I:\","LANCET/LBM","distinct5_512","distinct5_512","512","epoch_0003","full_eval_or_summary","","","","","","","","95.61086336899825","s","95.61086336899825 s timings_sec.wall_total","","","summary_found","I:\Github\Latent_Style\SchrodingerBridge\exp\distinct5_512_ema_variant_k_content_adaptive_vq_queue_e3_b44_remote\full_eval\epoch_0003\summary.json","remote_summary_json_curated","Remote curated summary.json after experiment-path filter."
"2026-06-02","I:\","LANCET/LBM","distinct5_512","distinct5_512","512","epoch_0001","full_eval_or_summary","","","","","","","","100.06962744499833","s","100.06962744499833 s timings_sec.wall_total","","","summary_found","I:\Github\Latent_Style\SchrodingerBridge\exp\distinct5_512_ema_variant_l_content_adaptive_annealed_queue_e3_b44_remote\full_eval\epoch_0001\summary.json","remote_summary_json_curated","Remote curated summary.json after experiment-path filter."
"2026-06-02","I:\","LANCET/LBM","distinct5_512","distinct5_512","512","epoch_0002","full_eval_or_summary","","","","","","","","95.40814951599896","s","95.40814951599896 s timings_sec.wall_total","","","summary_found","I:\Github\Latent_Style\SchrodingerBridge\exp\distinct5_512_ema_variant_l_content_adaptive_annealed_queue_e3_b44_remote\full_eval\epoch_0002\summary.json","remote_summary_json_curated","Remote curated summary.json after experiment-path filter."
"2026-06-02","I:\","LANCET/LBM","distinct5_512","distinct5_512","512","epoch_0003","full_eval_or_summary","","","","","","","","95.69641234200026","s","95.69641234200026 s timings_sec.wall_total","","","summary_found","I:\Github\Latent_Style\SchrodingerBridge\exp\distinct5_512_ema_variant_l_content_adaptive_annealed_queue_e3_b44_remote\full_eval\epoch_0003\summary.json","remote_summary_json_curated","Remote curated summary.json after experiment-path filter."
"2026-06-02","I:\","LANCET/LBM","distinct5_512","distinct5_512","512","epoch_0001","full_eval_or_summary","","","","","","","","100.32157164899763","s","100.32157164899763 s timings_sec.wall_total","","","summary_found","I:\Github\Latent_Style\SchrodingerBridge\exp\distinct5_512_ema_variant_m_style_gated_content_router_e3_b44_remote\full_eval\epoch_0001\summary.json","remote_summary_json_curated","Remote curated summary.json after experiment-path filter."
"2026-06-02","I:\","LANCET/LBM","distinct5_512","distinct5_512","512","epoch_0002","full_eval_or_summary","","","","","","","","96.27991813699919","s","96.27991813699919 s timings_sec.wall_total","","","summary_found","I:\Github\Latent_Style\SchrodingerBridge\exp\distinct5_512_ema_variant_m_style_gated_content_router_e3_b44_remote\full_eval\epoch_0002\summary.json","remote_summary_json_curated","Remote curated summary.json after experiment-path filter."
"2026-06-02","I:\","LANCET/LBM","distinct5_512","distinct5_512","512","epoch_0003","full_eval_or_summary","","","","","","","","95.98097363600027","s","95.98097363600027 s timings_sec.wall_total","","","summary_found","I:\Github\Latent_Style\SchrodingerBridge\exp\distinct5_512_ema_variant_m_style_gated_content_router_e3_b44_remote\full_eval\epoch_0003\summary.json","remote_summary_json_curated","Remote curated summary.json after experiment-path filter."
"2026-06-02","I:\","LANCET/LBM","distinct5_512","distinct5_512","512","epoch_0001_smoke25","full_eval_or_summary","","","","","","","","44.498293371000045","s","44.498293371000045 s timings_sec.wall_total","","","summary_found","I:\Github\Latent_Style\SchrodingerBridge\exp\_remote_smoke_distinct5_512_ema_baseline_b48_vlen005\full_eval\epoch_0001_smoke25\summary.json","remote_summary_json_curated","Remote curated summary.json after experiment-path filter."
"2026-06-03","I:\","LANCET/LBM","distinct5_512","distinct5_512","512","idt_5x5","full_eval_or_summary","","","","","","","","27.095642000000225","s","27.095642000000225 s timings_sec.wall_total","","","summary_found","I:\Github\Latent_Style_TokenizerClean\SchrodingerBridge\docs\experiments\idt_eval_20260602\distinct5_512\idt_5x5\summary.json","remote_summary_json_curated","Remote curated summary.json after experiment-path filter."
"2026-06-01","I:\","LANCET/LBM","distinct5_512","distinct5_512","","epoch_0004","full_eval_or_summary","","","","","","","","","","","","","summary_found","I:\Github\Latent_Style_TokenizerClean\SchrodingerBridge\exp\wikiart_distinct5_ema_lancet_spectralstat_from_e16_e24_b48\full_eval\epoch_0004\summary.json","remote_summary_json_curated","Remote curated summary.json after experiment-path filter."
"2026-06-01","I:\","LANCET/LBM","distinct5_512","distinct5_512","","epoch_0008","full_eval_or_summary","","","","","","","","","","","","","summary_found","I:\Github\Latent_Style_TokenizerClean\SchrodingerBridge\exp\wikiart_distinct5_ema_lancet_spectralstat_from_e16_e24_b48\full_eval\epoch_0008\summary.json","remote_summary_json_curated","Remote curated summary.json after experiment-path filter."
"2026-06-01","I:\","LANCET/LBM","distinct5_512","distinct5_512","","epoch_0016","full_eval_or_summary","","","","","","","","","","","","","summary_found","I:\Github\Latent_Style_TokenizerClean\SchrodingerBridge\exp\wikiart_distinct5_ema_lancet_spectralstat_from_e16_e24_b48\full_eval\epoch_0016\summary.json","remote_summary_json_curated","Remote curated summary.json after experiment-path filter."
"2026-06-01","I:\","LANCET/LBM","distinct5_512","distinct5_512","","epoch_0004","full_eval_or_summary","","","","","","","","","","","","","summary_found","I:\Github\Latent_Style_TokenizerClean\SchrodingerBridge\exp\wikiart_distinct5_ema_lancet_spectralstat_from_e2_e8_b64\full_eval\epoch_0004\summary.json","remote_summary_json_curated","Remote curated summary.json after experiment-path filter."
"2026-06-01","I:\","LANCET/LBM","distinct5_512","distinct5_512","","epoch_0006","full_eval_or_summary","","","","","","","","","","","","","summary_found","I:\Github\Latent_Style_TokenizerClean\SchrodingerBridge\exp\wikiart_distinct5_ema_lancet_spectralstat_from_e2_e8_b64\full_eval\epoch_0006\summary.json","remote_summary_json_curated","Remote curated summary.json after experiment-path filter."
"2026-06-01","I:\","LANCET/LBM","distinct5_512","distinct5_512","","epoch_0008","full_eval_or_summary","","","","","","","","","","","","","summary_found","I:\Github\Latent_Style_TokenizerClean\SchrodingerBridge\exp\wikiart_distinct5_ema_lancet_spectralstat_from_e2_e8_b64\full_eval\epoch_0008\summary.json","remote_summary_json_curated","Remote curated summary.json after experiment-path filter."
"2026-06-01","I:\","LANCET/LBM","distinct5_512","distinct5_512","","epoch_0012","full_eval_or_summary","","","","","","","","","","","","","summary_found","I:\Github\Latent_Style_TokenizerClean\SchrodingerBridge\exp\wikiart_distinct5_ema_lancet_spectralstat_from_e8_e16_b48\full_eval\epoch_0012\summary.json","remote_summary_json_curated","Remote curated summary.json after experiment-path filter."
"2026-06-01","I:\","LANCET/LBM","distinct5_512","distinct5_512","","epoch_0014","full_eval_or_summary","","","","","","","","","","","","","summary_found","I:\Github\Latent_Style_TokenizerClean\SchrodingerBridge\exp\wikiart_distinct5_ema_lancet_spectralstat_from_e8_e16_b48\full_eval\epoch_0014\summary.json","remote_summary_json_curated","Remote curated summary.json after experiment-path filter."
"2026-06-01","I:\","LANCET/LBM","distinct5_512","distinct5_512","","epoch_0016","full_eval_or_summary","","","","","","","","","","","","","summary_found","I:\Github\Latent_Style_TokenizerClean\SchrodingerBridge\exp\wikiart_distinct5_ema_lancet_spectralstat_from_e8_e16_b48\full_eval\epoch_0016\summary.json","remote_summary_json_curated","Remote curated summary.json after experiment-path filter."
"2026-06-02","I:\","LANCET/LBM","distinct5_512","distinct5_512","512","logs","train_or_eval_log","","","","","","s","","","","","","","log_found","I:\Github\Latent_Style\SchrodingerBridge\exp\distinct5_512_ema_baseline_direct_atom_residual_b40_remote\logs\training_20260602_043435.csv","remote_training_log_curated","Remote curated train/eval log after experiment-path filter."
"2026-06-02","I:\","LANCET/LBM","distinct5_512","distinct5_512","512","logs","train_or_eval_log","","","","","","s","","","","","","","log_found","I:\Github\Latent_Style\SchrodingerBridge\exp\distinct5_512_ema_baseline_direct_atom_residual_b44_remote\logs\training_20260602_043649.csv","remote_training_log_curated","Remote curated train/eval log after experiment-path filter."
"2026-06-02","I:\","LANCET/LBM","distinct5_512","distinct5_512","512","logs","train_or_eval_log","","","","","","s","","","","","","","log_found","I:\Github\Latent_Style\SchrodingerBridge\exp\distinct5_512_ema_baseline_direct_atom_residual_b48_remote\logs\training_20260602_041030.csv","remote_training_log_curated","Remote curated train/eval log after experiment-path filter."
"2026-06-02","I:\","LANCET/LBM","distinct5_512","distinct5_512","512","logs","train_or_eval_log","","","","","","s","","","","","","","log_found","I:\Github\Latent_Style\SchrodingerBridge\exp\distinct5_512_ema_variant_a_class_prototypes_b44_remote\logs\training_20260602_050656.csv","remote_training_log_curated","Remote curated train/eval log after experiment-path filter."
"2026-06-02","I:\","LANCET/LBM","distinct5_512","distinct5_512","512","logs","train_or_eval_log","","","","","","s","","","","","","","log_found","I:\Github\Latent_Style\SchrodingerBridge\exp\distinct5_512_ema_variant_b_global_vq_b44_remote\logs\training_20260602_054854.csv","remote_training_log_curated","Remote curated train/eval log after experiment-path filter."
"2026-06-02","I:\","LANCET/LBM","distinct5_512","distinct5_512","512","logs","train_or_eval_log","","","","","","s","","","","","","","log_found","I:\Github\Latent_Style\SchrodingerBridge\exp\distinct5_512_ema_variant_c_content_guided_spatial_b44_remote\logs\training_20260602_062216.csv","remote_training_log_curated","Remote curated train/eval log after experiment-path filter."
"2026-06-02","I:\","LANCET/LBM","distinct5_512","distinct5_512","512","logs","train_or_eval_log","","","","","","s","","","","","","","log_found","I:\Github\Latent_Style\SchrodingerBridge\exp\distinct5_512_ema_variant_d_vq_content_guided_b44_remote\logs\training_20260602_065945.csv","remote_training_log_curated","Remote curated train/eval log after experiment-path filter."
"2026-06-02","I:\","LANCET/LBM","distinct5_512","distinct5_512","512","logs","train_or_eval_log","","","","","","s","","","","","","","log_found","I:\Github\Latent_Style\SchrodingerBridge\exp\distinct5_512_ema_variant_e_latent_prototype_ot_queue_b44_remote\logs\training_20260602_073021.csv","remote_training_log_curated","Remote curated train/eval log after experiment-path filter."
"2026-06-02","I:\","LANCET/LBM","distinct5_512","distinct5_512","512","logs","train_or_eval_log","","","","","","s","","","","","","","log_found","I:\Github\Latent_Style\SchrodingerBridge\exp\distinct5_512_ema_variant_e_latent_prototype_ot_queue_b44_remote\logs\training_20260602_074357.csv","remote_training_log_curated","Remote curated train/eval log after experiment-path filter."
"2026-06-02","I:\","LANCET/LBM","distinct5_512","distinct5_512","512","logs","train_or_eval_log","","","","","","s","","","","","","","log_found","I:\Github\Latent_Style\SchrodingerBridge\exp\distinct5_512_ema_variant_f_annealed_prototype_ot_queue_e3_b44_remote\logs\training_20260602_235921.csv","remote_training_log_curated","Remote curated train/eval log after experiment-path filter."
"2026-06-02","I:\","LANCET/LBM","distinct5_512","distinct5_512","512","logs","train_or_eval_log","","","","","","s","","","","","","","log_found","I:\Github\Latent_Style\SchrodingerBridge\exp\distinct5_512_ema_variant_g_stratified_prototype_ot_queue_e3_b44_remote\logs\training_20260602_235921.csv","remote_training_log_curated","Remote curated train/eval log after experiment-path filter."
"2026-06-02","I:\","LANCET/LBM","distinct5_512","distinct5_512","512","logs","train_or_eval_log","","","","","","s","","","","","","","log_found","I:\Github\Latent_Style\SchrodingerBridge\exp\distinct5_512_ema_variant_h_hard_explore_queue_e3_b44_remote\logs\training_20260602_235921.csv","remote_training_log_curated","Remote curated train/eval log after experiment-path filter."
"2026-06-02","I:\","LANCET/LBM","distinct5_512","distinct5_512","512","logs","train_or_eval_log","","","","","","s","","","","","","","log_found","I:\Github\Latent_Style\SchrodingerBridge\exp\distinct5_512_ema_variant_i_dual_target_mix_queue_e3_b44_remote\logs\training_20260602_235921.csv","remote_training_log_curated","Remote curated train/eval log after experiment-path filter."
"2026-06-02","I:\","LANCET/LBM","distinct5_512","distinct5_512","512","logs","train_or_eval_log","","","","","","s","","","","","","","log_found","I:\Github\Latent_Style\SchrodingerBridge\exp\distinct5_512_ema_variant_j_aux_hard_swd_queue_e3_b44_remote\logs\training_20260602_102114.csv","remote_training_log_curated","Remote curated train/eval log after experiment-path filter."
"2026-06-02","I:\","LANCET/LBM","distinct5_512","distinct5_512","512","logs","train_or_eval_log","","","","","","s","","","","","","","log_found","I:\Github\Latent_Style\SchrodingerBridge\exp\distinct5_512_ema_variant_k_content_adaptive_vq_queue_e3_b44_remote\logs\training_20260602_104832.csv","remote_training_log_curated","Remote curated train/eval log after experiment-path filter."
"2026-06-02","I:\","LANCET/LBM","distinct5_512","distinct5_512","512","logs","train_or_eval_log","","","","","","s","","","","","","","log_found","I:\Github\Latent_Style\SchrodingerBridge\exp\distinct5_512_ema_variant_l_content_adaptive_annealed_queue_e3_b44_remote\logs\training_20260602_110907.csv","remote_training_log_curated","Remote curated train/eval log after experiment-path filter."
"2026-06-02","I:\","LANCET/LBM","distinct5_512","distinct5_512","512","logs","train_or_eval_log","","","","","","s","","","","","","","log_found","I:\Github\Latent_Style\SchrodingerBridge\exp\distinct5_512_ema_variant_m_style_gated_content_router_e3_b44_remote\logs\training_20260602_113035.csv","remote_training_log_curated","Remote curated train/eval log after experiment-path filter."
"2026-06-02","I:\","LANCET/LBM","distinct5_512","distinct5_512","512","logs","train_or_eval_log","","","","","","s","","","","","","","log_found","I:\Github\Latent_Style\SchrodingerBridge\exp\_remote_smoke_distinct5_512_ema_baseline_b48_vlen005\logs\training_20260602_031612.csv","remote_training_log_curated","Remote curated train/eval log after experiment-path filter."
"2026-06-02","I:\","LANCET/LBM","distinct5_512","distinct5_512","512","logs","train_or_eval_log","","","","","","s","","","","","","","log_found","I:\Github\Latent_Style\SchrodingerBridge\exp\_remote_smoke_distinct5_512_ema_baseline_b64_vlen005\logs\training_20260602_031454.csv","remote_training_log_curated","Remote curated train/eval log after experiment-path filter."
"2026-06-02","I:\","LANCET/LBM","distinct5_512","distinct5_512","512","logs","train_or_eval_log","","","","","","s","","","","","","","log_found","I:\Github\Latent_Style\SchrodingerBridge\exp\_remote_smoke_distinct5_512_ema_baseline_b80_vlen005\logs\training_20260602_031333.csv","remote_training_log_curated","Remote curated train/eval log after experiment-path filter."
"2026-06-01","I:\","LANCET/LBM","distinct5_512","distinct5_512","","logs","train_or_eval_log","","","","","","s","","","","","","","log_found","I:\Github\Latent_Style_TokenizerClean\SchrodingerBridge\exp\wikiart_distinct5_ema_lancet_spectralstat_e2_b80\logs\training_20260601_133916.csv","remote_training_log_curated","Remote curated train/eval log after experiment-path filter."
"2026-06-01","I:\","LANCET/LBM","distinct5_512","distinct5_512","","logs","train_or_eval_log","","","","","","s","","","","","","","log_found","I:\Github\Latent_Style_TokenizerClean\SchrodingerBridge\exp\wikiart_distinct5_ema_lancet_spectralstat_from_e16_e24_b48\logs\training_20260601_155440.csv","remote_training_log_curated","Remote curated train/eval log after experiment-path filter."
"2026-06-01","I:\","LANCET/LBM","distinct5_512","distinct5_512","","logs","train_or_eval_log","","","","","","s","","","","","","","log_found","I:\Github\Latent_Style_TokenizerClean\SchrodingerBridge\exp\wikiart_distinct5_ema_lancet_spectralstat_from_e2_e8_b64\logs\training_20260601_142533.csv","remote_training_log_curated","Remote curated train/eval log after experiment-path filter."
"2026-06-01","I:\","LANCET/LBM","distinct5_512","distinct5_512","","logs","train_or_eval_log","","","","","","s","","","","","","","log_found","I:\Github\Latent_Style_TokenizerClean\SchrodingerBridge\exp\wikiart_distinct5_ema_lancet_spectralstat_from_e8_e16_b48\logs\training_20260601_152448.csv","remote_training_log_curated","Remote curated train/eval log after experiment-path filter."
"2026-06-01","I:\","LANCET/LBM","distinct5_512","distinct5_512","","logs","train_or_eval_log","","","","","","s","","","","","","","log_found","I:\Github\Latent_Style_TokenizerClean\SchrodingerBridge\exp\wikiart_distinct5_ema_lancet_spectralstat_from_e8_e16_b56\logs\training_20260601_151943.csv","remote_training_log_curated","Remote curated train/eval log after experiment-path filter."
"2026-06-01","I:\","SaMAM","distinct5_512","distinct5_512","512","samam_distinct5_512_mamba_b1_20k_remote_wsl_20260601_1830","train_or_eval_log","","","","","","s","","","","","","","log_found","I:\Github\Latent_Style\Related_Works\baseline_pipeline\results\samam_distinct5_512_mamba_b1_20k_remote_wsl_20260601_1830\train.log","remote_training_log_curated","Remote curated train/eval log after experiment-path filter."
"2026-06-01","I:\","SaMAM","distinct5_512","distinct5_512","512","samam_distinct5_512_mamba_b1_20k_remote_wsl_20260601_1830b","train_or_eval_log","","","","","","s","","","","","","","log_found","I:\Github\Latent_Style\Related_Works\baseline_pipeline\results\samam_distinct5_512_mamba_b1_20k_remote_wsl_20260601_1830b\train.log","remote_training_log_curated","Remote curated train/eval log after experiment-path filter."
"2026-06-01","I:\","SaMAM","distinct5_512","distinct5_512","512","samam_distinct5_512_mamba_b6_20k_remote_wsl_20260601_1900","train_or_eval_log","","","","","","s","","","","","","","log_found","I:\Github\Latent_Style\Related_Works\baseline_pipeline\results\samam_distinct5_512_mamba_b6_20k_remote_wsl_20260601_1900\train.log","remote_training_log_curated","Remote curated train/eval log after experiment-path filter."
"2026-06-01","I:\","SaMAM","distinct5_512","distinct5_512","512","samam_distinct5_512_mamba_b8_20k_remote_wsl_20260601_1850","train_or_eval_log","","","","","","s","","","","","","","log_found","I:\Github\Latent_Style\Related_Works\baseline_pipeline\results\samam_distinct5_512_mamba_b8_20k_remote_wsl_20260601_1850\train.log","remote_training_log_curated","Remote curated train/eval log after experiment-path filter."
"2026-06-01","I:\","SaMAM","distinct5_512","distinct5_512","512","samam_distinct5_512_mamba_b8_20k_remote_wsl_20260601_1910","train_or_eval_log","","","","","","s","","","","","","","log_found","I:\Github\Latent_Style\Related_Works\baseline_pipeline\results\samam_distinct5_512_mamba_b8_20k_remote_wsl_20260601_1910\train.log","remote_training_log_curated","Remote curated train/eval log after experiment-path filter."
"2026-06-01","I:\","SaMAM","distinct5_512","distinct5_512","","b10","train_or_eval_log","","","","","","s","","","","","","","log_found","I:\Github\Latent_Style\Related_Works\baseline_pipeline\results\samam_distinct5_remote_wsl_batch_probe_20260601_1840\b10\train.log","remote_training_log_curated","Remote curated train/eval log after experiment-path filter."
"2026-06-01","I:\","SaMAM","distinct5_512","distinct5_512","","b2","train_or_eval_log","","","","","","s","","","","","","","log_found","I:\Github\Latent_Style\Related_Works\baseline_pipeline\results\samam_distinct5_remote_wsl_batch_probe_20260601_1840\b2\train.log","remote_training_log_curated","Remote curated train/eval log after experiment-path filter."
"2026-06-01","I:\","SaMAM","distinct5_512","distinct5_512","","b3","train_or_eval_log","","","","","","s","","","","","","","log_found","I:\Github\Latent_Style\Related_Works\baseline_pipeline\results\samam_distinct5_remote_wsl_batch_probe_20260601_1840\b3\train.log","remote_training_log_curated","Remote curated train/eval log after experiment-path filter."
"2026-06-01","I:\","SaMAM","distinct5_512","distinct5_512","","b4","train_or_eval_log","","","","","","s","","","","","","","log_found","I:\Github\Latent_Style\Related_Works\baseline_pipeline\results\samam_distinct5_remote_wsl_batch_probe_20260601_1840\b4\train.log","remote_training_log_curated","Remote curated train/eval log after experiment-path filter."
"2026-06-01","I:\","SaMAM","distinct5_512","distinct5_512","","b6","train_or_eval_log","","","","","","s","","","","","","","log_found","I:\Github\Latent_Style\Related_Works\baseline_pipeline\results\samam_distinct5_remote_wsl_batch_probe_20260601_1840\b6\train.log","remote_training_log_curated","Remote curated train/eval log after experiment-path filter."
"2026-06-01","I:\","SaMAM","distinct5_512","distinct5_512","","b8","train_or_eval_log","","","","","","s","","","","","","","log_found","I:\Github\Latent_Style\Related_Works\baseline_pipeline\results\samam_distinct5_remote_wsl_batch_probe_20260601_1840\b8\train.log","remote_training_log_curated","Remote curated train/eval log after experiment-path filter."
"2026-06-04","I:\","SaMAM","distinct5_512","distinct5_512","512","step_002500_artfid_reuse","train_or_eval_log","","","","","","s","","","","","","","log_found","I:\Github\Latent_Style\Related_Works\baseline_pipeline\results\samam_distinct5_512_mamba_b6_seg250_remote_wsl_20260601_2130_diag\eval_curve\step_002500_artfid_reuse\eval.log","remote_training_log_curated","Remote curated train/eval log after experiment-path filter."
"2026-06-03","I:\","SaMAM","distinct5_512","distinct5_512","512","step_003000_artfid_reuse","train_or_eval_log","","","","","","s","","","","","","","log_found","I:\Github\Latent_Style\Related_Works\baseline_pipeline\results\samam_distinct5_512_mamba_b6_seg250_remote_wsl_20260601_2130_diag\eval_curve\step_003000_artfid_reuse\eval.log","remote_training_log_curated","Remote curated train/eval log after experiment-path filter."
