experiment_id,k_value,recipe_id,description,balance_target_styles_per_batch,content_weights,target_weights,config_path,run_dir,train_status,train_rc,train_time_sec,eval_status,eval_rc,eval_time_sec
K1_r00_balanced_default,1.0,R00_balanced_default,Original balanced target sampler from base config.,True,,,G:\GitHub\Latent_Style\SchrodingerBridge\weight_sweep_40\configs\K1_r00_balanced_default.json,G:\GitHub\Latent_Style\SchrodingerBridge\weight_sweep_40\K1_r00_balanced_default,ok,0,338.373,ok,0,849.335
K1_r01_uniform_unbalanced,1.0,R01_uniform_unbalanced,"Uniform content and target weights, unbalanced sampler.",False,"1,1,1,1,1","1,1,1,1,1",G:\GitHub\Latent_Style\SchrodingerBridge\weight_sweep_40\configs\K1_r01_uniform_unbalanced.json,G:\GitHub\Latent_Style\SchrodingerBridge\weight_sweep_40\K1_r01_uniform_unbalanced,ok,0,354.376,ok,0,525.732
K1_r02_prev_manual,1.0,R02_prev_manual,Previous manual recipe: more photo/Hayao content and Hayao/art target.,False,"1.35,1.25,0.85,0.85,0.85","0.8,1.35,1.05,1.05,1.05",G:\GitHub\Latent_Style\SchrodingerBridge\weight_sweep_40\configs\K1_r02_prev_manual.json,G:\GitHub\Latent_Style\SchrodingerBridge\weight_sweep_40\K1_r02_prev_manual,ok,0,339.615,ok,0,474.443
K1_r03_hayao_strong,1.0,R03_hayao_strong,Strong Hayao target pressure.,False,"1.3,1.4,0.85,0.85,0.85","0.75,1.7,1,1,1",G:\GitHub\Latent_Style\SchrodingerBridge\weight_sweep_40\configs\K1_r03_hayao_strong.json,G:\GitHub\Latent_Style\SchrodingerBridge\weight_sweep_40\K1_r03_hayao_strong,ok,0,339.733,ok,0,479.672
K1_r04_cezanne_strong,1.0,R04_cezanne_strong,Repair Cezanne style drop by target emphasis.,False,"1.35,1.05,0.85,0.85,1.25","0.75,1.1,1,1,1.6",G:\GitHub\Latent_Style\SchrodingerBridge\weight_sweep_40\configs\K1_r04_cezanne_strong.json,G:\GitHub\Latent_Style\SchrodingerBridge\weight_sweep_40\K1_r04_cezanne_strong,ok,0,338.748,ok,0,474.96
K1_r05_vangogh_strong,1.0,R05_vangogh_strong,Van Gogh target emphasis.,False,"1.35,1.05,0.85,1.25,0.85","0.75,1.1,1,1.6,1",G:\GitHub\Latent_Style\SchrodingerBridge\weight_sweep_40\configs\K1_r05_vangogh_strong.json,G:\GitHub\Latent_Style\SchrodingerBridge\weight_sweep_40\K1_r05_vangogh_strong,ok,0,337.677,ok,0,476.84
K1_r06_monet_strong,1.0,R06_monet_strong,Monet target emphasis.,False,"1.35,1.05,1.25,0.85,0.85","0.75,1.1,1.6,1,1",G:\GitHub\Latent_Style\SchrodingerBridge\weight_sweep_40\configs\K1_r06_monet_strong.json,G:\GitHub\Latent_Style\SchrodingerBridge\weight_sweep_40\K1_r06_monet_strong,ok,0,338.94,ok,0,482.632
K1_r07_art_balanced,1.0,R07_art_balanced,"All art targets boosted equally, photo target suppressed.",False,"1.4,1,0.9,0.9,0.9","0.7,1.2,1.2,1.2,1.2",G:\GitHub\Latent_Style\SchrodingerBridge\weight_sweep_40\configs\K1_r07_art_balanced.json,G:\GitHub\Latent_Style\SchrodingerBridge\weight_sweep_40\K1_r07_art_balanced,ok,0,339.796,ok,0,477.98
K1_r08_photo_content_high,1.0,R08_photo_content_high,"Content-heavy recipe: frequent photo content, moderate art target.",False,"1.8,1.1,0.75,0.75,0.75","0.7,1.2,1.2,1.2,1.2",G:\GitHub\Latent_Style\SchrodingerBridge\weight_sweep_40\configs\K1_r08_photo_content_high.json,G:\GitHub\Latent_Style\SchrodingerBridge\weight_sweep_40\K1_r08_photo_content_high,ok,0,339.184,ok,0,484.209
K1_r09_photo_content_low,1.0,R09_photo_content_low,Less photo as content; stress art-to-art content retention.,False,"0.9,1.2,1.1,1.1,1.1","0.7,1.25,1.25,1.25,1.25",G:\GitHub\Latent_Style\SchrodingerBridge\weight_sweep_40\configs\K1_r09_photo_content_low.json,G:\GitHub\Latent_Style\SchrodingerBridge\weight_sweep_40\K1_r09_photo_content_low,ok,0,337.556,ok,0,471.91
K1_r10_no_photo_target,1.0,R10_no_photo_target,Nearly remove photo target to focus transfer style.,False,"1.5,1.1,0.9,0.9,0.9","0.3,1.35,1.35,1.35,1.35",G:\GitHub\Latent_Style\SchrodingerBridge\weight_sweep_40\configs\K1_r10_no_photo_target.json,G:\GitHub\Latent_Style\SchrodingerBridge\weight_sweep_40\K1_r10_no_photo_target,ok,0,339.826,ok,0,477.397
K1_r11_photo_target_some,1.0,R11_photo_target_some,Keep more photo target for identity/content stability.,False,"1.5,1.1,0.9,0.9,0.9","1,1.2,1.2,1.2,1.2",G:\GitHub\Latent_Style\SchrodingerBridge\weight_sweep_40\configs\K1_r11_photo_target_some.json,G:\GitHub\Latent_Style\SchrodingerBridge\weight_sweep_40\K1_r11_photo_target_some,ok,0,340.289,ok,0,476.912
K1_r12_hayao_cezanne,1.0,R12_hayao_cezanne,Joint Hayao plus Cezanne target repair.,False,"1.35,1.25,0.8,0.8,1.1","0.65,1.45,1,1,1.45",G:\GitHub\Latent_Style\SchrodingerBridge\weight_sweep_40\configs\K1_r12_hayao_cezanne.json,G:\GitHub\Latent_Style\SchrodingerBridge\weight_sweep_40\K1_r12_hayao_cezanne,ok,0,338.107,ok,0,477.676
K1_r13_monet_vangogh,1.0,R13_monet_vangogh,Joint Monet plus Van Gogh target pressure.,False,"1.35,1.05,1.1,1.1,0.8","0.65,1.1,1.45,1.45,1",G:\GitHub\Latent_Style\SchrodingerBridge\weight_sweep_40\configs\K1_r13_monet_vangogh.json,G:\GitHub\Latent_Style\SchrodingerBridge\weight_sweep_40\K1_r13_monet_vangogh,ok,0,338.835,ok,0,472.546
K1_r14_soft_art,1.0,R14_soft_art,Soft version of art target emphasis.,False,"1.25,1.1,0.95,0.95,0.95","0.85,1.15,1.15,1.15,1.15",G:\GitHub\Latent_Style\SchrodingerBridge\weight_sweep_40\configs\K1_r14_soft_art.json,G:\GitHub\Latent_Style\SchrodingerBridge\weight_sweep_40\K1_r14_soft_art,ok,0,338.327,ok,0,475.828
K1_r15_hard_art,1.0,R15_hard_art,Hard version of art target emphasis.,False,"1.6,1.1,0.75,0.75,0.75","0.45,1.45,1.45,1.45,1.45",G:\GitHub\Latent_Style\SchrodingerBridge\weight_sweep_40\configs\K1_r15_hard_art.json,G:\GitHub\Latent_Style\SchrodingerBridge\weight_sweep_40\K1_r15_hard_art,ok,0,338.93,ok,0,475.847
K1_r16_photo_hayao_content_art_target,1.0,R16_photo_hayao_content_art_target,Photo/Hayao content anchors with uniform art target pressure.,False,"1.55,1.35,0.75,0.75,0.75","0.6,1.25,1.25,1.25,1.25",G:\GitHub\Latent_Style\SchrodingerBridge\weight_sweep_40\configs\K1_r16_photo_hayao_content_art_target.json,G:\GitHub\Latent_Style\SchrodingerBridge\weight_sweep_40\K1_r16_photo_hayao_content_art_target,ok,0,338.195,ok,0,528.227
K1_r17_art_content_art_target,1.0,R17_art_content_art_target,More art content and more art target; less photo dominance.,False,"0.85,1.15,1.15,1.15,1.15","0.55,1.3,1.3,1.3,1.3",G:\GitHub\Latent_Style\SchrodingerBridge\weight_sweep_40\configs\K1_r17_art_content_art_target.json,G:\GitHub\Latent_Style\SchrodingerBridge\weight_sweep_40\K1_r17_art_content_art_target,ok,0,347.893,ok,0,549.675
K1_r18_cezanne_fix_prev,1.0,R18_cezanne_fix_prev,Previous manual recipe plus extra Cezanne target.,False,"1.35,1.25,0.85,0.85,0.95","0.75,1.3,1.05,1.05,1.45",G:\GitHub\Latent_Style\SchrodingerBridge\weight_sweep_40\configs\K1_r18_cezanne_fix_prev.json,G:\GitHub\Latent_Style\SchrodingerBridge\weight_sweep_40\K1_r18_cezanne_fix_prev,ok,0,392.555,ok,0,500.579
K1_r19_hayao_fix_prev,1.0,R19_hayao_fix_prev,Previous manual recipe plus extra Hayao target.,False,"1.35,1.35,0.8,0.8,0.8","0.75,1.6,1,1,1",G:\GitHub\Latent_Style\SchrodingerBridge\weight_sweep_40\configs\K1_r19_hayao_fix_prev.json,G:\GitHub\Latent_Style\SchrodingerBridge\weight_sweep_40\K1_r19_hayao_fix_prev,ok,0,348.894,ok,0,505.903
K2_r00_balanced_default,2.0,R00_balanced_default,Original balanced target sampler from base config.,True,,,G:\GitHub\Latent_Style\SchrodingerBridge\weight_sweep_40\configs\K2_r00_balanced_default.json,G:\GitHub\Latent_Style\SchrodingerBridge\weight_sweep_40\K2_r00_balanced_default,ok,0,347.393,ok,0,492.62
K2_r01_uniform_unbalanced,2.0,R01_uniform_unbalanced,"Uniform content and target weights, unbalanced sampler.",False,"1,1,1,1,1","1,1,1,1,1",G:\GitHub\Latent_Style\SchrodingerBridge\weight_sweep_40\configs\K2_r01_uniform_unbalanced.json,G:\GitHub\Latent_Style\SchrodingerBridge\weight_sweep_40\K2_r01_uniform_unbalanced,ok,0,337.107,ok,0,498.011
K2_r02_prev_manual,2.0,R02_prev_manual,Previous manual recipe: more photo/Hayao content and Hayao/art target.,False,"1.35,1.25,0.85,0.85,0.85","0.8,1.35,1.05,1.05,1.05",G:\GitHub\Latent_Style\SchrodingerBridge\weight_sweep_40\configs\K2_r02_prev_manual.json,G:\GitHub\Latent_Style\SchrodingerBridge\weight_sweep_40\K2_r02_prev_manual,ok,0,349.368,ok,0,523.079
K2_r03_hayao_strong,2.0,R03_hayao_strong,Strong Hayao target pressure.,False,"1.3,1.4,0.85,0.85,0.85","0.75,1.7,1,1,1",G:\GitHub\Latent_Style\SchrodingerBridge\weight_sweep_40\configs\K2_r03_hayao_strong.json,G:\GitHub\Latent_Style\SchrodingerBridge\weight_sweep_40\K2_r03_hayao_strong,ok,0,345.661,ok,0,518.903
K2_r04_cezanne_strong,2.0,R04_cezanne_strong,Repair Cezanne style drop by target emphasis.,False,"1.35,1.05,0.85,0.85,1.25","0.75,1.1,1,1,1.6",G:\GitHub\Latent_Style\SchrodingerBridge\weight_sweep_40\configs\K2_r04_cezanne_strong.json,G:\GitHub\Latent_Style\SchrodingerBridge\weight_sweep_40\K2_r04_cezanne_strong,ok,0,351.377,ok,0,516.927
K2_r05_vangogh_strong,2.0,R05_vangogh_strong,Van Gogh target emphasis.,False,"1.35,1.05,0.85,1.25,0.85","0.75,1.1,1,1.6,1",G:\GitHub\Latent_Style\SchrodingerBridge\weight_sweep_40\configs\K2_r05_vangogh_strong.json,G:\GitHub\Latent_Style\SchrodingerBridge\weight_sweep_40\K2_r05_vangogh_strong,ok,0,349.766,ok,0,522.345
K2_r06_monet_strong,2.0,R06_monet_strong,Monet target emphasis.,False,"1.35,1.05,1.25,0.85,0.85","0.75,1.1,1.6,1,1",G:\GitHub\Latent_Style\SchrodingerBridge\weight_sweep_40\configs\K2_r06_monet_strong.json,G:\GitHub\Latent_Style\SchrodingerBridge\weight_sweep_40\K2_r06_monet_strong,ok,0,349.67,ok,0,540.596
K2_r07_art_balanced,2.0,R07_art_balanced,"All art targets boosted equally, photo target suppressed.",False,"1.4,1,0.9,0.9,0.9","0.7,1.2,1.2,1.2,1.2",G:\GitHub\Latent_Style\SchrodingerBridge\weight_sweep_40\configs\K2_r07_art_balanced.json,G:\GitHub\Latent_Style\SchrodingerBridge\weight_sweep_40\K2_r07_art_balanced,ok,0,350.005,ok,0,548.427
K2_r08_photo_content_high,2.0,R08_photo_content_high,"Content-heavy recipe: frequent photo content, moderate art target.",False,"1.8,1.1,0.75,0.75,0.75","0.7,1.2,1.2,1.2,1.2",G:\GitHub\Latent_Style\SchrodingerBridge\weight_sweep_40\configs\K2_r08_photo_content_high.json,G:\GitHub\Latent_Style\SchrodingerBridge\weight_sweep_40\K2_r08_photo_content_high,ok,0,347.934,ok,0,516.512
K2_r09_photo_content_low,2.0,R09_photo_content_low,Less photo as content; stress art-to-art content retention.,False,"0.9,1.2,1.1,1.1,1.1","0.7,1.25,1.25,1.25,1.25",G:\GitHub\Latent_Style\SchrodingerBridge\weight_sweep_40\configs\K2_r09_photo_content_low.json,G:\GitHub\Latent_Style\SchrodingerBridge\weight_sweep_40\K2_r09_photo_content_low,ok,0,348.644,ok,0,508.0
K2_r10_no_photo_target,2.0,R10_no_photo_target,Nearly remove photo target to focus transfer style.,False,"1.5,1.1,0.9,0.9,0.9","0.3,1.35,1.35,1.35,1.35",G:\GitHub\Latent_Style\SchrodingerBridge\weight_sweep_40\configs\K2_r10_no_photo_target.json,G:\GitHub\Latent_Style\SchrodingerBridge\weight_sweep_40\K2_r10_no_photo_target,ok,0,350.123,ok,0,511.309
K2_r11_photo_target_some,2.0,R11_photo_target_some,Keep more photo target for identity/content stability.,False,"1.5,1.1,0.9,0.9,0.9","1,1.2,1.2,1.2,1.2",G:\GitHub\Latent_Style\SchrodingerBridge\weight_sweep_40\configs\K2_r11_photo_target_some.json,G:\GitHub\Latent_Style\SchrodingerBridge\weight_sweep_40\K2_r11_photo_target_some,ok,0,348.114,ok,0,533.114
K2_r12_hayao_cezanne,2.0,R12_hayao_cezanne,Joint Hayao plus Cezanne target repair.,False,"1.35,1.25,0.8,0.8,1.1","0.65,1.45,1,1,1.45",G:\GitHub\Latent_Style\SchrodingerBridge\weight_sweep_40\configs\K2_r12_hayao_cezanne.json,G:\GitHub\Latent_Style\SchrodingerBridge\weight_sweep_40\K2_r12_hayao_cezanne,ok,0,349.082,ok,0,643.237
K2_r13_monet_vangogh,2.0,R13_monet_vangogh,Joint Monet plus Van Gogh target pressure.,False,"1.35,1.05,1.1,1.1,0.8","0.65,1.1,1.45,1.45,1",G:\GitHub\Latent_Style\SchrodingerBridge\weight_sweep_40\configs\K2_r13_monet_vangogh.json,G:\GitHub\Latent_Style\SchrodingerBridge\weight_sweep_40\K2_r13_monet_vangogh,ok,0,351.369,ok,0,523.786
K2_r14_soft_art,2.0,R14_soft_art,Soft version of art target emphasis.,False,"1.25,1.1,0.95,0.95,0.95","0.85,1.15,1.15,1.15,1.15",G:\GitHub\Latent_Style\SchrodingerBridge\weight_sweep_40\configs\K2_r14_soft_art.json,G:\GitHub\Latent_Style\SchrodingerBridge\weight_sweep_40\K2_r14_soft_art,ok,0,348.502,ok,0,563.352
K2_r15_hard_art,2.0,R15_hard_art,Hard version of art target emphasis.,False,"1.6,1.1,0.75,0.75,0.75","0.45,1.45,1.45,1.45,1.45",G:\GitHub\Latent_Style\SchrodingerBridge\weight_sweep_40\configs\K2_r15_hard_art.json,G:\GitHub\Latent_Style\SchrodingerBridge\weight_sweep_40\K2_r15_hard_art,ok,0,339.431,ok,0,506.506
K2_r16_photo_hayao_content_art_target,2.0,R16_photo_hayao_content_art_target,Photo/Hayao content anchors with uniform art target pressure.,False,"1.55,1.35,0.75,0.75,0.75","0.6,1.25,1.25,1.25,1.25",G:\GitHub\Latent_Style\SchrodingerBridge\weight_sweep_40\configs\K2_r16_photo_hayao_content_art_target.json,G:\GitHub\Latent_Style\SchrodingerBridge\weight_sweep_40\K2_r16_photo_hayao_content_art_target,ok,0,338.329,ok,0,575.955
K2_r17_art_content_art_target,2.0,R17_art_content_art_target,More art content and more art target; less photo dominance.,False,"0.85,1.15,1.15,1.15,1.15","0.55,1.3,1.3,1.3,1.3",G:\GitHub\Latent_Style\SchrodingerBridge\weight_sweep_40\configs\K2_r17_art_content_art_target.json,G:\GitHub\Latent_Style\SchrodingerBridge\weight_sweep_40\K2_r17_art_content_art_target,ok,0,359.407,ok,0,513.419
K2_r18_cezanne_fix_prev,2.0,R18_cezanne_fix_prev,Previous manual recipe plus extra Cezanne target.,False,"1.35,1.25,0.85,0.85,0.95","0.75,1.3,1.05,1.05,1.45",G:\GitHub\Latent_Style\SchrodingerBridge\weight_sweep_40\configs\K2_r18_cezanne_fix_prev.json,G:\GitHub\Latent_Style\SchrodingerBridge\weight_sweep_40\K2_r18_cezanne_fix_prev,ok,0,361.342,ok,0,534.833
K2_r19_hayao_fix_prev,2.0,R19_hayao_fix_prev,Previous manual recipe plus extra Hayao target.,False,"1.35,1.35,0.8,0.8,0.8","0.75,1.6,1,1,1",G:\GitHub\Latent_Style\SchrodingerBridge\weight_sweep_40\configs\K2_r19_hayao_fix_prev.json,G:\GitHub\Latent_Style\SchrodingerBridge\weight_sweep_40\K2_r19_hayao_fix_prev,ok,0,365.426,ok,0,519.637
