src_style,tgt_style,src_image,gen_image,content_lpips,clip_dir,clip_style,clip_content,pred_style,class_correct
Hayao,Hayao,1014.jpg,Hayao_1014_to_Hayao.jpg,0.6809472,0.6083666086196899,0.8586776256561279,0.7758837,Hayao,1
Hayao,cezanne,1014.jpg,Hayao_1014_to_cezanne.jpg,0.76505244,0.8467645645141602,0.8544601202011108,0.5550571,cezanne,1
Hayao,monet,1014.jpg,Hayao_1014_to_monet.jpg,0.8067875,0.7895385026931763,0.7695590853691101,0.48464143,monet,1
Hayao,photo,1014.jpg,Hayao_1014_to_photo.jpg,0.808946,0.8304686546325684,0.8097058534622192,0.40258923,photo,1
Hayao,vangogh,1014.jpg,Hayao_1014_to_vangogh.jpg,0.793133,0.8690986037254333,0.8710871338844299,0.50425583,vangogh,1
Hayao,Hayao,1060.jpg,Hayao_1060_to_Hayao.jpg,0.67302,0.649562656879425,0.8580559492111206,0.75447863,Hayao,1
Hayao,cezanne,1060.jpg,Hayao_1060_to_cezanne.jpg,0.77431965,0.8407539129257202,0.8469908833503723,0.52726394,vangogh,0
Hayao,monet,1060.jpg,Hayao_1060_to_monet.jpg,0.76313305,0.8049205541610718,0.7859249114990234,0.4528739,monet,1
Hayao,photo,1060.jpg,Hayao_1060_to_photo.jpg,0.7710345,0.765231728553772,0.7674760222434998,0.49185055,photo,1
Hayao,vangogh,1060.jpg,Hayao_1060_to_vangogh.jpg,0.78344405,0.8926159143447876,0.8909885883331299,0.4774728,vangogh,1
Hayao,Hayao,1090.jpg,Hayao_1090_to_Hayao.jpg,0.71802807,0.6655819416046143,0.7964956760406494,0.63514036,Hayao,1
Hayao,cezanne,1090.jpg,Hayao_1090_to_cezanne.jpg,0.7484034,0.8578444123268127,0.8514034152030945,0.4798038,cezanne,1
Hayao,monet,1090.jpg,Hayao_1090_to_monet.jpg,0.764104,0.8893032073974609,0.8725619316101074,0.4292721,monet,1
Hayao,photo,1090.jpg,Hayao_1090_to_photo.jpg,0.76264757,0.8379468321800232,0.820689857006073,0.42322472,photo,1
Hayao,vangogh,1090.jpg,Hayao_1090_to_vangogh.jpg,0.7273326,0.921352744102478,0.9167064428329468,0.45930958,vangogh,1
Hayao,Hayao,1135.jpg,Hayao_1135_to_Hayao.jpg,0.7899355,0.6598899364471436,0.8161065578460693,0.6765177,Hayao,1
Hayao,cezanne,1135.jpg,Hayao_1135_to_cezanne.jpg,0.82343507,0.8792142868041992,0.8783762454986572,0.485809,cezanne,1
Hayao,monet,1135.jpg,Hayao_1135_to_monet.jpg,0.848778,0.8636928796768188,0.8463029861450195,0.43052334,monet,1
Hayao,photo,1135.jpg,Hayao_1135_to_photo.jpg,0.84424716,0.7756386995315552,0.7658164501190186,0.47784877,photo,1
Hayao,vangogh,1135.jpg,Hayao_1135_to_vangogh.jpg,0.8217139,0.8991070985794067,0.8967089653015137,0.4669894,vangogh,1
Hayao,Hayao,1177.jpg,Hayao_1177_to_Hayao.jpg,0.6775421,0.7197490930557251,0.7728013396263123,0.59858537,Hayao,1
Hayao,cezanne,1177.jpg,Hayao_1177_to_cezanne.jpg,0.72308624,0.7613705396652222,0.8078063726425171,0.5798322,vangogh,0
Hayao,monet,1177.jpg,Hayao_1177_to_monet.jpg,0.7336024,0.7619062662124634,0.8243907690048218,0.6268594,monet,1
Hayao,photo,1177.jpg,Hayao_1177_to_photo.jpg,0.751629,0.6577696800231934,0.7893835306167603,0.6734061,photo,1
Hayao,vangogh,1177.jpg,Hayao_1177_to_vangogh.jpg,0.71977144,0.877898633480072,0.9049645066261292,0.60959786,vangogh,1
Hayao,Hayao,1210.jpg,Hayao_1210_to_Hayao.jpg,0.7147523,0.7149442434310913,0.8614317774772644,0.72530186,Hayao,1
Hayao,cezanne,1210.jpg,Hayao_1210_to_cezanne.jpg,0.75426054,0.7687295079231262,0.8315209150314331,0.62815464,cezanne,1
Hayao,monet,1210.jpg,Hayao_1210_to_monet.jpg,0.7302646,0.8383174538612366,0.8738188743591309,0.5899047,monet,1
Hayao,photo,1210.jpg,Hayao_1210_to_photo.jpg,0.7385955,0.6960543394088745,0.760501503944397,0.5730229,photo,1
Hayao,vangogh,1210.jpg,Hayao_1210_to_vangogh.jpg,0.73267597,0.8062631487846375,0.8592301607131958,0.6304796,vangogh,1
Hayao,Hayao,1238.jpg,Hayao_1238_to_Hayao.jpg,0.70322585,0.5176054835319519,0.7445986270904541,0.6575969,Hayao,1
Hayao,cezanne,1238.jpg,Hayao_1238_to_cezanne.jpg,0.80532026,0.8628376722335815,0.8697018027305603,0.51349276,vangogh,0
Hayao,monet,1238.jpg,Hayao_1238_to_monet.jpg,0.8318987,0.7817846536636353,0.7916743159294128,0.5583032,monet,1
Hayao,photo,1238.jpg,Hayao_1238_to_photo.jpg,0.8100879,0.7872361540794373,0.8017607927322388,0.5262104,photo,1
Hayao,vangogh,1238.jpg,Hayao_1238_to_vangogh.jpg,0.8439463,0.7744091749191284,0.7983428239822388,0.5445907,vangogh,1
Hayao,Hayao,1251.jpg,Hayao_1251_to_Hayao.jpg,0.6864369,0.7127572894096375,0.8470524549484253,0.69275224,Hayao,1
Hayao,cezanne,1251.jpg,Hayao_1251_to_cezanne.jpg,0.79700696,0.8590138554573059,0.8630763292312622,0.5090842,cezanne,1
Hayao,monet,1251.jpg,Hayao_1251_to_monet.jpg,0.82664347,0.806462287902832,0.8000167608261108,0.49112758,monet,1
Hayao,photo,1251.jpg,Hayao_1251_to_photo.jpg,0.8391015,0.706287145614624,0.7088690996170044,0.50619006,photo,1
Hayao,vangogh,1251.jpg,Hayao_1251_to_vangogh.jpg,0.8255223,0.8639229536056519,0.8695549964904785,0.50784713,vangogh,1
Hayao,Hayao,1285.jpg,Hayao_1285_to_Hayao.jpg,0.72643155,0.6239895224571228,0.7633944749832153,0.61256254,Hayao,1
Hayao,cezanne,1285.jpg,Hayao_1285_to_cezanne.jpg,0.7761558,0.9005138874053955,0.8871042728424072,0.41754743,cezanne,1
Hayao,monet,1285.jpg,Hayao_1285_to_monet.jpg,0.7920633,0.845362663269043,0.8210472464561462,0.4443244,monet,1
Hayao,photo,1285.jpg,Hayao_1285_to_photo.jpg,0.7795905,0.7429189682006836,0.7423703074455261,0.5059278,photo,1
Hayao,vangogh,1285.jpg,Hayao_1285_to_vangogh.jpg,0.7754903,0.9020999670028687,0.8920605778694153,0.4391824,vangogh,1
Hayao,Hayao,1313.jpg,Hayao_1313_to_Hayao.jpg,0.7410896,0.6757658123970032,0.8578592538833618,0.74418026,Hayao,1
Hayao,cezanne,1313.jpg,Hayao_1313_to_cezanne.jpg,0.8203198,0.8980527520179749,0.8951758742332458,0.46758533,cezanne,1
Hayao,monet,1313.jpg,Hayao_1313_to_monet.jpg,0.8258941,0.8680166006088257,0.8572667837142944,0.45165616,monet,1
Hayao,photo,1313.jpg,Hayao_1313_to_photo.jpg,0.8457892,0.7196996212005615,0.7186542749404907,0.48497647,photo,1
Hayao,vangogh,1313.jpg,Hayao_1313_to_vangogh.jpg,0.7984663,0.80497807264328,0.8146231174468994,0.5116225,vangogh,1
Hayao,Hayao,1375.jpg,Hayao_1375_to_Hayao.jpg,0.66030693,0.6618856191635132,0.7935779094696045,0.63264054,Hayao,1
Hayao,cezanne,1375.jpg,Hayao_1375_to_cezanne.jpg,0.7373849,0.8718953132629395,0.8613393306732178,0.45728067,cezanne,1
Hayao,monet,1375.jpg,Hayao_1375_to_monet.jpg,0.73086,0.8672475814819336,0.8457958698272705,0.42979038,monet,1
Hayao,photo,1375.jpg,Hayao_1375_to_photo.jpg,0.7530805,0.7994392514228821,0.7675668001174927,0.4191726,photo,1
Hayao,vangogh,1375.jpg,Hayao_1375_to_vangogh.jpg,0.7831364,0.8866234421730042,0.8790324926376343,0.45312732,vangogh,1
Hayao,Hayao,1380.jpg,Hayao_1380_to_Hayao.jpg,0.68925107,0.6336748003959656,0.7941758632659912,0.7063447,Hayao,1
Hayao,cezanne,1380.jpg,Hayao_1380_to_cezanne.jpg,0.77590656,0.8048728704452515,0.8267275094985962,0.5678453,cezanne,1
Hayao,monet,1380.jpg,Hayao_1380_to_monet.jpg,0.6888494,0.8499487042427063,0.8587890267372131,0.5344437,monet,1
Hayao,photo,1380.jpg,Hayao_1380_to_photo.jpg,0.6934984,0.6747820377349854,0.7411491274833679,0.5984788,photo,1
Hayao,vangogh,1380.jpg,Hayao_1380_to_vangogh.jpg,0.7600319,0.8436552286148071,0.8684726357460022,0.63446134,vangogh,1
Hayao,Hayao,1576.jpg,Hayao_1576_to_Hayao.jpg,0.66234636,0.7155587077140808,0.861124575138092,0.7364147,Hayao,1
Hayao,cezanne,1576.jpg,Hayao_1576_to_cezanne.jpg,0.71266824,0.734647274017334,0.8099721670150757,0.6562068,vangogh,0
Hayao,monet,1576.jpg,Hayao_1576_to_monet.jpg,0.7595755,0.8240190744400024,0.8593071103096008,0.62517154,monet,1
Hayao,photo,1576.jpg,Hayao_1576_to_photo.jpg,0.75554943,0.7793511152267456,0.8124661445617676,0.54954195,photo,1
Hayao,vangogh,1576.jpg,Hayao_1576_to_vangogh.jpg,0.71287364,0.7551825642585754,0.8297804594039917,0.6662078,vangogh,1
Hayao,Hayao,1692.jpg,Hayao_1692_to_Hayao.jpg,0.6868793,0.7115350961685181,0.8272843956947327,0.652886,Hayao,1
Hayao,cezanne,1692.jpg,Hayao_1692_to_cezanne.jpg,0.76931596,0.8123522996902466,0.8084473013877869,0.5085108,vangogh,0
Hayao,monet,1692.jpg,Hayao_1692_to_monet.jpg,0.81487036,0.8507022857666016,0.8318883180618286,0.46985173,monet,1
Hayao,photo,1692.jpg,Hayao_1692_to_photo.jpg,0.8462166,0.7644169330596924,0.7473007440567017,0.46273813,photo,1
Hayao,vangogh,1692.jpg,Hayao_1692_to_vangogh.jpg,0.78806365,0.8336778879165649,0.82961106300354,0.47649285,vangogh,1
Hayao,Hayao,1734.jpg,Hayao_1734_to_Hayao.jpg,0.7097117,0.665199875831604,0.8264470100402832,0.6913202,Hayao,1
Hayao,cezanne,1734.jpg,Hayao_1734_to_cezanne.jpg,0.7611528,0.8283397555351257,0.8253062963485718,0.49480745,cezanne,1
Hayao,monet,1734.jpg,Hayao_1734_to_monet.jpg,0.7533258,0.7976341247558594,0.7756224274635315,0.45106685,monet,1
Hayao,photo,1734.jpg,Hayao_1734_to_photo.jpg,0.7678504,0.7827268838882446,0.7724955081939697,0.4748441,photo,1
Hayao,vangogh,1734.jpg,Hayao_1734_to_vangogh.jpg,0.79488724,0.8901983499526978,0.890571117401123,0.4886786,vangogh,1
Hayao,Hayao,1779.jpg,Hayao_1779_to_Hayao.jpg,0.6803911,0.5534263253211975,0.7411013841629028,0.6515012,Hayao,1
Hayao,cezanne,1779.jpg,Hayao_1779_to_cezanne.jpg,0.71712065,0.859509289264679,0.8740724921226501,0.5627854,cezanne,1
Hayao,monet,1779.jpg,Hayao_1779_to_monet.jpg,0.7397309,0.8205118179321289,0.8227319717407227,0.5105954,monet,1
Hayao,photo,1779.jpg,Hayao_1779_to_photo.jpg,0.75640583,0.8203307390213013,0.8268145322799683,0.49165553,photo,1
Hayao,vangogh,1779.jpg,Hayao_1779_to_vangogh.jpg,0.74485755,0.8743708729743958,0.8859309554100037,0.5311397,vangogh,1
Hayao,Hayao,1859.jpg,Hayao_1859_to_Hayao.jpg,0.66077316,0.7083410620689392,0.8644325733184814,0.72816753,Hayao,1
Hayao,cezanne,1859.jpg,Hayao_1859_to_cezanne.jpg,0.7279546,0.8070234060287476,0.8038343191146851,0.52504206,vangogh,0
Hayao,monet,1859.jpg,Hayao_1859_to_monet.jpg,0.7275368,0.8371480703353882,0.8134035468101501,0.45564687,monet,1
Hayao,photo,1859.jpg,Hayao_1859_to_photo.jpg,0.72067106,0.8242813348770142,0.8067024350166321,0.4362251,photo,1
Hayao,vangogh,1859.jpg,Hayao_1859_to_vangogh.jpg,0.7163689,0.9102828502655029,0.9074276685714722,0.4819892,vangogh,1
Hayao,Hayao,1865.jpg,Hayao_1865_to_Hayao.jpg,0.6904775,0.4337075352668762,0.8586755990982056,0.85771865,Hayao,1
Hayao,cezanne,1865.jpg,Hayao_1865_to_cezanne.jpg,0.7081032,0.8352084159851074,0.840606689453125,0.5643851,vangogh,0
Hayao,monet,1865.jpg,Hayao_1865_to_monet.jpg,0.81334734,0.7991284132003784,0.7818059921264648,0.5186014,monet,1
Hayao,photo,1865.jpg,Hayao_1865_to_photo.jpg,0.8051715,0.7923597097396851,0.8031606674194336,0.5222376,monet,0
Hayao,vangogh,1865.jpg,Hayao_1865_to_vangogh.jpg,0.7334951,0.8673107624053955,0.8700783252716064,0.53644276,vangogh,1
Hayao,Hayao,33.jpg,Hayao_33_to_Hayao.jpg,0.6668693,0.691906750202179,0.8409104347229004,0.698388,Hayao,1
Hayao,cezanne,33.jpg,Hayao_33_to_cezanne.jpg,0.7128214,0.8648149371147156,0.8589576482772827,0.4707421,cezanne,1
Hayao,monet,33.jpg,Hayao_33_to_monet.jpg,0.72018266,0.8346651792526245,0.8126307725906372,0.4332521,monet,1
Hayao,photo,33.jpg,Hayao_33_to_photo.jpg,0.7091932,0.7811758518218994,0.7682286500930786,0.45844632,photo,1
Hayao,vangogh,33.jpg,Hayao_33_to_vangogh.jpg,0.71668684,0.9310022592544556,0.9274514317512512,0.45720667,vangogh,1
Hayao,Hayao,410.jpg,Hayao_410_to_Hayao.jpg,0.70060736,0.5363806486129761,0.7192955017089844,0.6685721,Hayao,1
Hayao,cezanne,410.jpg,Hayao_410_to_cezanne.jpg,0.7385407,0.8537634611129761,0.8706144094467163,0.5649733,cezanne,1
Hayao,monet,410.jpg,Hayao_410_to_monet.jpg,0.7370594,0.8434680700302124,0.8441715240478516,0.5088419,monet,1
Hayao,photo,410.jpg,Hayao_410_to_photo.jpg,0.6702944,0.7503711581230164,0.7710790038108826,0.5186554,photo,1
Hayao,vangogh,410.jpg,Hayao_410_to_vangogh.jpg,0.7379825,0.8694453239440918,0.8823455572128296,0.56711084,vangogh,1
Hayao,Hayao,509.jpg,Hayao_509_to_Hayao.jpg,0.7156682,0.6654230952262878,0.8131383061408997,0.6651917,Hayao,1
Hayao,cezanne,509.jpg,Hayao_509_to_cezanne.jpg,0.7839707,0.8982589244842529,0.8851081132888794,0.4430766,cezanne,1
Hayao,monet,509.jpg,Hayao_509_to_monet.jpg,0.77704066,0.8916485905647278,0.8687703609466553,0.39308482,monet,1
Hayao,photo,509.jpg,Hayao_509_to_photo.jpg,0.78186655,0.8178147673606873,0.8015879392623901,0.45426503,photo,1
Hayao,vangogh,509.jpg,Hayao_509_to_vangogh.jpg,0.80536205,0.916412889957428,0.9029269218444824,0.3976074,vangogh,1
Hayao,Hayao,514.jpg,Hayao_514_to_Hayao.jpg,0.7031033,0.6919353604316711,0.7880053520202637,0.5941899,Hayao,1
Hayao,cezanne,514.jpg,Hayao_514_to_cezanne.jpg,0.730287,0.8331630229949951,0.8219200372695923,0.47394353,cezanne,1
Hayao,monet,514.jpg,Hayao_514_to_monet.jpg,0.73174834,0.8493839502334595,0.8328545093536377,0.45725393,monet,1
Hayao,photo,514.jpg,Hayao_514_to_photo.jpg,0.75011814,0.7451345324516296,0.7495101094245911,0.5080788,photo,1
Hayao,vangogh,514.jpg,Hayao_514_to_vangogh.jpg,0.73133934,0.9190322756767273,0.9132358431816101,0.45469248,vangogh,1
Hayao,Hayao,548.jpg,Hayao_548_to_Hayao.jpg,0.7538705,0.5729037523269653,0.8224871158599854,0.7649443,Hayao,1
Hayao,cezanne,548.jpg,Hayao_548_to_cezanne.jpg,0.7832676,0.789823055267334,0.8023203015327454,0.53209484,vangogh,0
Hayao,monet,548.jpg,Hayao_548_to_monet.jpg,0.8051628,0.8513296842575073,0.8408477902412415,0.5103513,monet,1
Hayao,photo,548.jpg,Hayao_548_to_photo.jpg,0.817482,0.8034723401069641,0.7910441756248474,0.4627368,photo,1
Hayao,vangogh,548.jpg,Hayao_548_to_vangogh.jpg,0.8335593,0.909563422203064,0.9122347831726074,0.4976331,vangogh,1
Hayao,Hayao,597.jpg,Hayao_597_to_Hayao.jpg,0.67916155,0.5962642431259155,0.8254184126853943,0.7300037,Hayao,1
Hayao,cezanne,597.jpg,Hayao_597_to_cezanne.jpg,0.73981047,0.8593517541885376,0.85389244556427,0.4965974,cezanne,1
Hayao,monet,597.jpg,Hayao_597_to_monet.jpg,0.7673475,0.8660018444061279,0.8435185551643372,0.41569784,monet,1
Hayao,photo,597.jpg,Hayao_597_to_photo.jpg,0.76808393,0.7561141848564148,0.749839723110199,0.47048452,photo,1
Hayao,vangogh,597.jpg,Hayao_597_to_vangogh.jpg,0.7724519,0.9032183885574341,0.8981806635856628,0.46427283,vangogh,1
Hayao,Hayao,620.jpg,Hayao_620_to_Hayao.jpg,0.6710181,0.5395890474319458,0.7836260199546814,0.6949731,Hayao,1
Hayao,cezanne,620.jpg,Hayao_620_to_cezanne.jpg,0.7612971,0.8609747290611267,0.8608197569847107,0.51654565,cezanne,1
Hayao,monet,620.jpg,Hayao_620_to_monet.jpg,0.76886034,0.7866255640983582,0.770246148109436,0.47431076,monet,1
Hayao,photo,620.jpg,Hayao_620_to_photo.jpg,0.75441337,0.8091998100280762,0.8064448833465576,0.47914132,photo,1
Hayao,vangogh,620.jpg,Hayao_620_to_vangogh.jpg,0.7787039,0.9089446663856506,0.9048323631286621,0.46116418,vangogh,1
Hayao,Hayao,688.jpg,Hayao_688_to_Hayao.jpg,0.7114519,0.6445927619934082,0.8127689957618713,0.6801958,Hayao,1
Hayao,cezanne,688.jpg,Hayao_688_to_cezanne.jpg,0.745992,0.8808103799819946,0.884345293045044,0.50632155,cezanne,1
Hayao,monet,688.jpg,Hayao_688_to_monet.jpg,0.8461622,0.846871018409729,0.8356438875198364,0.4703247,monet,1
Hayao,photo,688.jpg,Hayao_688_to_photo.jpg,0.820058,0.7938339114189148,0.7885613441467285,0.47780582,photo,1
Hayao,vangogh,688.jpg,Hayao_688_to_vangogh.jpg,0.7708168,0.8279626369476318,0.8335784673690796,0.505725,vangogh,1
Hayao,Hayao,705.jpg,Hayao_705_to_Hayao.jpg,0.6631655,0.4823665916919708,0.6847492456436157,0.58920985,Hayao,1
Hayao,cezanne,705.jpg,Hayao_705_to_cezanne.jpg,0.7624879,0.81514972448349,0.823810875415802,0.5159564,vangogh,0
Hayao,monet,705.jpg,Hayao_705_to_monet.jpg,0.78980917,0.8452688455581665,0.8395768404006958,0.485694,monet,1
Hayao,photo,705.jpg,Hayao_705_to_photo.jpg,0.79460686,0.756505012512207,0.7699555158615112,0.5094258,photo,1
Hayao,vangogh,705.jpg,Hayao_705_to_vangogh.jpg,0.74639475,0.9213341474533081,0.9245877861976624,0.5056238,vangogh,1
Hayao,Hayao,709.jpg,Hayao_709_to_Hayao.jpg,0.83796304,0.6558692455291748,0.8731188774108887,0.7831883,Hayao,1
Hayao,cezanne,709.jpg,Hayao_709_to_cezanne.jpg,0.86274666,0.7989659309387207,0.8035964965820312,0.5515387,vangogh,0
Hayao,monet,709.jpg,Hayao_709_to_monet.jpg,0.82230604,0.806342601776123,0.791456937789917,0.54492235,monet,1
Hayao,photo,709.jpg,Hayao_709_to_photo.jpg,0.83551306,0.7960633039474487,0.7928799390792847,0.48288292,photo,1
Hayao,vangogh,709.jpg,Hayao_709_to_vangogh.jpg,0.88208246,0.8595840334892273,0.8603452444076538,0.52323246,vangogh,1
Hayao,Hayao,832.jpg,Hayao_832_to_Hayao.jpg,0.7054772,0.64946448802948,0.8111190795898438,0.67407805,Hayao,1
Hayao,cezanne,832.jpg,Hayao_832_to_cezanne.jpg,0.7458431,0.9111661314964294,0.8988170623779297,0.41977167,cezanne,1
Hayao,monet,832.jpg,Hayao_832_to_monet.jpg,0.77006537,0.7920693755149841,0.7644627690315247,0.4509607,monet,1
Hayao,photo,832.jpg,Hayao_832_to_photo.jpg,0.74257445,0.7739719152450562,0.771058201789856,0.49095875,photo,1
Hayao,vangogh,832.jpg,Hayao_832_to_vangogh.jpg,0.7778223,0.8937408924102783,0.8784136772155762,0.40476146,vangogh,1
Hayao,Hayao,859.jpg,Hayao_859_to_Hayao.jpg,0.70612705,0.4667385220527649,0.7181294560432434,0.6415261,Hayao,1
Hayao,cezanne,859.jpg,Hayao_859_to_cezanne.jpg,0.7433976,0.8529692888259888,0.8527567386627197,0.50375634,vangogh,0
Hayao,monet,859.jpg,Hayao_859_to_monet.jpg,0.849425,0.8014122247695923,0.792086124420166,0.5370914,monet,1
Hayao,photo,859.jpg,Hayao_859_to_photo.jpg,0.86443377,0.8622769117355347,0.8652287721633911,0.5226152,photo,1
Hayao,vangogh,859.jpg,Hayao_859_to_vangogh.jpg,0.77742875,0.8877286314964294,0.8828959465026855,0.45755753,vangogh,1
cezanne,Hayao,00063_flip.jpg,cezanne_00063_flip_to_Hayao.jpg,0.68471277,0.7942363619804382,0.8072068095207214,0.5863415,Hayao,1
cezanne,cezanne,00063_flip.jpg,cezanne_00063_flip_to_cezanne.jpg,0.6767523,0.7339003086090088,0.9054611325263977,0.79835737,cezanne,1
cezanne,monet,00063_flip.jpg,cezanne_00063_flip_to_monet.jpg,0.71145034,0.6074404716491699,0.7904547452926636,0.6892904,monet,1
cezanne,photo,00063_flip.jpg,cezanne_00063_flip_to_photo.jpg,0.6900897,0.647793173789978,0.697823166847229,0.5491831,photo,1
cezanne,vangogh,00063_flip.jpg,cezanne_00063_flip_to_vangogh.jpg,0.6908198,0.7019872665405273,0.8416180610656738,0.6949836,vangogh,1
cezanne,Hayao,00096_flip.jpg,cezanne_00096_flip_to_Hayao.jpg,0.7048887,0.7283192873001099,0.7665601968765259,0.5899529,Hayao,1
cezanne,cezanne,00096_flip.jpg,cezanne_00096_flip_to_cezanne.jpg,0.7705252,0.7428491115570068,0.8422569036483765,0.64864075,vangogh,0
cezanne,monet,00096_flip.jpg,cezanne_00096_flip_to_monet.jpg,0.7318639,0.7452481985092163,0.8349919319152832,0.6601708,monet,1
cezanne,photo,00096_flip.jpg,cezanne_00096_flip_to_photo.jpg,0.74184954,0.772875964641571,0.7623944282531738,0.44842693,photo,1
cezanne,vangogh,00096_flip.jpg,cezanne_00096_flip_to_vangogh.jpg,0.762049,0.7894377112388611,0.8860546350479126,0.7039879,vangogh,1
cezanne,Hayao,00113.jpg,cezanne_00113_to_Hayao.jpg,0.68230087,0.813732922077179,0.845064640045166,0.6433924,Hayao,1
cezanne,cezanne,00113.jpg,cezanne_00113_to_cezanne.jpg,0.76174825,0.7534036636352539,0.8645424842834473,0.7097079,cezanne,1
cezanne,monet,00113.jpg,cezanne_00113_to_monet.jpg,0.7150751,0.7692540884017944,0.833583414554596,0.6545099,monet,1
cezanne,photo,00113.jpg,cezanne_00113_to_photo.jpg,0.7443804,0.673496425151825,0.7248404026031494,0.60688674,photo,1
cezanne,vangogh,00113.jpg,cezanne_00113_to_vangogh.jpg,0.78712,0.7643566727638245,0.8530361652374268,0.6746514,vangogh,1
cezanne,Hayao,00144.jpg,cezanne_00144_to_Hayao.jpg,0.7090272,0.7908486127853394,0.8096722364425659,0.57178736,Hayao,1
cezanne,cezanne,00144.jpg,cezanne_00144_to_cezanne.jpg,0.7095694,0.6309432983398438,0.8529343605041504,0.77695894,cezanne,1
cezanne,monet,00144.jpg,cezanne_00144_to_monet.jpg,0.73111135,0.5927462577819824,0.8313956260681152,0.7918751,monet,1
cezanne,photo,00144.jpg,cezanne_00144_to_photo.jpg,0.71523863,0.633567214012146,0.7658441066741943,0.71687776,monet,0
cezanne,vangogh,00144.jpg,cezanne_00144_to_vangogh.jpg,0.725418,0.7727064490318298,0.9061834216117859,0.79741657,vangogh,1
cezanne,Hayao,00175_flip.jpg,cezanne_00175_flip_to_Hayao.jpg,0.67621213,0.871487557888031,0.8647459745407104,0.4986304,Hayao,1
cezanne,cezanne,00175_flip.jpg,cezanne_00175_flip_to_cezanne.jpg,0.7570972,0.6920608282089233,0.8298826217651367,0.697478,vangogh,0
cezanne,monet,00175_flip.jpg,cezanne_00175_flip_to_monet.jpg,0.66639245,0.7585673928260803,0.8480830192565918,0.6713791,monet,1
cezanne,photo,00175_flip.jpg,cezanne_00175_flip_to_photo.jpg,0.698241,0.8121504783630371,0.8086357116699219,0.48819834,photo,1
cezanne,vangogh,00175_flip.jpg,cezanne_00175_flip_to_vangogh.jpg,0.7542496,0.7860089540481567,0.8529390692710876,0.6174212,vangogh,1
cezanne,Hayao,00182_flip.jpg,cezanne_00182_flip_to_Hayao.jpg,0.68986654,0.8780375719070435,0.8614541292190552,0.4351219,Hayao,1
cezanne,cezanne,00182_flip.jpg,cezanne_00182_flip_to_cezanne.jpg,0.6985334,0.6401740312576294,0.8357603549957275,0.7241018,vangogh,0
cezanne,monet,00182_flip.jpg,cezanne_00182_flip_to_monet.jpg,0.71437776,0.6964227557182312,0.8712687492370605,0.77209616,monet,1
cezanne,photo,00182_flip.jpg,cezanne_00182_flip_to_photo.jpg,0.737874,0.7158195972442627,0.7499512434005737,0.5522843,photo,1
cezanne,vangogh,00182_flip.jpg,cezanne_00182_flip_to_vangogh.jpg,0.68133515,0.6909536123275757,0.8271891474723816,0.67111015,vangogh,1
cezanne,Hayao,00216_flip.jpg,cezanne_00216_flip_to_Hayao.jpg,0.7058203,0.8017233610153198,0.7937867045402527,0.53120756,Hayao,1
cezanne,cezanne,00216_flip.jpg,cezanne_00216_flip_to_cezanne.jpg,0.7314013,0.516889214515686,0.7333812713623047,0.6386639,vangogh,0
cezanne,monet,00216_flip.jpg,cezanne_00216_flip_to_monet.jpg,0.649811,0.5192520022392273,0.8553186058998108,0.82944405,monet,1
cezanne,photo,00216_flip.jpg,cezanne_00216_flip_to_photo.jpg,0.6695166,0.7406676411628723,0.7840979099273682,0.57725966,photo,1
cezanne,vangogh,00216_flip.jpg,cezanne_00216_flip_to_vangogh.jpg,0.67732793,0.6904805898666382,0.9033495783805847,0.8203605,vangogh,1
cezanne,Hayao,00237_flip.jpg,cezanne_00237_flip_to_Hayao.jpg,0.68099105,0.8574057817459106,0.8546044826507568,0.4908836,Hayao,1
cezanne,cezanne,00237_flip.jpg,cezanne_00237_flip_to_cezanne.jpg,0.74223036,0.5488961338996887,0.8477928638458252,0.7829349,vangogh,0
cezanne,monet,00237_flip.jpg,cezanne_00237_flip_to_monet.jpg,0.67946196,0.48425769805908203,0.8583550453186035,0.8572314,monet,1
cezanne,photo,00237_flip.jpg,cezanne_00237_flip_to_photo.jpg,0.70450073,0.7600572109222412,0.8394304513931274,0.6795562,photo,1
cezanne,vangogh,00237_flip.jpg,cezanne_00237_flip_to_vangogh.jpg,0.70306957,0.5305682420730591,0.888507068157196,0.875221,vangogh,1
cezanne,Hayao,00283.jpg,cezanne_00283_to_Hayao.jpg,0.67407024,0.8014162182807922,0.8051272630691528,0.5484617,Hayao,1
cezanne,cezanne,00283.jpg,cezanne_00283_to_cezanne.jpg,0.6873535,0.6297950744628906,0.8662198781967163,0.800496,cezanne,1
cezanne,monet,00283.jpg,cezanne_00283_to_monet.jpg,0.6576764,0.648239016532898,0.8631598949432373,0.7971612,monet,1
cezanne,photo,00283.jpg,cezanne_00283_to_photo.jpg,0.71049225,0.7874315977096558,0.8171862363815308,0.5335782,photo,1
cezanne,vangogh,00283.jpg,cezanne_00283_to_vangogh.jpg,0.69710153,0.7720929384231567,0.9145410060882568,0.7945364,vangogh,1
cezanne,Hayao,00295.jpg,cezanne_00295_to_Hayao.jpg,0.729118,0.7553036212921143,0.7996788024902344,0.6843929,Hayao,1
cezanne,cezanne,00295.jpg,cezanne_00295_to_cezanne.jpg,0.6832849,0.5125819444656372,0.8885888457298279,0.8756857,cezanne,1
cezanne,monet,00295.jpg,cezanne_00295_to_monet.jpg,0.77033746,0.4574545621871948,0.824630856513977,0.8610374,monet,1
cezanne,photo,00295.jpg,cezanne_00295_to_photo.jpg,0.76599336,0.612431526184082,0.7640818953514099,0.72091395,photo,1
cezanne,vangogh,00295.jpg,cezanne_00295_to_vangogh.jpg,0.7083709,0.74379962682724,0.9148645997047424,0.8393558,vangogh,1
cezanne,Hayao,00316_flip.jpg,cezanne_00316_flip_to_Hayao.jpg,0.7360583,0.8398390412330627,0.8506727814674377,0.55410033,Hayao,1
cezanne,cezanne,00316_flip.jpg,cezanne_00316_flip_to_cezanne.jpg,0.65684223,0.5158131122589111,0.8346483111381531,0.796278,cezanne,1
cezanne,monet,00316_flip.jpg,cezanne_00316_flip_to_monet.jpg,0.7478687,0.5288366675376892,0.8089156150817871,0.76752853,monet,1
cezanne,photo,00316_flip.jpg,cezanne_00316_flip_to_photo.jpg,0.7667172,0.6450072526931763,0.7647604942321777,0.7157285,photo,1
cezanne,vangogh,00316_flip.jpg,cezanne_00316_flip_to_vangogh.jpg,0.7490246,0.5804871320724487,0.7901476621627808,0.70431566,vangogh,1
cezanne,Hayao,00331.jpg,cezanne_00331_to_Hayao.jpg,0.6461663,0.7824735641479492,0.7956867814064026,0.5247486,Hayao,1
cezanne,cezanne,00331.jpg,cezanne_00331_to_cezanne.jpg,0.6624081,0.5179744362831116,0.7914852499961853,0.7396288,cezanne,1
cezanne,monet,00331.jpg,cezanne_00331_to_monet.jpg,0.68236744,0.5617649555206299,0.7252494096755981,0.6520953,monet,1
cezanne,photo,00331.jpg,cezanne_00331_to_photo.jpg,0.7147434,0.7712081670761108,0.7691648006439209,0.4963891,photo,1
cezanne,vangogh,00331.jpg,cezanne_00331_to_vangogh.jpg,0.6648322,0.6911657452583313,0.8671891689300537,0.76219606,vangogh,1
cezanne,Hayao,00336.jpg,cezanne_00336_to_Hayao.jpg,0.6827099,0.8183940649032593,0.8231787085533142,0.4933911,Hayao,1
cezanne,cezanne,00336.jpg,cezanne_00336_to_cezanne.jpg,0.67509323,0.6989983916282654,0.8212155103683472,0.65182835,cezanne,1
cezanne,monet,00336.jpg,cezanne_00336_to_monet.jpg,0.6649763,0.7060603499412537,0.8259553909301758,0.6763956,monet,1
cezanne,photo,00336.jpg,cezanne_00336_to_photo.jpg,0.7021784,0.7874065637588501,0.7884438037872314,0.487467,photo,1
cezanne,vangogh,00336.jpg,cezanne_00336_to_vangogh.jpg,0.7044198,0.7857234477996826,0.8817800283432007,0.6915395,vangogh,1
cezanne,Hayao,00343_flip.jpg,cezanne_00343_flip_to_Hayao.jpg,0.64979434,0.708239734172821,0.7042898535728455,0.5102429,Hayao,1
cezanne,cezanne,00343_flip.jpg,cezanne_00343_flip_to_cezanne.jpg,0.70392585,0.8256179094314575,0.886167049407959,0.6431465,cezanne,1
cezanne,monet,00343_flip.jpg,cezanne_00343_flip_to_monet.jpg,0.7949866,0.7998913526535034,0.8662126064300537,0.65565073,monet,1
cezanne,photo,00343_flip.jpg,cezanne_00343_flip_to_photo.jpg,0.7753378,0.8174059391021729,0.8151646256446838,0.4825527,photo,1
cezanne,vangogh,00343_flip.jpg,cezanne_00343_flip_to_vangogh.jpg,0.710354,0.8125433921813965,0.8551508784294128,0.5743109,vangogh,1
cezanne,Hayao,00356_flip.jpg,cezanne_00356_flip_to_Hayao.jpg,0.7034143,0.675692617893219,0.7505003809928894,0.6396936,Hayao,1
cezanne,cezanne,00356_flip.jpg,cezanne_00356_flip_to_cezanne.jpg,0.73869646,0.6785736680030823,0.8318647146224976,0.7015666,vangogh,0
cezanne,monet,00356_flip.jpg,cezanne_00356_flip_to_monet.jpg,0.67365575,0.6657228469848633,0.7870159149169922,0.6634723,monet,1
cezanne,photo,00356_flip.jpg,cezanne_00356_flip_to_photo.jpg,0.69194376,0.7929348945617676,0.7805518507957458,0.43279645,photo,1
cezanne,vangogh,00356_flip.jpg,cezanne_00356_flip_to_vangogh.jpg,0.7288734,0.6740675568580627,0.8108457326889038,0.6655899,vangogh,1
cezanne,Hayao,00358_flip.jpg,cezanne_00358_flip_to_Hayao.jpg,0.7061814,0.7372517585754395,0.8054995536804199,0.68316364,Hayao,1
cezanne,cezanne,00358_flip.jpg,cezanne_00358_flip_to_cezanne.jpg,0.69814354,0.5631418228149414,0.8016247749328613,0.76026833,cezanne,1
cezanne,monet,00358_flip.jpg,cezanne_00358_flip_to_monet.jpg,0.672834,0.6634859442710876,0.8003133535385132,0.7329157,monet,1
cezanne,photo,00358_flip.jpg,cezanne_00358_flip_to_photo.jpg,0.7082733,0.7906002998352051,0.8268129825592041,0.5904537,photo,1
cezanne,vangogh,00358_flip.jpg,cezanne_00358_flip_to_vangogh.jpg,0.73125815,0.6104598641395569,0.820647120475769,0.76482254,vangogh,1
cezanne,Hayao,00373.jpg,cezanne_00373_to_Hayao.jpg,0.6876946,0.8044910430908203,0.8329132199287415,0.67177075,Hayao,1
cezanne,cezanne,00373.jpg,cezanne_00373_to_cezanne.jpg,0.6707572,0.4872328042984009,0.8725810050964355,0.88648593,cezanne,1
cezanne,monet,00373.jpg,cezanne_00373_to_monet.jpg,0.68871886,0.44245821237564087,0.8149600028991699,0.88035583,monet,1
cezanne,photo,00373.jpg,cezanne_00373_to_photo.jpg,0.71496546,0.5837825536727905,0.7308633923530579,0.68477684,photo,1
cezanne,vangogh,00373.jpg,cezanne_00373_to_vangogh.jpg,0.69236267,0.6110628843307495,0.8680732250213623,0.84080505,vangogh,1
cezanne,Hayao,00384.jpg,cezanne_00384_to_Hayao.jpg,0.65915227,0.8420388698577881,0.859501838684082,0.64068806,Hayao,1
cezanne,cezanne,00384.jpg,cezanne_00384_to_cezanne.jpg,0.7004554,0.5414812564849854,0.7772942781448364,0.68782985,vangogh,0
cezanne,monet,00384.jpg,cezanne_00384_to_monet.jpg,0.67829597,0.5618559718132019,0.8034458160400391,0.72316444,monet,1
cezanne,photo,00384.jpg,cezanne_00384_to_photo.jpg,0.6751759,0.6980311274528503,0.7848270535469055,0.63307023,photo,1
cezanne,vangogh,00384.jpg,cezanne_00384_to_vangogh.jpg,0.6585312,0.6781086325645447,0.8747408390045166,0.79086614,vangogh,1
cezanne,Hayao,00405.jpg,cezanne_00405_to_Hayao.jpg,0.68139815,0.8123247623443604,0.8087144494056702,0.4876021,Hayao,1
cezanne,cezanne,00405.jpg,cezanne_00405_to_cezanne.jpg,0.6957886,0.8051022291183472,0.8578313589096069,0.5961381,cezanne,1
cezanne,monet,00405.jpg,cezanne_00405_to_monet.jpg,0.70970094,0.7266607880592346,0.7995752096176147,0.5920485,monet,1
cezanne,photo,00405.jpg,cezanne_00405_to_photo.jpg,0.7353399,0.8148226737976074,0.7776750326156616,0.37564135,photo,1
cezanne,vangogh,00405.jpg,cezanne_00405_to_vangogh.jpg,0.73259604,0.8356747627258301,0.8948231935501099,0.65283966,vangogh,1
cezanne,Hayao,00421_flip.jpg,cezanne_00421_flip_to_Hayao.jpg,0.68185127,0.8345146775245667,0.8523427248001099,0.54820466,Hayao,1
cezanne,cezanne,00421_flip.jpg,cezanne_00421_flip_to_cezanne.jpg,0.730451,0.7141619324684143,0.8252919912338257,0.64670265,vangogh,0
cezanne,monet,00421_flip.jpg,cezanne_00421_flip_to_monet.jpg,0.6952102,0.7299926280975342,0.8118133544921875,0.62479156,monet,1
cezanne,photo,00421_flip.jpg,cezanne_00421_flip_to_photo.jpg,0.718308,0.7752716541290283,0.7875490784645081,0.52427274,photo,1
cezanne,vangogh,00421_flip.jpg,cezanne_00421_flip_to_vangogh.jpg,0.7234061,0.8392540216445923,0.8919205069541931,0.636269,vangogh,1
cezanne,Hayao,00473.jpg,cezanne_00473_to_Hayao.jpg,0.7121028,0.8980967402458191,0.8893662691116333,0.4776737,Hayao,1
cezanne,cezanne,00473.jpg,cezanne_00473_to_cezanne.jpg,0.7212714,0.7605557441711426,0.8561393618583679,0.6612034,cezanne,1
cezanne,monet,00473.jpg,cezanne_00473_to_monet.jpg,0.7179979,0.7324495911598206,0.8525616526603699,0.692171,monet,1
cezanne,photo,00473.jpg,cezanne_00473_to_photo.jpg,0.7467515,0.7725660800933838,0.7776936888694763,0.4908602,photo,1
cezanne,vangogh,00473.jpg,cezanne_00473_to_vangogh.jpg,0.7474782,0.8165093064308167,0.8986859321594238,0.69842505,vangogh,1
cezanne,Hayao,00481_flip.jpg,cezanne_00481_flip_to_Hayao.jpg,0.6586176,0.8537532687187195,0.8412891626358032,0.45091385,Hayao,1
cezanne,cezanne,00481_flip.jpg,cezanne_00481_flip_to_cezanne.jpg,0.6543546,0.7989135384559631,0.889265775680542,0.6959816,cezanne,1
cezanne,monet,00481_flip.jpg,cezanne_00481_flip_to_monet.jpg,0.6867669,0.7317317724227905,0.8626955151557922,0.7291479,monet,1
cezanne,photo,00481_flip.jpg,cezanne_00481_flip_to_photo.jpg,0.7108943,0.7483121156692505,0.7457624673843384,0.49800226,photo,1
cezanne,vangogh,00481_flip.jpg,cezanne_00481_flip_to_vangogh.jpg,0.68075955,0.7227953672409058,0.8360769748687744,0.65794903,vangogh,1
cezanne,Hayao,00487.jpg,cezanne_00487_to_Hayao.jpg,0.6941083,0.7675637006759644,0.806023120880127,0.6463236,Hayao,1
cezanne,cezanne,00487.jpg,cezanne_00487_to_cezanne.jpg,0.7042233,0.6163769960403442,0.8707942366600037,0.8003316,cezanne,1
cezanne,monet,00487.jpg,cezanne_00487_to_monet.jpg,0.67224616,0.5097571611404419,0.7743268013000488,0.76305515,monet,1
cezanne,photo,00487.jpg,cezanne_00487_to_photo.jpg,0.71392095,0.6901493072509766,0.7308814525604248,0.5475988,photo,1
cezanne,vangogh,00487.jpg,cezanne_00487_to_vangogh.jpg,0.7554013,0.6556180119514465,0.8661693930625916,0.7795013,vangogh,1
cezanne,Hayao,00496.jpg,cezanne_00496_to_Hayao.jpg,0.6617647,0.8142735958099365,0.8351737260818481,0.5982546,Hayao,1
cezanne,cezanne,00496.jpg,cezanne_00496_to_cezanne.jpg,0.6990218,0.7172911763191223,0.8626508712768555,0.724814,cezanne,1
cezanne,monet,00496.jpg,cezanne_00496_to_monet.jpg,0.6730813,0.7279642224311829,0.8551986217498779,0.7058518,monet,1
cezanne,photo,00496.jpg,cezanne_00496_to_photo.jpg,0.70188904,0.7545002698898315,0.7786495089530945,0.52352875,photo,1
cezanne,vangogh,00496.jpg,cezanne_00496_to_vangogh.jpg,0.7388013,0.6967239379882812,0.8185442686080933,0.6534184,vangogh,1
cezanne,Hayao,00497_flip.jpg,cezanne_00497_flip_to_Hayao.jpg,0.6778559,0.7160592675209045,0.753390908241272,0.6463394,Hayao,1
cezanne,cezanne,00497_flip.jpg,cezanne_00497_flip_to_cezanne.jpg,0.6670854,0.5768773555755615,0.8770514130592346,0.822663,cezanne,1
cezanne,monet,00497_flip.jpg,cezanne_00497_flip_to_monet.jpg,0.72415894,0.5183006525039673,0.8070021867752075,0.77289885,monet,1
cezanne,photo,00497_flip.jpg,cezanne_00497_flip_to_photo.jpg,0.7265396,0.7357857823371887,0.8047454357147217,0.63349795,photo,1
cezanne,vangogh,00497_flip.jpg,cezanne_00497_flip_to_vangogh.jpg,0.65085393,0.6542269587516785,0.8918509483337402,0.83230036,vangogh,1
cezanne,Hayao,00499_flip.jpg,cezanne_00499_flip_to_Hayao.jpg,0.6728124,0.7707664966583252,0.7902451753616333,0.62364864,Hayao,1
cezanne,cezanne,00499_flip.jpg,cezanne_00499_flip_to_cezanne.jpg,0.62931514,0.47704315185546875,0.9156485795974731,0.9203732,cezanne,1
cezanne,monet,00499_flip.jpg,cezanne_00499_flip_to_monet.jpg,0.6766789,0.663972020149231,0.8944370746612549,0.8326921,monet,1
cezanne,photo,00499_flip.jpg,cezanne_00499_flip_to_photo.jpg,0.7000191,0.6188268661499023,0.7251567840576172,0.6376556,photo,1
cezanne,vangogh,00499_flip.jpg,cezanne_00499_flip_to_vangogh.jpg,0.64241374,0.6507758498191833,0.8767058849334717,0.79814446,vangogh,1
cezanne,Hayao,00557_flip.jpg,cezanne_00557_flip_to_Hayao.jpg,0.6794421,0.8214879035949707,0.8304059505462646,0.58341247,Hayao,1
cezanne,cezanne,00557_flip.jpg,cezanne_00557_flip_to_cezanne.jpg,0.71241444,0.6516432166099548,0.8338736891746521,0.7234242,vangogh,0
cezanne,monet,00557_flip.jpg,cezanne_00557_flip_to_monet.jpg,0.7293042,0.6592761278152466,0.8396411538124084,0.7697536,monet,1
cezanne,photo,00557_flip.jpg,cezanne_00557_flip_to_photo.jpg,0.72413254,0.699487566947937,0.762719988822937,0.6053284,photo,1
cezanne,vangogh,00557_flip.jpg,cezanne_00557_flip_to_vangogh.jpg,0.70730954,0.8204747438430786,0.9171068668365479,0.7525813,vangogh,1
cezanne,Hayao,00598.jpg,cezanne_00598_to_Hayao.jpg,0.6830121,0.8572307825088501,0.8495022058486938,0.4777372,Hayao,1
cezanne,cezanne,00598.jpg,cezanne_00598_to_cezanne.jpg,0.7199092,0.6484218239784241,0.8670051693916321,0.78328633,vangogh,0
cezanne,monet,00598.jpg,cezanne_00598_to_monet.jpg,0.6685686,0.5921195149421692,0.8250395059585571,0.7841969,monet,1
cezanne,photo,00598.jpg,cezanne_00598_to_photo.jpg,0.6902313,0.7008509635925293,0.7484368085861206,0.56535995,photo,1
cezanne,vangogh,00598.jpg,cezanne_00598_to_vangogh.jpg,0.6869862,0.6777476072311401,0.8744502067565918,0.7993784,vangogh,1
cezanne,Hayao,00599.jpg,cezanne_00599_to_Hayao.jpg,0.7184471,0.8625432252883911,0.8471198081970215,0.46733403,Hayao,1
cezanne,cezanne,00599.jpg,cezanne_00599_to_cezanne.jpg,0.70250535,0.6707823872566223,0.8348135352134705,0.699759,cezanne,1
cezanne,monet,00599.jpg,cezanne_00599_to_monet.jpg,0.7031694,0.6357540488243103,0.8375164866447449,0.73797905,monet,1
cezanne,photo,00599.jpg,cezanne_00599_to_photo.jpg,0.7194517,0.7677686214447021,0.7885923981666565,0.53716,photo,1
cezanne,vangogh,00599.jpg,cezanne_00599_to_vangogh.jpg,0.7108203,0.7058765888214111,0.8722708821296692,0.7483842,vangogh,1
cezanne,Hayao,00602.jpg,cezanne_00602_to_Hayao.jpg,0.71384686,0.8096654415130615,0.820253312587738,0.58902025,Hayao,1
cezanne,cezanne,00602.jpg,cezanne_00602_to_cezanne.jpg,0.7062167,0.427656352519989,0.8209286332130432,0.80489635,cezanne,1
cezanne,monet,00602.jpg,cezanne_00602_to_monet.jpg,0.72219276,0.6748777031898499,0.8758128881454468,0.8014307,monet,1
cezanne,photo,00602.jpg,cezanne_00602_to_photo.jpg,0.75746185,0.6477789878845215,0.7457473874092102,0.6540657,photo,1
cezanne,vangogh,00602.jpg,cezanne_00602_to_vangogh.jpg,0.7173207,0.7515707612037659,0.9092316031455994,0.7993907,vangogh,1
monet,Hayao,00073.jpg,monet_00073_to_Hayao.jpg,0.6824126,0.8415256142616272,0.8116164207458496,0.41810197,Hayao,1
monet,cezanne,00073.jpg,monet_00073_to_cezanne.jpg,0.6847056,0.7990918159484863,0.8418663740158081,0.5628847,cezanne,1
monet,monet,00073.jpg,monet_00073_to_monet.jpg,0.6307775,0.7741842269897461,0.8594775199890137,0.6558871,monet,1
monet,photo,00073.jpg,monet_00073_to_photo.jpg,0.6451684,0.7974212169647217,0.8058820962905884,0.48863786,photo,1
monet,vangogh,00073.jpg,monet_00073_to_vangogh.jpg,0.72081614,0.7843761444091797,0.8533437848091125,0.62763333,vangogh,1
monet,Hayao,00078.jpg,monet_00078_to_Hayao.jpg,0.69183314,0.8322895765304565,0.8535477519035339,0.6147583,Hayao,1
monet,cezanne,00078.jpg,monet_00078_to_cezanne.jpg,0.7589952,0.6122153401374817,0.8606515526771545,0.8152914,vangogh,0
monet,monet,00078.jpg,monet_00078_to_monet.jpg,0.700609,0.3609679341316223,0.7595509886741638,0.8007638,monet,1
monet,photo,00078.jpg,monet_00078_to_photo.jpg,0.7014469,0.5088270902633667,0.7491228580474854,0.7410744,photo,1
monet,vangogh,00078.jpg,monet_00078_to_vangogh.jpg,0.6535932,0.6173771619796753,0.8552169799804688,0.8210851,vangogh,1
monet,Hayao,00082.jpg,monet_00082_to_Hayao.jpg,0.69410515,0.7759289741516113,0.732218325138092,0.384956,Hayao,1
monet,cezanne,00082.jpg,monet_00082_to_cezanne.jpg,0.6726588,0.7872437834739685,0.8296532034873962,0.55210054,cezanne,1
monet,monet,00082.jpg,monet_00082_to_monet.jpg,0.66068244,0.7351716756820679,0.8322082757949829,0.63570744,monet,1
monet,photo,00082.jpg,monet_00082_to_photo.jpg,0.6757517,0.8187445402145386,0.8076077699661255,0.4373805,photo,1
monet,vangogh,00082.jpg,monet_00082_to_vangogh.jpg,0.6789066,0.8669571876525879,0.9157231450080872,0.66070116,vangogh,1
monet,Hayao,00141.jpg,monet_00141_to_Hayao.jpg,0.71143264,0.8259238600730896,0.810526430606842,0.49371487,Hayao,1
monet,cezanne,00141.jpg,monet_00141_to_cezanne.jpg,0.73989415,0.7252465486526489,0.8295512199401855,0.65027434,vangogh,0
monet,monet,00141.jpg,monet_00141_to_monet.jpg,0.63277334,0.5615749955177307,0.76090008020401,0.6572406,monet,1
monet,photo,00141.jpg,monet_00141_to_photo.jpg,0.6403318,0.7163776755332947,0.7909276485443115,0.6474155,photo,1
monet,vangogh,00141.jpg,monet_00141_to_vangogh.jpg,0.6774366,0.7639460563659668,0.864295482635498,0.69388777,vangogh,1
monet,Hayao,00225.jpg,monet_00225_to_Hayao.jpg,0.70565647,0.8665752410888672,0.8549953103065491,0.4607019,Hayao,1
monet,cezanne,00225.jpg,monet_00225_to_cezanne.jpg,0.6802182,0.7811203002929688,0.8632751107215881,0.65173256,cezanne,1
monet,monet,00225.jpg,monet_00225_to_monet.jpg,0.60766774,0.5743241310119629,0.8440425395965576,0.7672802,monet,1
monet,photo,00225.jpg,monet_00225_to_photo.jpg,0.6498165,0.7715554237365723,0.8263669013977051,0.60256195,photo,1
monet,vangogh,00225.jpg,monet_00225_to_vangogh.jpg,0.68902826,0.7655313611030579,0.8926329612731934,0.7413303,vangogh,1
monet,Hayao,00273.jpg,monet_00273_to_Hayao.jpg,0.7136675,0.8117150068283081,0.787477970123291,0.44151628,Hayao,1
monet,cezanne,00273.jpg,monet_00273_to_cezanne.jpg,0.7340773,0.7580968141555786,0.8161760568618774,0.572113,cezanne,1
monet,monet,00273.jpg,monet_00273_to_monet.jpg,0.62996536,0.5403847694396973,0.7473132014274597,0.67674685,monet,1
monet,photo,00273.jpg,monet_00273_to_photo.jpg,0.67223775,0.7631527185440063,0.7987080216407776,0.5791793,photo,1
monet,vangogh,00273.jpg,monet_00273_to_vangogh.jpg,0.77797985,0.8069360256195068,0.8640202283859253,0.6160306,vangogh,1
monet,Hayao,00323.jpg,monet_00323_to_Hayao.jpg,0.7362739,0.8215842247009277,0.8192825317382812,0.5232485,Hayao,1
monet,cezanne,00323.jpg,monet_00323_to_cezanne.jpg,0.715936,0.7150242924690247,0.853688657283783,0.7009399,cezanne,1
monet,monet,00323.jpg,monet_00323_to_monet.jpg,0.682737,0.6091650724411011,0.8387001752853394,0.751976,monet,1
monet,photo,00323.jpg,monet_00323_to_photo.jpg,0.696212,0.712773323059082,0.7500395774841309,0.5424578,photo,1
monet,vangogh,00323.jpg,monet_00323_to_vangogh.jpg,0.67901206,0.7524443864822388,0.864496111869812,0.6885298,vangogh,1
monet,Hayao,00335.jpg,monet_00335_to_Hayao.jpg,0.71993184,0.8092734813690186,0.7832310795783997,0.43139583,Hayao,1
monet,cezanne,00335.jpg,monet_00335_to_cezanne.jpg,0.6881993,0.8284523487091064,0.906096875667572,0.70493233,cezanne,1
monet,monet,00335.jpg,monet_00335_to_monet.jpg,0.64849913,0.7013235688209534,0.8396496176719666,0.68836975,monet,1
monet,photo,00335.jpg,monet_00335_to_photo.jpg,0.6670456,0.7824643850326538,0.7812767028808594,0.43926698,photo,1
monet,vangogh,00335.jpg,monet_00335_to_vangogh.jpg,0.6834638,0.776735782623291,0.8849331140518188,0.71033514,vangogh,1
monet,Hayao,00353.jpg,monet_00353_to_Hayao.jpg,0.6955478,0.8609172105789185,0.8523955941200256,0.4785958,Hayao,1
monet,cezanne,00353.jpg,monet_00353_to_cezanne.jpg,0.6523907,0.7092751264572144,0.870737612247467,0.75040543,cezanne,1
monet,monet,00353.jpg,monet_00353_to_monet.jpg,0.6577742,0.6443047523498535,0.8583115339279175,0.7786585,monet,1
monet,photo,00353.jpg,monet_00353_to_photo.jpg,0.6745443,0.7469826340675354,0.7921160459518433,0.57659703,photo,1
monet,vangogh,00353.jpg,monet_00353_to_vangogh.jpg,0.6713362,0.7685865163803101,0.8826181888580322,0.71325624,vangogh,1
monet,Hayao,00424.jpg,monet_00424_to_Hayao.jpg,0.7330334,0.7813178300857544,0.7938002943992615,0.5684531,Hayao,1
monet,cezanne,00424.jpg,monet_00424_to_cezanne.jpg,0.79234684,0.7455728054046631,0.8633662462234497,0.6949261,vangogh,0
monet,monet,00424.jpg,monet_00424_to_monet.jpg,0.67015755,0.46927177906036377,0.7591615915298462,0.7156211,monet,1
monet,photo,00424.jpg,monet_00424_to_photo.jpg,0.74752474,0.7386610507965088,0.7869904041290283,0.5775836,photo,1
monet,vangogh,00424.jpg,monet_00424_to_vangogh.jpg,0.7645785,0.7931385040283203,0.9012673497200012,0.7354195,vangogh,1
monet,Hayao,00461.jpg,monet_00461_to_Hayao.jpg,0.72148615,0.8446944952011108,0.8330310583114624,0.47326532,Hayao,1
monet,cezanne,00461.jpg,monet_00461_to_cezanne.jpg,0.6675014,0.744664192199707,0.9028605818748474,0.78473544,cezanne,1
monet,monet,00461.jpg,monet_00461_to_monet.jpg,0.6657324,0.5356611013412476,0.8781853914260864,0.8367756,monet,1
monet,photo,00461.jpg,monet_00461_to_photo.jpg,0.68936473,0.6343289017677307,0.6940686106681824,0.5223603,photo,1
monet,vangogh,00461.jpg,monet_00461_to_vangogh.jpg,0.6494961,0.638165295124054,0.8481851816177368,0.7463912,vangogh,1
monet,Hayao,00465.jpg,monet_00465_to_Hayao.jpg,0.69855404,0.7522808313369751,0.8107748031616211,0.7033259,Hayao,1
monet,cezanne,00465.jpg,monet_00465_to_cezanne.jpg,0.67638516,0.7612523436546326,0.90617835521698,0.78635514,cezanne,1
monet,monet,00465.jpg,monet_00465_to_monet.jpg,0.72438884,0.4234139919281006,0.791739821434021,0.78997433,monet,1
monet,photo,00465.jpg,monet_00465_to_photo.jpg,0.74078166,0.6515111923217773,0.7775763869285583,0.6824193,photo,1
monet,vangogh,00465.jpg,monet_00465_to_vangogh.jpg,0.6887456,0.6146715879440308,0.8755255341529846,0.8262477,vangogh,1
monet,Hayao,00527.jpg,monet_00527_to_Hayao.jpg,0.6643809,0.8738494515419006,0.854840099811554,0.4159814,Hayao,1
monet,cezanne,00527.jpg,monet_00527_to_cezanne.jpg,0.694362,0.7597463130950928,0.8549914360046387,0.6570196,cezanne,1
monet,monet,00527.jpg,monet_00527_to_monet.jpg,0.64823335,0.5950823426246643,0.799217939376831,0.690447,monet,1
monet,photo,00527.jpg,monet_00527_to_photo.jpg,0.66400415,0.7412586212158203,0.78343665599823,0.5615927,photo,1
monet,vangogh,00527.jpg,monet_00527_to_vangogh.jpg,0.682979,0.8102593421936035,0.8772409558296204,0.6430163,vangogh,1
monet,Hayao,00541.jpg,monet_00541_to_Hayao.jpg,0.7359025,0.8498861789703369,0.8388355374336243,0.4545763,Hayao,1
monet,cezanne,00541.jpg,monet_00541_to_cezanne.jpg,0.72524965,0.7744017243385315,0.8826330900192261,0.71489733,cezanne,1
monet,monet,00541.jpg,monet_00541_to_monet.jpg,0.6238584,0.539482831954956,0.8609811067581177,0.8168188,monet,1
monet,photo,00541.jpg,monet_00541_to_photo.jpg,0.7185962,0.7090784907341003,0.786406397819519,0.59301835,photo,1
monet,vangogh,00541.jpg,monet_00541_to_vangogh.jpg,0.7737347,0.8076338171958923,0.8945826292037964,0.6993066,vangogh,1
monet,Hayao,00609.jpg,monet_00609_to_Hayao.jpg,0.6843889,0.8346635699272156,0.820266842842102,0.45854694,Hayao,1
monet,cezanne,00609.jpg,monet_00609_to_cezanne.jpg,0.69239146,0.7485095858573914,0.8458932042121887,0.6511394,cezanne,1
monet,monet,00609.jpg,monet_00609_to_monet.jpg,0.6131151,0.6890870332717896,0.8618508577346802,0.74724597,monet,1
monet,photo,00609.jpg,monet_00609_to_photo.jpg,0.67428684,0.7948154211044312,0.793994128704071,0.4779253,photo,1
monet,vangogh,00609.jpg,monet_00609_to_vangogh.jpg,0.74177796,0.7836053371429443,0.8501977920532227,0.6152741,vangogh,1
monet,Hayao,00615.jpg,monet_00615_to_Hayao.jpg,0.7266275,0.8722480535507202,0.8475266098976135,0.40988034,Hayao,1
monet,cezanne,00615.jpg,monet_00615_to_cezanne.jpg,0.7109188,0.8078563213348389,0.843237578868866,0.55093175,cezanne,1
monet,monet,00615.jpg,monet_00615_to_monet.jpg,0.69396794,0.7500159740447998,0.8752942085266113,0.7160312,monet,1
monet,photo,00615.jpg,monet_00615_to_photo.jpg,0.72422105,0.7113138437271118,0.7130627632141113,0.4532204,photo,1
monet,vangogh,00615.jpg,monet_00615_to_vangogh.jpg,0.7135388,0.8093992471694946,0.8682254552841187,0.6183152,vangogh,1
monet,Hayao,00656.jpg,monet_00656_to_Hayao.jpg,0.71568584,0.7929599285125732,0.8060685396194458,0.5883096,Hayao,1
monet,cezanne,00656.jpg,monet_00656_to_cezanne.jpg,0.7077478,0.7047487497329712,0.8787845969200134,0.76427686,cezanne,1
monet,monet,00656.jpg,monet_00656_to_monet.jpg,0.6690879,0.5366416573524475,0.825890302658081,0.77393675,monet,1
monet,photo,00656.jpg,monet_00656_to_photo.jpg,0.69708157,0.7267050743103027,0.7904900908470154,0.57592505,photo,1
monet,vangogh,00656.jpg,monet_00656_to_vangogh.jpg,0.68984896,0.5516290068626404,0.8407547473907471,0.80290484,vangogh,1
monet,Hayao,00717.jpg,monet_00717_to_Hayao.jpg,0.6768228,0.8583645820617676,0.8379676342010498,0.4506663,Hayao,1
monet,cezanne,00717.jpg,monet_00717_to_cezanne.jpg,0.686566,0.7820751070976257,0.8834545612335205,0.7000096,cezanne,1
monet,monet,00717.jpg,monet_00717_to_monet.jpg,0.7076848,0.7473222017288208,0.8659608960151672,0.69926226,monet,1
monet,photo,00717.jpg,monet_00717_to_photo.jpg,0.7061553,0.8247522115707397,0.8375785946846008,0.520638,photo,1
monet,vangogh,00717.jpg,monet_00717_to_vangogh.jpg,0.6938901,0.7914388179779053,0.8725637197494507,0.660078,vangogh,1
monet,Hayao,00754.jpg,monet_00754_to_Hayao.jpg,0.73205185,0.7899435758590698,0.7955400943756104,0.5082801,Hayao,1
monet,cezanne,00754.jpg,monet_00754_to_cezanne.jpg,0.7402613,0.652564525604248,0.8328551054000854,0.71247053,cezanne,1
monet,monet,00754.jpg,monet_00754_to_monet.jpg,0.7842339,0.602546215057373,0.854528546333313,0.77631265,monet,1
monet,photo,00754.jpg,monet_00754_to_photo.jpg,0.80141354,0.72545325756073,0.7807419896125793,0.561776,photo,1
monet,vangogh,00754.jpg,monet_00754_to_vangogh.jpg,0.71316123,0.6495386958122253,0.8717100620269775,0.78210187,vangogh,1
monet,Hayao,00805.jpg,monet_00805_to_Hayao.jpg,0.71442664,0.8168041706085205,0.8080235719680786,0.5072789,Hayao,1
monet,cezanne,00805.jpg,monet_00805_to_cezanne.jpg,0.70542353,0.7409323453903198,0.8514443039894104,0.67155075,cezanne,1
monet,monet,00805.jpg,monet_00805_to_monet.jpg,0.6036947,0.7334876656532288,0.8994492888450623,0.78235584,monet,1
monet,photo,00805.jpg,monet_00805_to_photo.jpg,0.6773509,0.7926241159439087,0.8334636688232422,0.5699865,photo,1
monet,vangogh,00805.jpg,monet_00805_to_vangogh.jpg,0.7491599,0.833310067653656,0.9259718656539917,0.7598284,vangogh,1
monet,Hayao,00851.jpg,monet_00851_to_Hayao.jpg,0.69528544,0.8597658276557922,0.8361271023750305,0.39833108,Hayao,1
monet,cezanne,00851.jpg,monet_00851_to_cezanne.jpg,0.80998266,0.8058342933654785,0.8456365466117859,0.561959,vangogh,0
monet,monet,00851.jpg,monet_00851_to_monet.jpg,0.65652573,0.6671391129493713,0.7836337089538574,0.6146743,monet,1
monet,photo,00851.jpg,monet_00851_to_photo.jpg,0.67469436,0.7460825443267822,0.7503249049186707,0.46835354,photo,1
monet,vangogh,00851.jpg,monet_00851_to_vangogh.jpg,0.7322622,0.8197386264801025,0.8471721410751343,0.53553593,vangogh,1
monet,Hayao,00942.jpg,monet_00942_to_Hayao.jpg,0.67558944,0.8150759935379028,0.781446099281311,0.45525688,Hayao,1
monet,cezanne,00942.jpg,monet_00942_to_cezanne.jpg,0.67941934,0.8069221377372742,0.8681674599647522,0.62611604,cezanne,1
monet,monet,00942.jpg,monet_00942_to_monet.jpg,0.63647735,0.6719233989715576,0.8287109136581421,0.6896939,monet,1
monet,photo,00942.jpg,monet_00942_to_photo.jpg,0.666155,0.789430558681488,0.8013572692871094,0.50589204,photo,1
monet,vangogh,00942.jpg,monet_00942_to_vangogh.jpg,0.67233086,0.7145664691925049,0.7932482957839966,0.5784576,vangogh,1
monet,Hayao,00955.jpg,monet_00955_to_Hayao.jpg,0.6544632,0.8455302715301514,0.8383529186248779,0.48377424,Hayao,1
monet,cezanne,00955.jpg,monet_00955_to_cezanne.jpg,0.668248,0.7986879348754883,0.8714955449104309,0.6451434,cezanne,1
monet,monet,00955.jpg,monet_00955_to_monet.jpg,0.65920776,0.6617013216018677,0.8023847937583923,0.6517727,monet,1
monet,photo,00955.jpg,monet_00955_to_photo.jpg,0.68512106,0.672962486743927,0.7305656671524048,0.53592455,photo,1
monet,vangogh,00955.jpg,monet_00955_to_vangogh.jpg,0.6666581,0.7022501230239868,0.8261505365371704,0.65810823,vangogh,1
monet,Hayao,00966.jpg,monet_00966_to_Hayao.jpg,0.723995,0.7005739808082581,0.6837804317474365,0.4918176,Hayao,1
monet,cezanne,00966.jpg,monet_00966_to_cezanne.jpg,0.7700094,0.7553340792655945,0.8848083019256592,0.74282795,vangogh,0
monet,monet,00966.jpg,monet_00966_to_monet.jpg,0.70106983,0.7426506876945496,0.8877192139625549,0.7497113,monet,1
monet,photo,00966.jpg,monet_00966_to_photo.jpg,0.7287845,0.7280237674713135,0.7940552830696106,0.6114541,photo,1
monet,vangogh,00966.jpg,monet_00966_to_vangogh.jpg,0.7171402,0.8141703605651855,0.8821922540664673,0.6618668,vangogh,1
monet,Hayao,00988.jpg,monet_00988_to_Hayao.jpg,0.6906377,0.7422600388526917,0.7488666772842407,0.54219013,Hayao,1
monet,cezanne,00988.jpg,monet_00988_to_cezanne.jpg,0.69874257,0.6682679653167725,0.8272757530212402,0.6888391,cezanne,1
monet,monet,00988.jpg,monet_00988_to_monet.jpg,0.68678176,0.5807206034660339,0.8675302863121033,0.80072933,monet,1
monet,photo,00988.jpg,monet_00988_to_photo.jpg,0.73117363,0.7215787172317505,0.7840189933776855,0.5752285,photo,1
monet,vangogh,00988.jpg,monet_00988_to_vangogh.jpg,0.7215202,0.8176237344741821,0.9247370958328247,0.7770902,vangogh,1
monet,Hayao,01044.jpg,monet_01044_to_Hayao.jpg,0.7120485,0.8304029703140259,0.8400609493255615,0.5336402,Hayao,1
monet,cezanne,01044.jpg,monet_01044_to_cezanne.jpg,0.7381863,0.647096574306488,0.8616060614585876,0.77443427,vangogh,0
monet,monet,01044.jpg,monet_01044_to_monet.jpg,0.7587652,0.5175781846046448,0.8195286989212036,0.77066046,monet,1
monet,photo,01044.jpg,monet_01044_to_photo.jpg,0.74115145,0.7350438237190247,0.78413987159729,0.5523704,photo,1
monet,vangogh,01044.jpg,monet_01044_to_vangogh.jpg,0.6660608,0.7886500954627991,0.9222032427787781,0.80247414,vangogh,1
monet,Hayao,01175.jpg,monet_01175_to_Hayao.jpg,0.7609501,0.8172732591629028,0.8470452427864075,0.6103072,Hayao,1
monet,cezanne,01175.jpg,monet_01175_to_cezanne.jpg,0.7429218,0.7162656784057617,0.8831170797348022,0.78278404,cezanne,1
monet,monet,01175.jpg,monet_01175_to_monet.jpg,0.7632755,0.620680034160614,0.8512150049209595,0.7939792,monet,1
monet,photo,01175.jpg,monet_01175_to_photo.jpg,0.76385546,0.6744928359985352,0.7829156517982483,0.6935464,photo,1
monet,vangogh,01175.jpg,monet_01175_to_vangogh.jpg,0.7569333,0.7627884745597839,0.9131356477737427,0.80993,vangogh,1
monet,Hayao,01212.jpg,monet_01212_to_Hayao.jpg,0.6859906,0.855759859085083,0.8691110610961914,0.5599761,Hayao,1
monet,cezanne,01212.jpg,monet_01212_to_cezanne.jpg,0.7562032,0.7110167145729065,0.8623449802398682,0.7268346,vangogh,0
monet,monet,01212.jpg,monet_01212_to_monet.jpg,0.674381,0.46077924966812134,0.7807053327560425,0.7322862,monet,1
monet,photo,01212.jpg,monet_01212_to_photo.jpg,0.69718575,0.7633763551712036,0.8196704983711243,0.5854256,photo,1
monet,vangogh,01212.jpg,monet_01212_to_vangogh.jpg,0.6776775,0.6425660252571106,0.8749051094055176,0.8242843,vangogh,1
monet,Hayao,01283.jpg,monet_01283_to_Hayao.jpg,0.72468245,0.6932858824729919,0.7865711450576782,0.75585943,Hayao,1
monet,cezanne,01283.jpg,monet_01283_to_cezanne.jpg,0.6828558,0.5202785730361938,0.8579930663108826,0.8447546,cezanne,1
monet,monet,01283.jpg,monet_01283_to_monet.jpg,0.7097079,0.3358253538608551,0.7528212070465088,0.79301286,monet,1
monet,photo,01283.jpg,monet_01283_to_photo.jpg,0.7328491,0.7086670398712158,0.8072922229766846,0.6412367,photo,1
monet,vangogh,01283.jpg,monet_01283_to_vangogh.jpg,0.65932864,0.6382859945297241,0.9063551425933838,0.8734827,vangogh,1
monet,Hayao,01299.jpg,monet_01299_to_Hayao.jpg,0.73518574,0.7862228155136108,0.7741411924362183,0.45704633,Hayao,1
monet,cezanne,01299.jpg,monet_01299_to_cezanne.jpg,0.6911926,0.731514036655426,0.8634698987007141,0.720889,vangogh,0
monet,monet,01299.jpg,monet_01299_to_monet.jpg,0.7454521,0.6710495948791504,0.8338319659233093,0.69901603,monet,1
monet,photo,01299.jpg,monet_01299_to_photo.jpg,0.7615749,0.7060975432395935,0.7602580785751343,0.5616904,photo,1
monet,vangogh,01299.jpg,monet_01299_to_vangogh.jpg,0.74241114,0.8295981884002686,0.9191592335700989,0.74078584,vangogh,1
photo,Hayao,2014-01-04 10_42_25.jpg,photo_2014-01-04 10_42_25_to_Hayao.jpg,0.7604389,0.7154400944709778,0.7079792618751526,0.5308805,Hayao,1
photo,cezanne,2014-01-04 10_42_25.jpg,photo_2014-01-04 10_42_25_to_cezanne.jpg,0.87615716,0.8060815334320068,0.8106857538223267,0.5055434,vangogh,0
photo,monet,2014-01-04 10_42_25.jpg,photo_2014-01-04 10_42_25_to_monet.jpg,0.7672596,0.7769671678543091,0.8071891069412231,0.5861106,monet,1
photo,photo,2014-01-04 10_42_25.jpg,photo_2014-01-04 10_42_25_to_photo.jpg,0.72679055,0.6665318608283997,0.8111981749534607,0.66868126,photo,1
photo,vangogh,2014-01-04 10_42_25.jpg,photo_2014-01-04 10_42_25_to_vangogh.jpg,0.8540312,0.8243152499198914,0.8434237241744995,0.57950246,vangogh,1
photo,Hayao,2014-06-27 18_21_00.jpg,photo_2014-06-27 18_21_00_to_Hayao.jpg,0.70675975,0.861514687538147,0.8614052534103394,0.4906275,Hayao,1
photo,cezanne,2014-06-27 18_21_00.jpg,photo_2014-06-27 18_21_00_to_cezanne.jpg,0.7394163,0.8758081793785095,0.8667620420455933,0.4517761,cezanne,1
photo,monet,2014-06-27 18_21_00.jpg,photo_2014-06-27 18_21_00_to_monet.jpg,0.7333249,0.8207631707191467,0.8203354477882385,0.4900797,monet,1
photo,photo,2014-06-27 18_21_00.jpg,photo_2014-06-27 18_21_00_to_photo.jpg,0.7327352,0.7437628507614136,0.8184248208999634,0.59971267,photo,1
photo,vangogh,2014-06-27 18_21_00.jpg,photo_2014-06-27 18_21_00_to_vangogh.jpg,0.7772441,0.8311963081359863,0.8297129273414612,0.48486078,vangogh,1
photo,Hayao,2014-11-03 08_52_58.jpg,photo_2014-11-03 08_52_58_to_Hayao.jpg,0.7154628,0.837392270565033,0.8603094220161438,0.60924757,Hayao,1
photo,cezanne,2014-11-03 08_52_58.jpg,photo_2014-11-03 08_52_58_to_cezanne.jpg,0.7004253,0.8109446167945862,0.8436341285705566,0.5865701,cezanne,1
photo,monet,2014-11-03 08_52_58.jpg,photo_2014-11-03 08_52_58_to_monet.jpg,0.73401725,0.7460501194000244,0.7952023148536682,0.5708599,monet,1
photo,photo,2014-11-03 08_52_58.jpg,photo_2014-11-03 08_52_58_to_photo.jpg,0.72006196,0.7130246758460999,0.8092600107192993,0.61512125,photo,1
photo,vangogh,2014-11-03 08_52_58.jpg,photo_2014-11-03 08_52_58_to_vangogh.jpg,0.69898283,0.8875750303268433,0.8994739055633545,0.53139144,vangogh,1
photo,Hayao,2014-11-06 19_00_11.jpg,photo_2014-11-06 19_00_11_to_Hayao.jpg,0.7083499,0.8599457144737244,0.8589560985565186,0.5010909,Hayao,1
photo,cezanne,2014-11-06 19_00_11.jpg,photo_2014-11-06 19_00_11_to_cezanne.jpg,0.77089155,0.8484781980514526,0.8507059812545776,0.48497474,vangogh,0
photo,monet,2014-11-06 19_00_11.jpg,photo_2014-11-06 19_00_11_to_monet.jpg,0.67876935,0.8245326280593872,0.8429855704307556,0.51681155,monet,1
photo,photo,2014-11-06 19_00_11.jpg,photo_2014-11-06 19_00_11_to_photo.jpg,0.66715837,0.7145260572433472,0.813960075378418,0.62166816,photo,1
photo,vangogh,2014-11-06 19_00_11.jpg,photo_2014-11-06 19_00_11_to_vangogh.jpg,0.7768446,0.8026148080825806,0.8184709548950195,0.5205798,vangogh,1
photo,Hayao,2015-03-02 04_38_52.jpg,photo_2015-03-02 04_38_52_to_Hayao.jpg,0.7533703,0.8918331265449524,0.8800874948501587,0.43687147,Hayao,1
photo,cezanne,2015-03-02 04_38_52.jpg,photo_2015-03-02 04_38_52_to_cezanne.jpg,0.85814166,0.8832052946090698,0.8683099150657654,0.42199248,cezanne,1
photo,monet,2015-03-02 04_38_52.jpg,photo_2015-03-02 04_38_52_to_monet.jpg,0.71351916,0.8084465265274048,0.8108407855033875,0.49342954,monet,1
photo,photo,2015-03-02 04_38_52.jpg,photo_2015-03-02 04_38_52_to_photo.jpg,0.73123133,0.6988810300827026,0.7932085394859314,0.5982299,photo,1
photo,vangogh,2015-03-02 04_38_52.jpg,photo_2015-03-02 04_38_52_to_vangogh.jpg,0.8084668,0.909508466720581,0.9062883257865906,0.47188908,vangogh,1
photo,Hayao,2015-03-18 08_21_53.jpg,photo_2015-03-18 08_21_53_to_Hayao.jpg,0.6841388,0.79194176197052,0.7974147796630859,0.5724991,Hayao,1
photo,cezanne,2015-03-18 08_21_53.jpg,photo_2015-03-18 08_21_53_to_cezanne.jpg,0.672536,0.8551739454269409,0.8706668019294739,0.54897034,cezanne,1
photo,monet,2015-03-18 08_21_53.jpg,photo_2015-03-18 08_21_53_to_monet.jpg,0.70638907,0.791136622428894,0.8199249505996704,0.570465,monet,1
photo,photo,2015-03-18 08_21_53.jpg,photo_2015-03-18 08_21_53_to_photo.jpg,0.6815076,0.7069761753082275,0.8009026646614075,0.61637,photo,1
photo,vangogh,2015-03-18 08_21_53.jpg,photo_2015-03-18 08_21_53_to_vangogh.jpg,0.69714844,0.8586936593055725,0.8709141612052917,0.5455111,vangogh,1
photo,Hayao,2015-05-07 00_44_21.jpg,photo_2015-05-07 00_44_21_to_Hayao.jpg,0.7618297,0.8557065725326538,0.862087607383728,0.535359,Hayao,1
photo,cezanne,2015-05-07 00_44_21.jpg,photo_2015-05-07 00_44_21_to_cezanne.jpg,0.7885818,0.8481283187866211,0.8579255938529968,0.5448915,cezanne,1
photo,monet,2015-05-07 00_44_21.jpg,photo_2015-05-07 00_44_21_to_monet.jpg,0.7810361,0.7936054468154907,0.819537341594696,0.57876915,monet,1
photo,photo,2015-05-07 00_44_21.jpg,photo_2015-05-07 00_44_21_to_photo.jpg,0.75945175,0.7624925374984741,0.8441256284713745,0.63561827,photo,1
photo,vangogh,2015-05-07 00_44_21.jpg,photo_2015-05-07 00_44_21_to_vangogh.jpg,0.80658466,0.876223623752594,0.8871455788612366,0.5407965,vangogh,1
photo,Hayao,2015-06-03 20_31_06.jpg,photo_2015-06-03 20_31_06_to_Hayao.jpg,0.7414844,0.800148606300354,0.8003198504447937,0.5460921,Hayao,1
photo,cezanne,2015-06-03 20_31_06.jpg,photo_2015-06-03 20_31_06_to_cezanne.jpg,0.7176819,0.8582152128219604,0.8608181476593018,0.5272783,cezanne,1
photo,monet,2015-06-03 20_31_06.jpg,photo_2015-06-03 20_31_06_to_monet.jpg,0.69283515,0.828001856803894,0.8416777849197388,0.56067395,monet,1
photo,photo,2015-06-03 20_31_06.jpg,photo_2015-06-03 20_31_06_to_photo.jpg,0.6742212,0.6743189096450806,0.8151711225509644,0.6652095,photo,1
photo,vangogh,2015-06-03 20_31_06.jpg,photo_2015-06-03 20_31_06_to_vangogh.jpg,0.7256422,0.8253616094589233,0.8397951126098633,0.60397977,vangogh,1
photo,Hayao,2015-07-04 04_13_25.jpg,photo_2015-07-04 04_13_25_to_Hayao.jpg,0.7806256,0.7966276407241821,0.8037979602813721,0.5271331,Hayao,1
photo,cezanne,2015-07-04 04_13_25.jpg,photo_2015-07-04 04_13_25_to_cezanne.jpg,0.9015877,0.8461959362030029,0.8551425337791443,0.5068978,vangogh,0
photo,monet,2015-07-04 04_13_25.jpg,photo_2015-07-04 04_13_25_to_monet.jpg,0.69716835,0.8664091229438782,0.8781290054321289,0.5306562,monet,1
photo,photo,2015-07-04 04_13_25.jpg,photo_2015-07-04 04_13_25_to_photo.jpg,0.6910542,0.6947830319404602,0.7977291345596313,0.61106515,photo,1
photo,vangogh,2015-07-04 04_13_25.jpg,photo_2015-07-04 04_13_25_to_vangogh.jpg,0.7815747,0.8416697978973389,0.8673400282859802,0.6136178,vangogh,1
photo,Hayao,2015-07-27 02_13_52.jpg,photo_2015-07-27 02_13_52_to_Hayao.jpg,0.7557469,0.7970881462097168,0.8411647081375122,0.6088225,Hayao,1
photo,cezanne,2015-07-27 02_13_52.jpg,photo_2015-07-27 02_13_52_to_cezanne.jpg,0.829327,0.7617819309234619,0.8189195394515991,0.62057567,vangogh,0
photo,monet,2015-07-27 02_13_52.jpg,photo_2015-07-27 02_13_52_to_monet.jpg,0.77277374,0.7436275482177734,0.8206140995025635,0.65382653,monet,1
photo,photo,2015-07-27 02_13_52.jpg,photo_2015-07-27 02_13_52_to_photo.jpg,0.765786,0.618128776550293,0.8194513916969299,0.71706706,photo,1
photo,vangogh,2015-07-27 02_13_52.jpg,photo_2015-07-27 02_13_52_to_vangogh.jpg,0.81548196,0.7883783578872681,0.8507412672042847,0.64488864,vangogh,1
photo,Hayao,2015-07-28 17_27_37.jpg,photo_2015-07-28 17_27_37_to_Hayao.jpg,0.69075733,0.8486413955688477,0.8476638197898865,0.48975614,Hayao,1
photo,cezanne,2015-07-28 17_27_37.jpg,photo_2015-07-28 17_27_37_to_cezanne.jpg,0.71322215,0.8731033802032471,0.8835464715957642,0.5419071,vangogh,0
photo,monet,2015-07-28 17_27_37.jpg,photo_2015-07-28 17_27_37_to_monet.jpg,0.6854937,0.8481485247612,0.8675140142440796,0.54547465,monet,1
photo,photo,2015-07-28 17_27_37.jpg,photo_2015-07-28 17_27_37_to_photo.jpg,0.6802378,0.6807237863540649,0.7881197929382324,0.61155224,photo,1
photo,vangogh,2015-07-28 17_27_37.jpg,photo_2015-07-28 17_27_37_to_vangogh.jpg,0.7029617,0.8575514554977417,0.8775234818458557,0.5640367,vangogh,1
photo,Hayao,2015-08-07 10_04_39.jpg,photo_2015-08-07 10_04_39_to_Hayao.jpg,0.6942339,0.7520249485969543,0.7634782195091248,0.5972514,Hayao,1
photo,cezanne,2015-08-07 10_04_39.jpg,photo_2015-08-07 10_04_39_to_cezanne.jpg,0.7971409,0.8401815295219421,0.8419538736343384,0.505705,vangogh,0
photo,monet,2015-08-07 10_04_39.jpg,photo_2015-08-07 10_04_39_to_monet.jpg,0.6314305,0.7979040145874023,0.8092228174209595,0.5280948,monet,1
photo,photo,2015-08-07 10_04_39.jpg,photo_2015-08-07 10_04_39_to_photo.jpg,0.5862809,0.6525752544403076,0.7510892748832703,0.5668406,photo,1
photo,vangogh,2015-08-07 10_04_39.jpg,photo_2015-08-07 10_04_39_to_vangogh.jpg,0.74924433,0.8869813084602356,0.8938902616500854,0.54531795,vangogh,1
photo,Hayao,2015-08-10 04_37_12.jpg,photo_2015-08-10 04_37_12_to_Hayao.jpg,0.8374068,0.7894241809844971,0.751559317111969,0.4519415,Hayao,1
photo,cezanne,2015-08-10 04_37_12.jpg,photo_2015-08-10 04_37_12_to_cezanne.jpg,0.8355918,0.870692789554596,0.8526742458343506,0.41021425,vangogh,0
photo,monet,2015-08-10 04_37_12.jpg,photo_2015-08-10 04_37_12_to_monet.jpg,0.7924143,0.8798644542694092,0.8778319358825684,0.4930055,monet,1
photo,photo,2015-08-10 04_37_12.jpg,photo_2015-08-10 04_37_12_to_photo.jpg,0.75457656,0.6710766553878784,0.7437903881072998,0.55126673,photo,1
photo,vangogh,2015-08-10 04_37_12.jpg,photo_2015-08-10 04_37_12_to_vangogh.jpg,0.8127872,0.9118435382843018,0.9098168611526489,0.4874231,vangogh,1
photo,Hayao,2015-08-25 11_14_51.jpg,photo_2015-08-25 11_14_51_to_Hayao.jpg,0.78872204,0.7123167514801025,0.6999953985214233,0.47971484,Hayao,1
photo,cezanne,2015-08-25 11_14_51.jpg,photo_2015-08-25 11_14_51_to_cezanne.jpg,0.7638034,0.851739764213562,0.8434918522834778,0.4446889,cezanne,1
photo,monet,2015-08-25 11_14_51.jpg,photo_2015-08-25 11_14_51_to_monet.jpg,0.6326369,0.8417195677757263,0.8488565683364868,0.49169415,monet,1
photo,photo,2015-08-25 11_14_51.jpg,photo_2015-08-25 11_14_51_to_photo.jpg,0.59443164,0.7380408644676208,0.8161220550537109,0.59755343,photo,1
photo,vangogh,2015-08-25 11_14_51.jpg,photo_2015-08-25 11_14_51_to_vangogh.jpg,0.74747705,0.8975721597671509,0.9001129269599915,0.5025128,vangogh,1
photo,Hayao,2015-09-23 03_28_12.jpg,photo_2015-09-23 03_28_12_to_Hayao.jpg,0.7489961,0.8065763711929321,0.7868841886520386,0.47102442,Hayao,1
photo,cezanne,2015-09-23 03_28_12.jpg,photo_2015-09-23 03_28_12_to_cezanne.jpg,0.8577771,0.8422954082489014,0.83708655834198,0.45631793,vangogh,0
photo,monet,2015-09-23 03_28_12.jpg,photo_2015-09-23 03_28_12_to_monet.jpg,0.68170434,0.765688955783844,0.807003378868103,0.59960705,monet,1
photo,photo,2015-09-23 03_28_12.jpg,photo_2015-09-23 03_28_12_to_photo.jpg,0.6427849,0.664519727230072,0.7790277600288391,0.60843056,photo,1
photo,vangogh,2015-09-23 03_28_12.jpg,photo_2015-09-23 03_28_12_to_vangogh.jpg,0.7706922,0.8879692554473877,0.8949490189552307,0.5456876,vangogh,1
photo,Hayao,2015-10-03 18_17_01.jpg,photo_2015-10-03 18_17_01_to_Hayao.jpg,0.7717017,0.7910161018371582,0.796794056892395,0.52776086,Hayao,1
photo,cezanne,2015-10-03 18_17_01.jpg,photo_2015-10-03 18_17_01_to_cezanne.jpg,0.88385046,0.8258105516433716,0.8401464223861694,0.5401673,vangogh,0
photo,monet,2015-10-03 18_17_01.jpg,photo_2015-10-03 18_17_01_to_monet.jpg,0.634622,0.776898980140686,0.8086398243904114,0.6034853,monet,1
photo,photo,2015-10-03 18_17_01.jpg,photo_2015-10-03 18_17_01_to_photo.jpg,0.62383443,0.6743627786636353,0.7791702151298523,0.5950088,photo,1
photo,vangogh,2015-10-03 18_17_01.jpg,photo_2015-10-03 18_17_01_to_vangogh.jpg,0.8372851,0.795025110244751,0.834648847579956,0.63064617,vangogh,1
photo,Hayao,2015-10-18 08_45_40.jpg,photo_2015-10-18 08_45_40_to_Hayao.jpg,0.7510178,0.6184669733047485,0.6886126399040222,0.6371568,Hayao,1
photo,cezanne,2015-10-18 08_45_40.jpg,photo_2015-10-18 08_45_40_to_cezanne.jpg,0.8541362,0.8129897117614746,0.8452255129814148,0.6133019,vangogh,0
photo,monet,2015-10-18 08_45_40.jpg,photo_2015-10-18 08_45_40_to_monet.jpg,0.6561778,0.7582069039344788,0.7935774922370911,0.5808563,monet,1
photo,photo,2015-10-18 08_45_40.jpg,photo_2015-10-18 08_45_40_to_photo.jpg,0.6678226,0.6561129093170166,0.7819297313690186,0.6536417,photo,1
photo,vangogh,2015-10-18 08_45_40.jpg,photo_2015-10-18 08_45_40_to_vangogh.jpg,0.7906423,0.8887187242507935,0.9021562337875366,0.5539571,vangogh,1
photo,Hayao,2015-12-03 17_46_38.jpg,photo_2015-12-03 17_46_38_to_Hayao.jpg,0.7475682,0.6750714182853699,0.7231290936470032,0.62676114,Hayao,1
photo,cezanne,2015-12-03 17_46_38.jpg,photo_2015-12-03 17_46_38_to_cezanne.jpg,0.75339144,0.8435214757919312,0.8663638830184937,0.5723943,vangogh,0
photo,monet,2015-12-03 17_46_38.jpg,photo_2015-12-03 17_46_38_to_monet.jpg,0.69057894,0.8008730411529541,0.8306750059127808,0.5646545,monet,1
photo,photo,2015-12-03 17_46_38.jpg,photo_2015-12-03 17_46_38_to_photo.jpg,0.6568967,0.6605793237686157,0.7963916659355164,0.63937247,photo,1
photo,vangogh,2015-12-03 17_46_38.jpg,photo_2015-12-03 17_46_38_to_vangogh.jpg,0.7367891,0.8134108781814575,0.8574143052101135,0.63315463,vangogh,1
photo,Hayao,2016-01-22 15_04_53.jpg,photo_2016-01-22 15_04_53_to_Hayao.jpg,0.71140784,0.8722826242446899,0.8613382577896118,0.4649924,Hayao,1
photo,cezanne,2016-01-22 15_04_53.jpg,photo_2016-01-22 15_04_53_to_cezanne.jpg,0.8349533,0.8713507652282715,0.8741021156311035,0.5139407,vangogh,0
photo,monet,2016-01-22 15_04_53.jpg,photo_2016-01-22 15_04_53_to_monet.jpg,0.67778826,0.8697067499160767,0.8880801796913147,0.5671439,monet,1
photo,photo,2016-01-22 15_04_53.jpg,photo_2016-01-22 15_04_53_to_photo.jpg,0.6705928,0.6814342737197876,0.7903180718421936,0.61423004,photo,1
photo,vangogh,2016-01-22 15_04_53.jpg,photo_2016-01-22 15_04_53_to_vangogh.jpg,0.84254205,0.8411849737167358,0.8480459451675415,0.5294518,vangogh,1
photo,Hayao,2016-02-18 17_04_26.jpg,photo_2016-02-18 17_04_26_to_Hayao.jpg,0.7264911,0.7606309652328491,0.7493069171905518,0.5088429,Hayao,1
photo,cezanne,2016-02-18 17_04_26.jpg,photo_2016-02-18 17_04_26_to_cezanne.jpg,0.7726096,0.8738254308700562,0.8627026677131653,0.42884728,vangogh,0
photo,monet,2016-02-18 17_04_26.jpg,photo_2016-02-18 17_04_26_to_monet.jpg,0.6284659,0.8709496259689331,0.876245379447937,0.5210631,monet,1
photo,photo,2016-02-18 17_04_26.jpg,photo_2016-02-18 17_04_26_to_photo.jpg,0.62728196,0.6539155840873718,0.7558388113975525,0.5742748,photo,1
photo,vangogh,2016-02-18 17_04_26.jpg,photo_2016-02-18 17_04_26_to_vangogh.jpg,0.7125344,0.8605010509490967,0.8700037002563477,0.5681487,vangogh,1
photo,Hayao,2016-03-03 02_19_17.jpg,photo_2016-03-03 02_19_17_to_Hayao.jpg,0.7238611,0.8036304712295532,0.7789007425308228,0.50461584,Hayao,1
photo,cezanne,2016-03-03 02_19_17.jpg,photo_2016-03-03 02_19_17_to_cezanne.jpg,0.77909565,0.896064043045044,0.8892900943756104,0.44747666,cezanne,1
photo,monet,2016-03-03 02_19_17.jpg,photo_2016-03-03 02_19_17_to_monet.jpg,0.6801307,0.783076286315918,0.8152186274528503,0.56702006,monet,1
photo,photo,2016-03-03 02_19_17.jpg,photo_2016-03-03 02_19_17_to_photo.jpg,0.62721825,0.600202202796936,0.7558051943778992,0.6291397,photo,1
photo,vangogh,2016-03-03 02_19_17.jpg,photo_2016-03-03 02_19_17_to_vangogh.jpg,0.7414881,0.8807615041732788,0.8818084001541138,0.50774527,vangogh,1
photo,Hayao,2016-03-26 10_01_00.jpg,photo_2016-03-26 10_01_00_to_Hayao.jpg,0.68311036,0.8357130885124207,0.7999622821807861,0.43001086,Hayao,1
photo,cezanne,2016-03-26 10_01_00.jpg,photo_2016-03-26 10_01_00_to_cezanne.jpg,0.7154659,0.8741997480392456,0.8672512769699097,0.47906777,cezanne,1
photo,monet,2016-03-26 10_01_00.jpg,photo_2016-03-26 10_01_00_to_monet.jpg,0.6594347,0.8558990955352783,0.865156888961792,0.54127187,monet,1
photo,photo,2016-03-26 10_01_00.jpg,photo_2016-03-26 10_01_00_to_photo.jpg,0.6283407,0.6914113163948059,0.7509142160415649,0.522887,photo,1
photo,vangogh,2016-03-26 10_01_00.jpg,photo_2016-03-26 10_01_00_to_vangogh.jpg,0.7176018,0.888033390045166,0.8846138119697571,0.50311154,vangogh,1
photo,Hayao,2016-04-02 08_32_12.jpg,photo_2016-04-02 08_32_12_to_Hayao.jpg,0.7389356,0.8427861332893372,0.8339760303497314,0.5074059,Hayao,1
photo,cezanne,2016-04-02 08_32_12.jpg,photo_2016-04-02 08_32_12_to_cezanne.jpg,0.73551416,0.8746757507324219,0.8848991394042969,0.53246796,cezanne,1
photo,monet,2016-04-02 08_32_12.jpg,photo_2016-04-02 08_32_12_to_monet.jpg,0.63961333,0.8624077439308167,0.8776170611381531,0.53759295,monet,1
photo,photo,2016-04-02 08_32_12.jpg,photo_2016-04-02 08_32_12_to_photo.jpg,0.608753,0.6629558205604553,0.77314293384552,0.5954541,photo,1
photo,vangogh,2016-04-02 08_32_12.jpg,photo_2016-04-02 08_32_12_to_vangogh.jpg,0.7415974,0.8665427565574646,0.8834453225135803,0.57544523,vangogh,1
photo,Hayao,2016-04-21 06_07_20.jpg,photo_2016-04-21 06_07_20_to_Hayao.jpg,0.7010102,0.6780910491943359,0.7354083061218262,0.64420676,Hayao,1
photo,cezanne,2016-04-21 06_07_20.jpg,photo_2016-04-21 06_07_20_to_cezanne.jpg,0.7039271,0.8277209997177124,0.8703738451004028,0.63006294,cezanne,1
photo,monet,2016-04-21 06_07_20.jpg,photo_2016-04-21 06_07_20_to_monet.jpg,0.68953097,0.8288917541503906,0.8750910758972168,0.63934016,monet,1
photo,photo,2016-04-21 06_07_20.jpg,photo_2016-04-21 06_07_20_to_photo.jpg,0.6327918,0.4595603346824646,0.7101207971572876,0.6521723,photo,1
photo,vangogh,2016-04-21 06_07_20.jpg,photo_2016-04-21 06_07_20_to_vangogh.jpg,0.70757055,0.8363255262374878,0.8807647228240967,0.64865756,vangogh,1
photo,Hayao,2016-07-05 21_20_11.jpg,photo_2016-07-05 21_20_11_to_Hayao.jpg,0.70720804,0.7461591958999634,0.7522698044776917,0.5355585,Hayao,1
photo,cezanne,2016-07-05 21_20_11.jpg,photo_2016-07-05 21_20_11_to_cezanne.jpg,0.7958525,0.8378957509994507,0.8556573987007141,0.55895793,vangogh,0
photo,monet,2016-07-05 21_20_11.jpg,photo_2016-07-05 21_20_11_to_monet.jpg,0.68517023,0.8185760974884033,0.8557807207107544,0.60754323,monet,1
photo,photo,2016-07-05 21_20_11.jpg,photo_2016-07-05 21_20_11_to_photo.jpg,0.61759835,0.5916837453842163,0.8087083101272583,0.72275233,photo,1
photo,vangogh,2016-07-05 21_20_11.jpg,photo_2016-07-05 21_20_11_to_vangogh.jpg,0.7393521,0.8482341766357422,0.8699885606765747,0.5773643,vangogh,1
photo,Hayao,2016-08-04 18_11_40.jpg,photo_2016-08-04 18_11_40_to_Hayao.jpg,0.6974791,0.8693473935127258,0.8565123677253723,0.43574357,Hayao,1
photo,cezanne,2016-08-04 18_11_40.jpg,photo_2016-08-04 18_11_40_to_cezanne.jpg,0.69804347,0.8844072818756104,0.8800644874572754,0.4826087,cezanne,1
photo,monet,2016-08-04 18_11_40.jpg,photo_2016-08-04 18_11_40_to_monet.jpg,0.69314337,0.8385545611381531,0.8492223620414734,0.590312,monet,1
photo,photo,2016-08-04 18_11_40.jpg,photo_2016-08-04 18_11_40_to_photo.jpg,0.68055236,0.6944893002510071,0.7992825508117676,0.65959704,photo,1
photo,vangogh,2016-08-04 18_11_40.jpg,photo_2016-08-04 18_11_40_to_vangogh.jpg,0.7359594,0.7969280481338501,0.8139965534210205,0.57497334,vangogh,1
photo,Hayao,2016-08-10 19_34_58.jpg,photo_2016-08-10 19_34_58_to_Hayao.jpg,0.9230826,0.7833346724510193,0.8205628991127014,0.6084155,Hayao,1
photo,cezanne,2016-08-10 19_34_58.jpg,photo_2016-08-10 19_34_58_to_cezanne.jpg,0.91479665,0.8323972225189209,0.8692253828048706,0.6283867,vangogh,0
photo,monet,2016-08-10 19_34_58.jpg,photo_2016-08-10 19_34_58_to_monet.jpg,0.9034245,0.7470411658287048,0.8056719303131104,0.59157,monet,1
photo,photo,2016-08-10 19_34_58.jpg,photo_2016-08-10 19_34_58_to_photo.jpg,0.90302926,0.5154628753662109,0.7872388362884521,0.723823,photo,1
photo,vangogh,2016-08-10 19_34_58.jpg,photo_2016-08-10 19_34_58_to_vangogh.jpg,0.9716711,0.8312906622886658,0.877834677696228,0.6532014,vangogh,1
photo,Hayao,2016-08-11 12_47_46.jpg,photo_2016-08-11 12_47_46_to_Hayao.jpg,0.78766537,0.6501632332801819,0.7121239304542542,0.596875,Hayao,1
photo,cezanne,2016-08-11 12_47_46.jpg,photo_2016-08-11 12_47_46_to_cezanne.jpg,0.8504917,0.8535223007202148,0.88177490234375,0.59319437,cezanne,1
photo,monet,2016-08-11 12_47_46.jpg,photo_2016-08-11 12_47_46_to_monet.jpg,0.71105534,0.8668493628501892,0.901015043258667,0.6118834,monet,1
photo,photo,2016-08-11 12_47_46.jpg,photo_2016-08-11 12_47_46_to_photo.jpg,0.6949917,0.6452490091323853,0.8277381062507629,0.7052257,photo,1
photo,vangogh,2016-08-11 12_47_46.jpg,photo_2016-08-11 12_47_46_to_vangogh.jpg,0.89025664,0.8657574653625488,0.8969789743423462,0.61984175,vangogh,1
photo,Hayao,2016-11-18 23_38_50.jpg,photo_2016-11-18 23_38_50_to_Hayao.jpg,0.7637335,0.744968831539154,0.7176918983459473,0.5024978,Hayao,1
photo,cezanne,2016-11-18 23_38_50.jpg,photo_2016-11-18 23_38_50_to_cezanne.jpg,0.7976372,0.8645280003547668,0.8498914241790771,0.4297682,cezanne,1
photo,monet,2016-11-18 23_38_50.jpg,photo_2016-11-18 23_38_50_to_monet.jpg,0.65667033,0.8433806896209717,0.8588526844978333,0.55564797,monet,1
photo,photo,2016-11-18 23_38_50.jpg,photo_2016-11-18 23_38_50_to_photo.jpg,0.676628,0.7104500532150269,0.8002778887748718,0.5967663,photo,1
photo,vangogh,2016-11-18 23_38_50.jpg,photo_2016-11-18 23_38_50_to_vangogh.jpg,0.82824373,0.9028325080871582,0.8996431827545166,0.49207792,vangogh,1
photo,Hayao,2016-12-03 10_55_29.jpg,photo_2016-12-03 10_55_29_to_Hayao.jpg,0.75315183,0.8103543519973755,0.750333845615387,0.40688777,Hayao,1
photo,cezanne,2016-12-03 10_55_29.jpg,photo_2016-12-03 10_55_29_to_cezanne.jpg,0.77087283,0.8753403425216675,0.8545171022415161,0.4014255,cezanne,1
photo,monet,2016-12-03 10_55_29.jpg,photo_2016-12-03 10_55_29_to_monet.jpg,0.7041037,0.7878620624542236,0.7978286743164062,0.5295538,monet,1
photo,photo,2016-12-03 10_55_29.jpg,photo_2016-12-03 10_55_29_to_photo.jpg,0.67335796,0.6839243173599243,0.7997881174087524,0.6561377,photo,1
photo,vangogh,2016-12-03 10_55_29.jpg,photo_2016-12-03 10_55_29_to_vangogh.jpg,0.77495277,0.823933482170105,0.808192253112793,0.4716563,vangogh,1
vangogh,Hayao,00073_flip.jpg,vangogh_00073_flip_to_Hayao.jpg,0.71279955,0.8312171697616577,0.8536530137062073,0.5974274,Hayao,1
vangogh,cezanne,00073_flip.jpg,vangogh_00073_flip_to_cezanne.jpg,0.76372236,0.6824508309364319,0.8538088798522949,0.7412661,vangogh,0
vangogh,monet,00073_flip.jpg,vangogh_00073_flip_to_monet.jpg,0.73172873,0.7048951983451843,0.8501986265182495,0.7319824,monet,1
vangogh,photo,00073_flip.jpg,vangogh_00073_flip_to_photo.jpg,0.7458883,0.7315778732299805,0.7744418382644653,0.5763809,photo,1
vangogh,vangogh,00073_flip.jpg,vangogh_00073_flip_to_vangogh.jpg,0.7068051,0.6661208868026733,0.871699333190918,0.7732908,vangogh,1
vangogh,Hayao,00114.jpg,vangogh_00114_to_Hayao.jpg,0.71385837,0.8456298112869263,0.8354965448379517,0.5028563,Hayao,1
vangogh,cezanne,00114.jpg,vangogh_00114_to_cezanne.jpg,0.68202233,0.7248634099960327,0.8678587079048157,0.72272015,cezanne,1
vangogh,monet,00114.jpg,vangogh_00114_to_monet.jpg,0.6379161,0.6002098321914673,0.8125353455543518,0.7145319,monet,1
vangogh,photo,00114.jpg,vangogh_00114_to_photo.jpg,0.6848587,0.6990340948104858,0.7575151324272156,0.5752398,photo,1
vangogh,vangogh,00114.jpg,vangogh_00114_to_vangogh.jpg,0.6863797,0.6928281784057617,0.8640985488891602,0.73890656,vangogh,1
vangogh,Hayao,00159.jpg,vangogh_00159_to_Hayao.jpg,0.6975386,0.8542702794075012,0.8419355154037476,0.4675377,Hayao,1
vangogh,cezanne,00159.jpg,vangogh_00159_to_cezanne.jpg,0.7438774,0.7303328514099121,0.8626320362091064,0.7154952,vangogh,0
vangogh,monet,00159.jpg,vangogh_00159_to_monet.jpg,0.6544234,0.68630051612854,0.8360990285873413,0.6903098,monet,1
vangogh,photo,00159.jpg,vangogh_00159_to_photo.jpg,0.66031957,0.7013115882873535,0.7368456125259399,0.5246459,photo,1
vangogh,vangogh,00159.jpg,vangogh_00159_to_vangogh.jpg,0.6752136,0.7388964891433716,0.8803963661193848,0.73663145,vangogh,1
vangogh,Hayao,00224.jpg,vangogh_00224_to_Hayao.jpg,0.72017646,0.7987139225006104,0.8080978393554688,0.54981244,Hayao,1
vangogh,cezanne,00224.jpg,vangogh_00224_to_cezanne.jpg,0.7169746,0.6669949889183044,0.8707508444786072,0.78525376,vangogh,0
vangogh,monet,00224.jpg,vangogh_00224_to_monet.jpg,0.6992291,0.6187914609909058,0.8878177404403687,0.8595326,monet,1
vangogh,photo,00224.jpg,vangogh_00224_to_photo.jpg,0.6908828,0.6875848770141602,0.736458420753479,0.5191334,photo,1
vangogh,vangogh,00224.jpg,vangogh_00224_to_vangogh.jpg,0.6535872,0.5585591197013855,0.8491397500038147,0.78797615,vangogh,1
vangogh,Hayao,00253.jpg,vangogh_00253_to_Hayao.jpg,0.7735026,0.8073188066482544,0.8022286295890808,0.5188733,Hayao,1
vangogh,cezanne,00253.jpg,vangogh_00253_to_cezanne.jpg,0.75689757,0.6875337958335876,0.8242396116256714,0.6694977,cezanne,1
vangogh,monet,00253.jpg,vangogh_00253_to_monet.jpg,0.79203826,0.6709998846054077,0.8322145938873291,0.6964022,vangogh,0
vangogh,photo,00253.jpg,vangogh_00253_to_photo.jpg,0.75743335,0.7219796180725098,0.7562505006790161,0.5173147,photo,1
vangogh,vangogh,00253.jpg,vangogh_00253_to_vangogh.jpg,0.64254504,0.6403162479400635,0.8841551542282104,0.80883026,vangogh,1
vangogh,Hayao,00276.jpg,vangogh_00276_to_Hayao.jpg,0.70515376,0.8189850449562073,0.8267053961753845,0.54906243,Hayao,1
vangogh,cezanne,00276.jpg,vangogh_00276_to_cezanne.jpg,0.8074728,0.724048912525177,0.811253547668457,0.6062139,cezanne,1
vangogh,monet,00276.jpg,vangogh_00276_to_monet.jpg,0.7854072,0.729460597038269,0.7902853488922119,0.5884682,monet,1
vangogh,photo,00276.jpg,vangogh_00276_to_photo.jpg,0.7971708,0.8057142496109009,0.793473482131958,0.4591795,photo,1
vangogh,vangogh,00276.jpg,vangogh_00276_to_vangogh.jpg,0.79727346,0.8181014657020569,0.8852916359901428,0.6532264,vangogh,1
vangogh,Hayao,00281_flip.jpg,vangogh_00281_flip_to_Hayao.jpg,0.7381258,0.7870640754699707,0.7736067771911621,0.48904943,Hayao,1
vangogh,cezanne,00281_flip.jpg,vangogh_00281_flip_to_cezanne.jpg,0.68583393,0.689667284488678,0.8515750169754028,0.7211806,vangogh,0
vangogh,monet,00281_flip.jpg,vangogh_00281_flip_to_monet.jpg,0.7212268,0.5105994939804077,0.7647956609725952,0.696977,monet,1
vangogh,photo,00281_flip.jpg,vangogh_00281_flip_to_photo.jpg,0.7129408,0.7359702587127686,0.7407587766647339,0.45431176,photo,1
vangogh,vangogh,00281_flip.jpg,vangogh_00281_flip_to_vangogh.jpg,0.62264216,0.5899529457092285,0.8901582956314087,0.84195495,vangogh,1
vangogh,Hayao,00322_flip.jpg,vangogh_00322_flip_to_Hayao.jpg,0.71984303,0.7098560929298401,0.7588237524032593,0.66378385,Hayao,1
vangogh,cezanne,00322_flip.jpg,vangogh_00322_flip_to_cezanne.jpg,0.6968808,0.6567685604095459,0.8845282196998596,0.8128844,cezanne,1
vangogh,monet,00322_flip.jpg,vangogh_00322_flip_to_monet.jpg,0.7587312,0.585986316204071,0.7872885465621948,0.707988,monet,1
vangogh,photo,00322_flip.jpg,vangogh_00322_flip_to_photo.jpg,0.7619058,0.6217180490493774,0.698421061038971,0.5917784,photo,1
vangogh,vangogh,00322_flip.jpg,vangogh_00322_flip_to_vangogh.jpg,0.66650826,0.6668641567230225,0.916012167930603,0.8604244,vangogh,1
vangogh,Hayao,00335.jpg,vangogh_00335_to_Hayao.jpg,0.660988,0.8497265577316284,0.8603046536445618,0.54764557,Hayao,1
vangogh,cezanne,00335.jpg,vangogh_00335_to_cezanne.jpg,0.6672809,0.6264307498931885,0.8251394629478455,0.71992695,cezanne,1
vangogh,monet,00335.jpg,vangogh_00335_to_monet.jpg,0.6762658,0.6417076587677002,0.8682431578636169,0.7944681,monet,1
vangogh,photo,00335.jpg,vangogh_00335_to_photo.jpg,0.70120835,0.7008503675460815,0.7775369882583618,0.6000952,photo,1
vangogh,vangogh,00335.jpg,vangogh_00335_to_vangogh.jpg,0.6969517,0.6186410188674927,0.8721963167190552,0.802368,vangogh,1
vangogh,Hayao,00359_flip.jpg,vangogh_00359_flip_to_Hayao.jpg,0.7391801,0.7674527168273926,0.7743535041809082,0.5763689,Hayao,1
vangogh,cezanne,00359_flip.jpg,vangogh_00359_flip_to_cezanne.jpg,0.72419393,0.6482232213020325,0.8596153259277344,0.75930625,cezanne,1
vangogh,monet,00359_flip.jpg,vangogh_00359_flip_to_monet.jpg,0.766869,0.5774629712104797,0.8739619851112366,0.84738076,monet,1
vangogh,photo,00359_flip.jpg,vangogh_00359_flip_to_photo.jpg,0.77273744,0.7902975082397461,0.8135178685188293,0.5182025,photo,1
vangogh,vangogh,00359_flip.jpg,vangogh_00359_flip_to_vangogh.jpg,0.664418,0.6021339893341064,0.8995532989501953,0.84799623,vangogh,1
vangogh,Hayao,00371.jpg,vangogh_00371_to_Hayao.jpg,0.71903116,0.7692775726318359,0.7489818334579468,0.5041203,Hayao,1
vangogh,cezanne,00371.jpg,vangogh_00371_to_cezanne.jpg,0.6835557,0.7552728652954102,0.8553963899612427,0.6636214,cezanne,1
vangogh,monet,00371.jpg,vangogh_00371_to_monet.jpg,0.6991347,0.6359139084815979,0.8748471736907959,0.80377233,monet,1
vangogh,photo,00371.jpg,vangogh_00371_to_photo.jpg,0.726027,0.776677668094635,0.8203128576278687,0.58776504,photo,1
vangogh,vangogh,00371.jpg,vangogh_00371_to_vangogh.jpg,0.65167814,0.7071603536605835,0.8920010328292847,0.78707147,vangogh,1
vangogh,Hayao,00389_flip.jpg,vangogh_00389_flip_to_Hayao.jpg,0.72141993,0.8353366255760193,0.8565768003463745,0.59519666,Hayao,1
vangogh,cezanne,00389_flip.jpg,vangogh_00389_flip_to_cezanne.jpg,0.6931582,0.5729047656059265,0.8716930150985718,0.8233131,cezanne,1
vangogh,monet,00389_flip.jpg,vangogh_00389_flip_to_monet.jpg,0.7572456,0.5251932740211487,0.8265069127082825,0.803709,monet,1
vangogh,photo,00389_flip.jpg,vangogh_00389_flip_to_photo.jpg,0.7579678,0.6864345073699951,0.7727702856063843,0.61425173,photo,1
vangogh,vangogh,00389_flip.jpg,vangogh_00389_flip_to_vangogh.jpg,0.70669454,0.44297295808792114,0.8512204885482788,0.83395624,vangogh,1
vangogh,Hayao,00397_flip.jpg,vangogh_00397_flip_to_Hayao.jpg,0.700631,0.8449785113334656,0.8682718276977539,0.58555555,Hayao,1
vangogh,cezanne,00397_flip.jpg,vangogh_00397_flip_to_cezanne.jpg,0.7300965,0.7676037549972534,0.8539782762527466,0.6458792,vangogh,0
vangogh,monet,00397_flip.jpg,vangogh_00397_flip_to_monet.jpg,0.7236902,0.72707599401474,0.8022189736366272,0.6048554,monet,1
vangogh,photo,00397_flip.jpg,vangogh_00397_flip_to_photo.jpg,0.7286772,0.727297306060791,0.7546750903129578,0.526716,photo,1
vangogh,vangogh,00397_flip.jpg,vangogh_00397_flip_to_vangogh.jpg,0.6827915,0.7672785520553589,0.8959409594535828,0.75023556,vangogh,1
vangogh,Hayao,00403.jpg,vangogh_00403_to_Hayao.jpg,0.681075,0.6700013279914856,0.7177990674972534,0.6096474,Hayao,1
vangogh,cezanne,00403.jpg,vangogh_00403_to_cezanne.jpg,0.6779351,0.7521092295646667,0.8341007232666016,0.64535487,cezanne,1
vangogh,monet,00403.jpg,vangogh_00403_to_monet.jpg,0.6917825,0.7190954685211182,0.7810192108154297,0.56479794,monet,1
vangogh,photo,00403.jpg,vangogh_00403_to_photo.jpg,0.7065928,0.7917492389678955,0.8079087734222412,0.546751,photo,1
vangogh,vangogh,00403.jpg,vangogh_00403_to_vangogh.jpg,0.68832403,0.7649387121200562,0.8838164806365967,0.7413277,vangogh,1
vangogh,Hayao,00442.jpg,vangogh_00442_to_Hayao.jpg,0.75287044,0.7958210110664368,0.8332953453063965,0.63659686,Hayao,1
vangogh,cezanne,00442.jpg,vangogh_00442_to_cezanne.jpg,0.707613,0.7517974972724915,0.900344967842102,0.7823645,vangogh,0
vangogh,monet,00442.jpg,vangogh_00442_to_monet.jpg,0.7732983,0.6432191133499146,0.8178600072860718,0.7144431,monet,1
vangogh,photo,00442.jpg,vangogh_00442_to_photo.jpg,0.7634413,0.6356150507926941,0.7303935289382935,0.61525446,photo,1
vangogh,vangogh,00442.jpg,vangogh_00442_to_vangogh.jpg,0.7225679,0.7453284859657288,0.9064449667930603,0.7917588,vangogh,1
vangogh,Hayao,00465_flip.jpg,vangogh_00465_flip_to_Hayao.jpg,0.7600268,0.7559864521026611,0.7957961559295654,0.5774144,Hayao,1
vangogh,cezanne,00465_flip.jpg,vangogh_00465_flip_to_cezanne.jpg,0.7421737,0.7398295402526855,0.8578692078590393,0.6873487,cezanne,1
vangogh,monet,00465_flip.jpg,vangogh_00465_flip_to_monet.jpg,0.7863704,0.7316809892654419,0.8476368188858032,0.69877005,monet,1
vangogh,photo,00465_flip.jpg,vangogh_00465_flip_to_photo.jpg,0.77932405,0.7556052207946777,0.7832283973693848,0.5603464,photo,1
vangogh,vangogh,00465_flip.jpg,vangogh_00465_flip_to_vangogh.jpg,0.7395171,0.7667784094810486,0.9020708799362183,0.7639512,vangogh,1
vangogh,Hayao,00468_flip.jpg,vangogh_00468_flip_to_Hayao.jpg,0.8946003,0.6939829587936401,0.7612746953964233,0.7052801,Hayao,1
vangogh,cezanne,00468_flip.jpg,vangogh_00468_flip_to_cezanne.jpg,0.80197215,0.6566502451896667,0.8733493685722351,0.8069931,cezanne,1
vangogh,monet,00468_flip.jpg,vangogh_00468_flip_to_monet.jpg,0.91606826,0.6955572366714478,0.8614463806152344,0.7549541,monet,1
vangogh,photo,00468_flip.jpg,vangogh_00468_flip_to_photo.jpg,0.87742054,0.6599736213684082,0.77860426902771,0.6708095,photo,1
vangogh,vangogh,00468_flip.jpg,vangogh_00468_flip_to_vangogh.jpg,0.7919758,0.5725730061531067,0.884672999382019,0.8490014,vangogh,1
vangogh,Hayao,00468.jpg,vangogh_00468_to_Hayao.jpg,0.8968992,0.7777912020683289,0.8196790218353271,0.6297127,Hayao,1
vangogh,cezanne,00468.jpg,vangogh_00468_to_cezanne.jpg,0.85760105,0.683838963508606,0.8572396039962769,0.75027156,cezanne,1
vangogh,monet,00468.jpg,vangogh_00468_to_monet.jpg,0.92795396,0.6692577600479126,0.8483790159225464,0.74410534,monet,1
vangogh,photo,00468.jpg,vangogh_00468_to_photo.jpg,0.8894842,0.6379351615905762,0.7436685562133789,0.6070758,photo,1
vangogh,vangogh,00468.jpg,vangogh_00468_to_vangogh.jpg,0.79623735,0.6245969533920288,0.8882908821105957,0.8294102,vangogh,1
vangogh,Hayao,00474.jpg,vangogh_00474_to_Hayao.jpg,0.7338873,0.7719005346298218,0.7796454429626465,0.5239728,Hayao,1
vangogh,cezanne,00474.jpg,vangogh_00474_to_cezanne.jpg,0.7114324,0.684493899345398,0.8670843839645386,0.773155,vangogh,0
vangogh,monet,00474.jpg,vangogh_00474_to_monet.jpg,0.7181136,0.5804917812347412,0.8516809940338135,0.82169473,monet,1
vangogh,photo,00474.jpg,vangogh_00474_to_photo.jpg,0.71633536,0.7048420310020447,0.7548398375511169,0.5387618,photo,1
vangogh,vangogh,00474.jpg,vangogh_00474_to_vangogh.jpg,0.6748611,0.5646986365318298,0.8709440231323242,0.8280407,vangogh,1
vangogh,Hayao,00487_flip.jpg,vangogh_00487_flip_to_Hayao.jpg,0.6906908,0.8175637125968933,0.8245397806167603,0.54792786,Hayao,1
vangogh,cezanne,00487_flip.jpg,vangogh_00487_flip_to_cezanne.jpg,0.6969868,0.6752156019210815,0.8173258304595947,0.6662192,cezanne,1
vangogh,monet,00487_flip.jpg,vangogh_00487_flip_to_monet.jpg,0.67177224,0.6366338133811951,0.8270337581634521,0.74890274,monet,1
vangogh,photo,00487_flip.jpg,vangogh_00487_flip_to_photo.jpg,0.6890822,0.7308823466300964,0.7638748288154602,0.5673078,photo,1
vangogh,vangogh,00487_flip.jpg,vangogh_00487_flip_to_vangogh.jpg,0.6712762,0.7522817850112915,0.8873072862625122,0.7410433,vangogh,1
vangogh,Hayao,00522_flip.jpg,vangogh_00522_flip_to_Hayao.jpg,0.68713754,0.8058621883392334,0.8156510591506958,0.5553694,Hayao,1
vangogh,cezanne,00522_flip.jpg,vangogh_00522_flip_to_cezanne.jpg,0.6462485,0.6008307933807373,0.8609404563903809,0.80326277,cezanne,1
vangogh,monet,00522_flip.jpg,vangogh_00522_flip_to_monet.jpg,0.69282913,0.5129549503326416,0.7717339396476746,0.7287545,monet,1
vangogh,photo,00522_flip.jpg,vangogh_00522_flip_to_photo.jpg,0.709676,0.6358014345169067,0.7105908989906311,0.5947937,photo,1
vangogh,vangogh,00522_flip.jpg,vangogh_00522_flip_to_vangogh.jpg,0.6435297,0.5479015111923218,0.8613203763961792,0.81112206,vangogh,1
vangogh,Hayao,00541.jpg,vangogh_00541_to_Hayao.jpg,0.8564216,0.8427159786224365,0.8349827527999878,0.48192185,Hayao,1
vangogh,cezanne,00541.jpg,vangogh_00541_to_cezanne.jpg,0.8241511,0.798153817653656,0.8588616847991943,0.6209406,cezanne,1
vangogh,monet,00541.jpg,vangogh_00541_to_monet.jpg,0.91916025,0.7047326564788818,0.7875990271568298,0.5783516,monet,1
vangogh,photo,00541.jpg,vangogh_00541_to_photo.jpg,0.9147538,0.7720205783843994,0.7669676542282104,0.46269786,photo,1
vangogh,vangogh,00541.jpg,vangogh_00541_to_vangogh.jpg,0.8003406,0.7978305220603943,0.8938608169555664,0.70958686,vangogh,1
vangogh,Hayao,00544_flip.jpg,vangogh_00544_flip_to_Hayao.jpg,0.66041696,0.8458081483840942,0.844910204410553,0.5028352,Hayao,1
vangogh,cezanne,00544_flip.jpg,vangogh_00544_flip_to_cezanne.jpg,0.72369385,0.634040355682373,0.8626610636711121,0.8055613,vangogh,0
vangogh,monet,00544_flip.jpg,vangogh_00544_flip_to_monet.jpg,0.67315614,0.6667146682739258,0.8533923625946045,0.7680189,monet,1
vangogh,photo,00544_flip.jpg,vangogh_00544_flip_to_photo.jpg,0.6844256,0.617088794708252,0.7392460107803345,0.65773404,photo,1
vangogh,vangogh,00544_flip.jpg,vangogh_00544_flip_to_vangogh.jpg,0.66315496,0.5231391787528992,0.8679620027542114,0.856939,vangogh,1
vangogh,Hayao,00544.jpg,vangogh_00544_to_Hayao.jpg,0.66543055,0.7823213338851929,0.8202160596847534,0.6702799,Hayao,1
vangogh,cezanne,00544.jpg,vangogh_00544_to_cezanne.jpg,0.6624242,0.7355571985244751,0.8876947164535522,0.77571374,cezanne,1
vangogh,monet,00544.jpg,vangogh_00544_to_monet.jpg,0.66529405,0.5312213897705078,0.7963600754737854,0.7566482,monet,1
vangogh,photo,00544.jpg,vangogh_00544_to_photo.jpg,0.6919781,0.5782065987586975,0.7179533839225769,0.62449,photo,1
vangogh,vangogh,00544.jpg,vangogh_00544_to_vangogh.jpg,0.669055,0.6267133951187134,0.8698115348815918,0.8027735,vangogh,1
vangogh,Hayao,00649.jpg,vangogh_00649_to_Hayao.jpg,0.6810367,0.7592670917510986,0.8034829497337341,0.6346084,Hayao,1
vangogh,cezanne,00649.jpg,vangogh_00649_to_cezanne.jpg,0.6705816,0.6126124858856201,0.8149831295013428,0.74150515,cezanne,1
vangogh,monet,00649.jpg,vangogh_00649_to_monet.jpg,0.67897195,0.6917495727539062,0.8077048063278198,0.66417193,monet,1
vangogh,photo,00649.jpg,vangogh_00649_to_photo.jpg,0.72266966,0.7511498928070068,0.7687684893608093,0.5335972,photo,1
vangogh,vangogh,00649.jpg,vangogh_00649_to_vangogh.jpg,0.68130004,0.6861262321472168,0.8585242033004761,0.7460248,vangogh,1
vangogh,Hayao,00651.jpg,vangogh_00651_to_Hayao.jpg,0.6680307,0.7719824314117432,0.8180718421936035,0.6347284,Hayao,1
vangogh,cezanne,00651.jpg,vangogh_00651_to_cezanne.jpg,0.64969486,0.6799860596656799,0.8699526786804199,0.7659505,cezanne,1
vangogh,monet,00651.jpg,vangogh_00651_to_monet.jpg,0.67058414,0.6732017993927002,0.8620452880859375,0.764932,monet,1
vangogh,photo,00651.jpg,vangogh_00651_to_photo.jpg,0.65523076,0.6879498958587646,0.7867218255996704,0.64569455,photo,1
vangogh,vangogh,00651.jpg,vangogh_00651_to_vangogh.jpg,0.6785982,0.6487606763839722,0.9044362306594849,0.84477913,vangogh,1
vangogh,Hayao,00653_flip.jpg,vangogh_00653_flip_to_Hayao.jpg,0.7214588,0.8395223617553711,0.8414690494537354,0.5498964,Hayao,1
vangogh,cezanne,00653_flip.jpg,vangogh_00653_flip_to_cezanne.jpg,0.6862264,0.675476610660553,0.8550418019294739,0.73834145,cezanne,1
vangogh,monet,00653_flip.jpg,vangogh_00653_flip_to_monet.jpg,0.7480248,0.5527588129043579,0.7604213953018188,0.67369604,monet,1
vangogh,photo,00653_flip.jpg,vangogh_00653_flip_to_photo.jpg,0.71958065,0.7354426383972168,0.7751274108886719,0.5544733,photo,1
vangogh,vangogh,00653_flip.jpg,vangogh_00653_flip_to_vangogh.jpg,0.6364754,0.6459078788757324,0.8895422220230103,0.83451045,vangogh,1
vangogh,Hayao,00689_flip.jpg,vangogh_00689_flip_to_Hayao.jpg,0.71412945,0.7445447444915771,0.7815596461296082,0.636998,Hayao,1
vangogh,cezanne,00689_flip.jpg,vangogh_00689_flip_to_cezanne.jpg,0.68328166,0.6265259385108948,0.8564966320991516,0.778214,vangogh,0
vangogh,monet,00689_flip.jpg,vangogh_00689_flip_to_monet.jpg,0.730976,0.5039098262786865,0.749624490737915,0.6907251,monet,1
vangogh,photo,00689_flip.jpg,vangogh_00689_flip_to_photo.jpg,0.7322069,0.7305215001106262,0.8073073625564575,0.62287295,photo,1
vangogh,vangogh,00689_flip.jpg,vangogh_00689_flip_to_vangogh.jpg,0.66318446,0.4218771159648895,0.8695565462112427,0.8631109,vangogh,1
vangogh,Hayao,00699_flip.jpg,vangogh_00699_flip_to_Hayao.jpg,0.69308484,0.7990915179252625,0.8155321478843689,0.57214403,Hayao,1
vangogh,cezanne,00699_flip.jpg,vangogh_00699_flip_to_cezanne.jpg,0.70231855,0.6727333068847656,0.8436145782470703,0.7181549,vangogh,0
vangogh,monet,00699_flip.jpg,vangogh_00699_flip_to_monet.jpg,0.7994306,0.6610074043273926,0.8465742468833923,0.74138796,monet,1
vangogh,photo,00699_flip.jpg,vangogh_00699_flip_to_photo.jpg,0.8042163,0.6647908091545105,0.6969897747039795,0.50813365,photo,1
vangogh,vangogh,00699_flip.jpg,vangogh_00699_flip_to_vangogh.jpg,0.6816933,0.710501492023468,0.8979712724685669,0.79697526,vangogh,1
vangogh,Hayao,00755_flip.jpg,vangogh_00755_flip_to_Hayao.jpg,0.77677655,0.6553048491477966,0.756405234336853,0.6729501,Hayao,1
vangogh,cezanne,00755_flip.jpg,vangogh_00755_flip_to_cezanne.jpg,0.82467395,0.7299426794052124,0.8398483991622925,0.6859212,cezanne,1
vangogh,monet,00755_flip.jpg,vangogh_00755_flip_to_monet.jpg,0.8968693,0.6258179545402527,0.7385586500167847,0.6376882,monet,1
vangogh,photo,00755_flip.jpg,vangogh_00755_flip_to_photo.jpg,0.8976145,0.7373231649398804,0.7822141051292419,0.6138823,photo,1
vangogh,vangogh,00755_flip.jpg,vangogh_00755_flip_to_vangogh.jpg,0.81774175,0.6690653562545776,0.8177489042282104,0.6892227,vangogh,1
