epoch,loss,swd,repulsive,color,identity,identity_ratio,sched_factor,idt_anchor,topo_align,idt_repel,aent,amax,lr,data_time_sec,transfer_time_sec,fwd_loss_time_sec,backward_time_sec,optimizer_time_sec,step_overhead_time_sec,compute_time_sec,epoch_time_sec,samples_seen,samples_per_sec,compute_samples_per_sec
1,53.00178527832031,13.234395980834961,22.33970069885254,3.005375623703003,14.422306060791016,0.25,1.0,2.611201524734497,0.8514605760574341,10.95964527130127,0.9540432691574097,0.019112886860966682,8.000000000000001e-06,0.5117761003784835,0.004658899502828717,35.934899099869654,6.50189959956333,0.1025323998183012,0.040444300742819905,42.543989998754114,43.55505561828613,10080,231.43122783128803,236.9312328320684
2,51.08615493774414,12.506844520568848,22.211559295654297,2.350036382675171,14.017719268798828,0.25,1.0,2.272407054901123,0.6719444394111633,11.073369979858398,0.9513399600982666,0.019718021154403687,1.6000000000000003e-05,0.4869752998929471,0.004422100260853767,28.900738299591467,2.01581420074217,0.07402749918401241,0.03762979991734028,30.995002099778503,31.978265047073364,10080,315.2140988625184,325.21372212044577
3,50.139671325683594,11.931995391845703,21.83249855041504,2.163548469543457,14.211626052856445,0.25,1.0,2.758092164993286,0.6336026787757874,10.819931030273438,0.9309189915657043,0.027168845757842064,2.4e-05,0.49218699941411614,0.004594398895278573,28.946216099895537,1.996825500158593,0.07523980038240552,0.037867100443691015,31.022875799331814,32.00887942314148,10080,314.91261742554025,324.9215213058071
4,48.97007751464844,10.926804542541504,21.3139705657959,1.6713014841079712,15.057991981506348,0.25,1.0,4.130724906921387,0.7844124436378479,10.142853736877441,0.8974164724349976,0.04455868527293205,3.2000000000000005e-05,0.48342199996113777,0.004512400599196553,28.93356489879079,1.9797218991443515,0.07434009946882725,0.036622801097109914,30.992139298003167,31.971572399139404,10080,315.2800830112231,325.2437627191956
5,47.472877502441406,9.634795188903809,20.806833267211914,1.1816246509552002,15.84961986541748,0.25,1.0,5.686026096343994,0.9152286052703857,9.248368263244629,0.8764045238494873,0.05579482764005661,4e-05,0.4937839999329299,0.004540199879556894,28.908871499588713,2.035942500224337,0.07679869909770787,0.03774590068496764,31.026152898790315,32.0171639919281,10080,314.831132530704,324.88720186746104
6,46.806182861328125,9.241868019104004,20.386274337768555,1.1086375713348389,16.06941032409668,0.25,1.0,6.376136302947998,0.9378883242607117,8.755386352539062,0.8801032900810242,0.0530264675617218,4.8e-05,0.48751460085622966,0.004505900898948312,28.943994299741462,1.985157598508522,0.07544050016440451,0.03668470121920109,31.009098299313337,31.98899531364441,10080,315.10836464753027,325.06588558955974
7,46.486026763916016,9.200003623962402,20.1431827545166,1.1131863594055176,16.029645919799805,0.25,1.0,6.677579879760742,0.990875780582428,8.361189842224121,0.9019684195518494,0.0406222864985466,5.6e-05,0.4923821990378201,0.004596700659021735,28.951580899301916,2.0193624990060925,0.07571309944614768,0.03709440212696791,31.05125319841318,32.03860354423523,10080,314.62045423055633,324.6245790979902
8,46.1171875,8.992976188659668,19.981069564819336,1.0410116910934448,16.102128982543945,0.25,1.0,6.921167373657227,1.0256028175354004,8.15535831451416,0.9222012162208557,0.032560449093580246,6.400000000000001e-05,0.49964139936491847,0.004684200277552009,28.972277299966663,2.021009000716731,0.07652070000767708,0.038876399863511324,31.074491200968623,32.07108926773071,10080,314.30176617487996,324.3818196349357
9,45.93288040161133,8.78638744354248,19.810447692871094,1.1270555257797241,16.208980560302734,0.25,1.0,7.211699962615967,1.0109857320785522,7.986294269561768,0.9312618970870972,0.029581226408481598,7.2e-05,0.490524600725621,0.004318199353292584,28.960788200609386,2.0089791000355035,0.07468919968232512,0.037578100338578224,31.048774699680507,32.03672242164612,10080,314.6389280193435,324.6504925717318
10,45.614253997802734,8.520400047302246,19.498315811157227,1.0450509786605835,16.55048370361328,0.25,1.0,7.9420976638793945,1.1025155782699585,7.505871772766113,0.9269782900810242,0.03001965396106243,8e-05,0.48421120014972985,0.0044698999263346195,28.943149600178003,1.9902362995781004,0.07326469989493489,0.03795550065115094,31.011120499577373,31.989558219909668,10080,315.1028198234512,325.0446884090297
11,44.81938552856445,8.522649765014648,18.733749389648438,0.9585965871810913,16.604381561279297,0.25,1.0,8.811712265014648,1.2632853984832764,6.529386520385742,0.936707079410553,0.028355950489640236,7.967015051803222e-05,0.4906905007082969,0.004487500758841634,28.92752220062539,1.9950253998395056,0.07471379986964166,0.03826329717412591,31.00174890109338,31.986671447753906,10080,315.1312576072311,325.14294700466064
12,43.9654426574707,8.4163818359375,18.09287452697754,0.875703752040863,16.580476760864258,0.25,1.0,9.436928749084473,1.4507557153701782,5.692788600921631,0.9275171756744385,0.032947417348623276,7.930678541663467e-05,0.48337150062434375,0.004623499466106296,28.939504698617384,2.0314178001135588,0.07621919922530651,0.037389002507552505,31.051765197422355,32.02641177177429,10080,314.74022353274574,324.6192265049316
13,44.01169204711914,8.395100593566895,17.767675399780273,0.8329728841781616,17.015939712524414,0.25,1.0,10.0403470993042,1.6838114261627197,5.291779041290283,0.8954558968544006,0.046397436410188675,7.891026329329285e-05,0.5873220001813024,0.004467600490897894,28.835496799321845,1.976907999953255,0.07215589936822653,0.03600910073146224,30.889028299134225,31.96939969062805,10080,315.3015101173448,326.3294624351303
14,43.97064971923828,8.517840385437012,17.48609161376953,0.8532554507255554,17.11345863342285,0.25,1.0,10.255026817321777,1.9154894351959229,4.94294548034668,0.9003544449806213,0.04529915377497673,7.848097546746979e-05,0.4845154006034136,0.004582200897857547,28.946834500413388,2.0268513006158173,0.07492329995147884,0.03695689816959202,31.05319130187854,32.030295610427856,10080,314.7020596562441,324.6043185065561
15,44.262351989746094,8.568168640136719,17.467920303344727,0.8209615349769592,17.40530014038086,0.25,1.0,10.250958442687988,2.2067925930023193,4.94754695892334,0.8769065141677856,0.05595758557319641,7.801934559442104e-05,0.4850852012168616,0.004625499481335282,28.937425701180473,1.9774087006226182,0.07423420040868223,0.03656339808367193,30.99369410169311,31.97317099571228,10080,315.26431961821254,325.22744681310365
16,43.95671081542969,8.486974716186523,17.340078353881836,0.7768336534500122,17.35283088684082,0.25,1.0,10.176355361938477,2.3443570137023926,4.832116603851318,0.8458102345466614,0.07222386449575424,7.752582924709805e-05,0.484586599515751,0.004835500149056315,28.947186299134046,2.027448599692434,0.0761567004956305,0.037360499845817685,31.055627099471167,32.033313512802124,10080,314.6724111438401,324.5788586948756
17,44.09605026245117,8.568009376525879,17.223628997802734,0.8211069703102112,17.483308792114258,0.25,1.0,10.308341026306152,2.5449540615081787,4.6300153732299805,0.8225898742675781,0.08510353416204453,7.700091346655266e-05,0.4960522996261716,0.004514300497248769,28.941883199382573,1.996218099957332,0.07513480051420629,0.03625869960524142,31.01775040035136,32.00600528717041,10080,314.9408965460792,324.97521160934406
18,44.496986389160156,8.43307876586914,17.328567504882812,0.7657437920570374,17.96959114074707,0.25,1.0,10.580574989318848,2.668337821960449,4.720677375793457,0.8121849298477173,0.09304577857255936,7.644511628128644e-05,0.4808314999099821,0.00448090024292469,28.965904199983925,1.9925998991820961,0.0731445006094873,0.03701410046778619,31.036129500018433,32.00688433647156,10080,314.9322468889585,324.78276648491277
19,43.849327087402344,8.381770133972168,17.40964698791504,0.7960361242294312,17.261873245239258,0.25,1.0,9.946771621704102,2.496300458908081,4.818805694580078,0.821269690990448,0.08527246117591858,7.585898619601903e-05,0.49759689904749393,0.004524600226432085,28.916183800203726,2.0336075997911394,0.07634629914537072,0.03700190060772002,31.030662299366668,32.023221492767334,10080,314.77157918907807,324.83998900035505
20,44.342342376708984,8.63271427154541,17.44489860534668,0.7998034358024597,17.46491050720215,0.25,1.0,10.155279159545898,2.4424171447753906,4.867213249206543,0.7803247570991516,0.11063726991415024,7.524310165038025e-05,0.493345899740234,0.004390899324789643,28.953182199038565,1.9889729996211827,0.07433260092511773,0.03719910001382232,31.020878698909655,32.01112985610962,10080,314.89047857135034,324.9424395046005
21,44.05217742919922,8.623310089111328,17.505300521850586,0.7894212603569031,17.134145736694336,0.25,1.0,9.859550476074219,2.406435489654541,4.868160247802734,0.7379211187362671,0.14090585708618164,7.459807044805999e-05,0.49042219994589686,0.004492598585784435,28.99022680008784,2.009338299976662,0.07514559989795089,0.0387083007954061,31.079203298548236,32.06397581100464,10080,314.37149464604,324.33263823306737
22,44.8824577331543,8.763384819030762,17.721519470214844,0.8565865159034729,17.540964126586914,0.25,1.0,9.981925010681152,2.528059244155884,5.030982971191406,0.7004919648170471,0.16513226926326752,7.392452915697939e-05,0.4897047991398722,0.0044605000875890255,28.99293619976379,1.9776429003104568,0.07431250042282045,0.035857199458405375,31.049352100584656,32.03242635726929,10080,314.68112616803046,324.64445529638584
23,44.69609832763672,8.7687349319458,17.640830993652344,0.8352379202842712,17.4512996673584,0.25,1.0,10.027155876159668,2.4832241535186768,4.940918922424316,0.6851236820220947,0.17375245690345764,7.322314248107512e-05,0.4900878993794322,0.00470199971459806,29.09892570017837,2.0389437002595514,0.07564019900746644,0.03884389973245561,31.218211599159986,32.2060763835907,10080,312.98441573391585,322.88845144067227
24,45.42283630371094,8.638190269470215,17.88455581665039,0.8297619223594666,18.070343017578125,0.25,1.0,10.368241310119629,2.5787930488586426,5.123307704925537,0.6718470454216003,0.18179596960544586,7.249460260431686e-05,0.48466049996204674,0.004609599709510803,29.01511689927429,1.9742727999109775,0.07225630013272166,0.03633240098133683,31.0662555990275,32.048070430755615,10080,314.5275164624736,324.46781260357443
25,44.88533020019531,8.516843795776367,17.766876220703125,0.7632090449333191,17.838397979736328,0.25,1.0,10.179139137268066,2.6650497913360596,4.9942097663879395,0.6776412129402161,0.180351123213768,7.173962850760528e-05,0.4865130998659879,0.004436800256371498,29.01140130055137,1.9894839997868985,0.0733419000171125,0.03680939972400665,31.078664000611752,32.05914521217346,10080,314.41886342535526,324.33826627172857
26,44.959075927734375,8.669081687927246,17.734214782714844,0.7558993101119995,17.799882888793945,0.25,1.0,10.26942253112793,2.553313970565796,4.97714376449585,0.6624941229820251,0.188916876912117,7.09589652592247e-05,0.49228039965964854,0.0046350001357495785,29.010882099857554,2.0196861014701426,0.07657380006276071,0.03725259914062917,31.111777001526207,32.10544753074646,10080,313.96541008645573,323.9930653753889
27,44.55860900878906,8.518754005432129,17.601268768310547,0.7251120805740356,17.713472366333008,0.25,1.0,10.277694702148438,2.6481077671051025,4.787670612335205,0.6664722561836243,0.18526670336723328,7.01533832795507e-05,0.4834687998518348,0.004341599764302373,29.074808500008658,1.9857518994249403,0.07331420038826764,0.03597470000386238,31.138216199586168,32.119866371154785,10080,313.824468742259,323.7179655825617
28,44.55568313598633,8.536529541015625,17.492761611938477,0.7170397639274597,17.809349060058594,0.25,1.0,10.458198547363281,2.6185834407806396,4.732566833496094,0.6836432814598083,0.1767776608467102,6.932367758073806e-05,0.4970009995158762,0.004513499792665243,29.082031399942935,1.9990792996250093,0.07580990018323064,0.03779380023479462,31.16143409954384,32.15560340881348,10080,313.47569105909514,323.47676836052796
29,44.340118408203125,8.524934768676758,17.436351776123047,0.7228268384933472,17.65601921081543,0.25,1.0,10.271810531616211,2.6700260639190674,4.7141804695129395,0.6935771703720093,0.16680940985679626,6.847066698213997e-05,0.4796292991377413,0.004362199921160936,29.118266900535673,2.0012207995168865,0.0729571997653693,0.03627160098403692,31.19680709973909,32.17550206184387,10080,313.2818248065077,323.10998903744553
30,44.222564697265625,8.544425010681152,17.310914993286133,0.7249404191970825,17.642284393310547,0.25,1.0,10.278651237487793,2.7688727378845215,4.594758987426758,0.6927080154418945,0.16783761978149414,6.759519330223202e-05,0.49134270078502595,0.004754599882289767,29.09156020102091,2.0196678990032524,0.0744338994845748,0.037470699986442924,31.19041659939103,32.17784142494202,10080,313.2590488865635,323.1761899646062
31,44.135948181152344,8.634923934936523,17.38058090209961,0.7254451513290405,17.39500617980957,0.25,1.0,9.925376892089844,2.819685697555542,4.649940013885498,0.6850950121879578,0.1735462099313736,6.669812052783906e-05,0.48264029948040843,0.004379700170829892,29.10130159999244,1.9743458998855203,0.07222960074432194,0.03721219883300364,31.15225680079311,32.1367621421814,10080,313.6594768136086,323.5720629955571
32,43.6572380065918,8.436796188354492,17.445402145385742,0.6756912469863892,17.099349975585938,0.25,1.0,9.658750534057617,2.8341705799102783,4.606425762176514,0.6931187510490417,0.17133376002311707,6.57803339614845e-05,0.49020220059901476,0.004546701209619641,29.09394420031458,2.0041633998043835,0.07741560065187514,0.03600019821897149,31.18006990198046,32.16897487640381,10080,313.34539066688626,323.2834317462435
33,43.92650604248047,8.436211585998535,17.4852352142334,0.7375216484069824,17.267534255981445,0.25,1.0,9.75023078918457,2.802406072616577,4.714900016784668,0.7143959403038025,0.1536981165409088,6.484273934770361e-05,0.49147940054535866,0.004480000352486968,29.107032000320032,2.0325500988401473,0.07338920049369335,0.03671309957280755,31.21745130000636,32.20870494842529,10080,312.9588729550214,322.89631536953647
34,43.526710510253906,8.421968460083008,17.425945281982422,0.6882791519165039,16.99051856994629,0.25,1.0,9.466517448425293,2.7939646244049072,4.730034351348877,0.7086461782455444,0.16269804537296295,6.388626197918305e-05,0.4814031005371362,0.004499100148677826,29.13057929952629,1.9850359002593905,0.07267920044250786,0.03835889929905534,31.192793500376865,32.17651963233948,10080,313.2719173850285,323.15156383407003
35,43.643882751464844,8.634576797485352,17.246599197387695,0.7679091095924377,16.99479103088379,0.25,1.0,9.58013916015625,2.900357723236084,4.514296531677246,0.724061131477356,0.14824099838733673,6.291184578360862e-05,0.4919767996761948,0.0046543998178094625,29.158528100699186,2.005538099212572,0.07441629935055971,0.03773870156146586,31.243136899080127,32.23582887649536,10080,312.6955425473733,322.6308559399738
36,43.21261215209961,8.289107322692871,17.21396827697754,0.6604729890823364,17.049060821533203,0.25,1.0,9.636202812194824,2.9276769161224365,4.485179901123047,0.7234411239624023,0.15085531771183014,6.192045239212265e-05,0.4797485989984125,0.004384299041703343,29.142264300026,1.9824738008901477,0.07375759934075177,0.03711330099031329,31.202879999298602,32.18504571914673,10080,313.1889290436352,323.04710335156835
37,43.420230865478516,8.54627799987793,17.111099243164062,0.6874198317527771,17.075428009033203,0.25,1.0,9.712300300598145,2.9533421993255615,4.409781455993652,0.7159228920936584,0.15798839926719666,6.091306019031018e-05,0.4902689999435097,0.0045674999710172415,29.143474899232388,2.030667200218886,0.07376939989626408,0.03856870043091476,31.252478999318555,32.23741006851196,10080,312.6802053445877,322.5344139970397
38,43.64888000488281,8.680980682373047,17.072067260742188,0.6843886375427246,17.211448669433594,0.25,1.0,9.758580207824707,2.984776496887207,4.468090057373047,0.7344602346420288,0.13736538589000702,5.989066335265045e-05,0.48169840034097433,0.004313199780881405,29.14909559977241,1.9856710999738425,0.07257729978300631,0.03701390000060201,31.21165719931014,32.19249248504639,10080,313.11648219479196,322.95625751723287
39,43.165809631347656,8.374923706054688,17.126649856567383,0.7257503271102905,16.93848419189453,0.25,1.0,9.610033988952637,2.982780694961548,4.34566593170166,0.7218632102012634,0.1505088061094284,5.885427086138678e-05,0.4928231993690133,0.004680300829932094,29.17569790012203,1.9928019987419248,0.07502500130794942,0.03858599835075438,31.248205201001838,32.244449853897095,10080,312.6119392848541,322.57852683573736
40,43.229400634765625,8.581106185913086,17.13301658630371,0.7130624651908875,16.802217483520508,0.25,1.0,9.413649559020996,2.9366166591644287,4.451952934265137,0.7197091579437256,0.14874832332134247,5.780490551078285e-05,0.4847237993963063,0.004421200603246689,29.172421000665054,2.0109729992691427,0.0738172996789217,0.0393627998419106,31.261632500216365,32.24889278411865,10080,312.56887073543237,322.43997494149534
41,43.421749114990234,8.57807445526123,17.060100555419922,0.729946494102478,17.053621292114258,0.25,1.0,9.691413879394531,2.945415496826172,4.416790962219238,0.71635502576828,0.1510230004787445,5.674360289774829e-05,0.48430619947612286,0.004614100093021989,29.194590700091794,1.9871461007278413,0.07401850074529648,0.03614389803260565,31.260369401657954,32.24519991874695,10080,312.6046675288131,322.45300336935196
42,43.431846618652344,8.521220207214355,17.098894119262695,0.7319652438163757,17.079763412475586,0.25,1.0,9.624622344970703,3.0158658027648926,4.439272880554199,0.7238719463348389,0.14055682718753815,5.567141039982956e-05,0.4864791992586106,0.004592500394210219,29.211525998311117,2.02358919987455,0.07471209997311234,0.03770040185190737,31.31441979855299,32.305686235427856,10080,312.0193741294318,321.8964318944778
43,43.22030258178711,8.461597442626953,17.11890983581543,0.7331468462944031,16.90665054321289,0.25,1.0,9.422270774841309,2.987743377685547,4.496635913848877,0.7145000100135803,0.14853031933307648,5.458938614157472e-05,0.4806205003987998,0.00434529990889132,29.201452300651,1.9715268993750215,0.07244200026616454,0.03626980003900826,31.249766500201076,32.23411440849304,10080,312.7121741971643,322.5624101842534
44,43.13474655151367,8.584859848022461,17.11033058166504,0.773933470249176,16.665618896484375,0.25,1.0,9.251545906066895,2.9488189220428467,4.4652533531188965,0.7120591402053833,0.1515524983406067,5.349859795029233e-05,0.49885060102678835,0.00492879981175065,29.206174100516364,2.038027099799365,0.07522229943424463,0.03822140162810683,31.324352299561724,32.31773090362549,10080,311.90308595796864,321.79436317159013
45,43.020748138427734,8.629748344421387,17.07738494873047,0.7429660558700562,16.570650100708008,0.25,1.0,9.1622314453125,2.95162034034729,4.456797122955322,0.7161766886711121,0.14791692793369293,5.2400122302234705e-05,0.47626539994962513,0.004446998471394181,29.25273510068655,1.9690365006681532,0.07254489953629673,0.036912801675498486,31.298763499362394,32.27959704399109,10080,312.27155612453384,322.0574512537962
46,42.976402282714844,8.653871536254883,17.003856658935547,0.7588282227516174,16.55984115600586,0.25,1.0,9.111680030822754,3.032297372817993,4.415863513946533,0.7187840342521667,0.1482151746749878,5.1295043260245906e-05,0.4918698000255972,0.004396600415930152,29.224367399699986,2.007699100067839,0.0735899000428617,0.036634800024330616,31.310053000226617,32.302194118499756,10080,312.05310583614795,321.9413266380304
47,43.093711853027344,8.662403106689453,17.091066360473633,0.798833429813385,16.541414260864258,0.25,1.0,9.082016944885254,2.949819803237915,4.509576320648193,0.7177754640579224,0.14736203849315643,5.018445140392258e-05,0.48836939968168736,0.004657999146729708,29.265776299871504,1.9833404992241412,0.07609010045416653,0.0363436012994498,31.329864898696542,32.319900035858154,10080,311.8821527546955,321.7377423296636
48,42.81340408325195,8.592052459716797,16.8968448638916,0.7180532217025757,16.60645294189453,0.25,1.0,9.214205741882324,3.0201704502105713,4.3720784187316895,0.7146186828613281,0.14666549861431122,4.906944275334352e-05,0.49174079997465014,0.004378500627353787,29.23185499967076,2.0211779014207423,0.07324320008046925,0.0374891993124038,31.330654601799324,32.31394624710083,10080,311.9396165024062,321.7296327865778
49,43.08769989013672,8.736001014709473,16.99309730529785,0.8019613027572632,16.5566349029541,0.25,1.0,9.163735389709473,3.0166001319885254,4.3763017654418945,0.7125135064125061,0.14783938229084015,4.795111768743024e-05,0.4945589993149042,0.0046259991358965635,28.310281300451607,2.124883599812165,0.07546660071238875,0.038914599223062396,30.515257500112057,31.495952606201172,10080,320.0411216651174,330.32655877024746
50,42.933937072753906,8.717317581176758,16.93931007385254,0.7266013026237488,16.55071258544922,0.25,1.0,9.19810962677002,3.0568718910217285,4.295729160308838,0.7123429179191589,0.15067429840564728,4.683057985800575e-05,0.48036319948732853,0.004195200279355049,27.938502800185233,1.9600454994942993,0.0715970997698605,0.03645629994571209,29.974340599728748,30.93316078186035,10080,325.8638866905272,336.2876312979248
51,43.0298957824707,8.58629322052002,17.03807258605957,0.7877415418624878,16.61778450012207,0.25,1.0,9.120603561401367,3.0877132415771484,4.409470558166504,0.7074159383773804,0.15499983727931976,4.5708935100623544e-05,0.49241310032084584,0.004342700121924281,27.915925700217485,2.0125820010434836,0.07199000054970384,0.03874799772165716,30.004840401932597,30.977588891983032,10080,325.3965321558223,335.94579624395374
52,43.17035675048828,8.776750564575195,17.01477813720703,0.828319787979126,16.550514221191406,0.25,1.0,9.062342643737793,3.066272258758545,4.4218974113464355,0.7076313495635986,0.15323230624198914,4.458729034324134e-05,0.4815827002748847,0.00429319916293025,27.949069500435144,1.960714699467644,0.07213270012289286,0.03584099910221994,29.98621009918861,30.949243307113647,10080,325.6945541438528,336.15451791531177
53,42.770992279052734,8.674888610839844,16.950199127197266,0.7787488698959351,16.367158889770508,0.25,1.0,8.990893363952637,3.0156495571136475,4.360613822937012,0.708287239074707,0.15181581676006317,4.346675251381686e-05,0.48951550014317036,0.004476099740713835,27.91692230035551,1.9847023990005255,0.07319210120476782,0.0366931997705251,29.979292900301516,30.95143985748291,10080,325.6714403728468,336.23207970654374
54,42.76456069946289,8.654200553894043,17.042299270629883,0.7489799857139587,16.319076538085938,0.25,1.0,8.90368366241455,3.014145851135254,4.401247501373291,0.7035465240478516,0.1567651480436325,4.2348427447903565e-05,0.4841143002267927,0.004227600060403347,27.93656379985623,1.971221499843523,0.07214320101775229,0.03590259933844209,29.98415610077791,30.950230836868286,10080,325.68416219993367,336.1775454383552
55,42.98635482788086,8.778800010681152,17.052112579345703,0.8206576704978943,16.334781646728516,0.25,1.0,8.906408309936523,3.0249388217926025,4.403437614440918,0.7031459212303162,0.15555796027183533,4.123341879732451e-05,0.4805304000619799,0.004277000669389963,27.94678970007226,1.9581446000374854,0.07035490055568516,0.03549649892374873,29.97956620133482,30.937928676605225,10080,325.8136672744461,336.22901453294526
56,43.087928771972656,8.79267406463623,17.104707717895508,0.76167231798172,16.42888069152832,0.25,1.0,8.950766563415527,2.988328218460083,4.4897847175598145,0.7043527960777283,0.15658411383628845,4.012282694100117e-05,0.4970561000518501,0.004287800984457135,27.92514759954065,2.006103599211201,0.07390269939787686,0.03773270011879504,30.009441699134186,30.986870288848877,10080,325.2990671867707,335.8942862402809
57,43.222190856933594,8.861424446105957,17.038856506347656,0.8050082325935364,16.51690101623535,0.25,1.0,9.122477531433105,3.013833999633789,4.380591869354248,0.7054771780967712,0.15599407255649567,3.901774789901238e-05,0.47811739915050566,0.00427930080331862,27.913783499971032,1.980738100130111,0.07291490072384477,0.03704059892334044,29.971715801628307,30.93374538421631,10080,325.8577283416588,336.3170819687398
58,42.73130416870117,8.728954315185547,17.028465270996094,0.7838860154151917,16.189998626708984,0.25,1.0,8.777746200561523,3.0194642543792725,4.392788410186768,0.7050572633743286,0.15703663229942322,3.791927225095476e-05,0.5671719997189939,0.004785799188539386,27.869353900197893,2.0056217999663204,0.07339759962633252,0.0373945003375411,29.953159098979086,31.001649618148804,10080,325.143988276644,336.52543849184724
59,42.87913131713867,8.778051376342773,16.966320037841797,0.785589337348938,16.349172592163086,0.25,1.0,8.939173698425293,3.0373787879943848,4.372620105743408,0.7047528624534607,0.1544240266084671,3.682848405967235e-05,0.4819245997350663,0.004327999660745263,27.955264099873602,1.938727400265634,0.07093429914675653,0.0361809020396322,29.96925379894674,30.93511199951172,10080,325.84333297901435,336.3447107366503
60,42.97593307495117,8.673096656799316,17.064695358276367,0.791973888874054,16.446176528930664,0.25,1.0,8.980637550354004,3.051403522491455,4.4141340255737305,0.7070928812026978,0.153657004237175,3.5746459801417535e-05,0.47847589990124106,0.004223700379952788,27.976360900094733,1.9389619997236878,0.0703551007900387,0.03665489936247468,29.989901700988412,30.95021080970764,10080,325.68437294257046,336.11313903265585
61,42.9156379699707,8.726337432861328,17.001995086669922,0.7770795226097107,16.410226821899414,0.25,1.0,8.965082168579102,3.0008089542388916,4.444336891174316,0.7003205418586731,0.15782953798770905,3.4674267303498814e-05,0.5002708989195526,0.0044964998960494995,27.92755929962732,1.9873968998435885,0.07423759973607957,0.0363803009968251,29.993690299103037,30.976804733276367,10080,325.40476936834324,336.0706835164409
62,42.88296127319336,8.707636833190918,17.07571029663086,0.8141552209854126,16.285459518432617,0.25,1.0,8.820572853088379,3.028947353363037,4.435938358306885,0.6959242820739746,0.16056698560714722,3.361296469046425e-05,0.4797984992619604,0.0041183000430464745,27.94898570002988,1.9553788003977388,0.07169549958780408,0.03627159958705306,29.98017830005847,30.93768548965454,10080,325.81622834619344,336.2221498189136
63,42.966835021972656,8.827668190002441,16.979066848754883,0.7904426455497742,16.369665145874023,0.25,1.0,8.933825492858887,3.015605926513672,4.420235633850098,0.6982056498527527,0.1561848521232605,3.256359933986033e-05,0.4887795001268387,0.0043973003048449755,27.959703399101272,1.9975020997226238,0.07447829958982766,0.03689330071210861,30.03608109871857,31.005967140197754,10080,325.0987125936724,335.59637713290243
64,42.7594108581543,8.720416069030762,17.025617599487305,0.7539536356925964,16.259431838989258,0.25,1.0,8.773327827453613,3.0428638458251953,4.4432373046875,0.7000468969345093,0.15446259081363678,3.152720684859663e-05,0.4965409005526453,0.004344800021499395,27.9511401001364,1.9866442000493407,0.07350529986433685,0.038044700399041176,30.015634400071576,30.996012449264526,10080,325.20312141761246,335.8249859271994
65,42.97549819946289,8.71528434753418,16.94104766845703,0.8474200963973999,16.47174835205078,0.25,1.0,8.991891860961914,3.050339698791504,4.42951774597168,0.6961446404457092,0.15795020759105682,3.0504810010936903e-05,0.4840869987383485,0.004244600655511022,27.96160789905116,1.9833584004081786,0.07276070024818182,0.03733239904977381,30.02197160036303,30.990192890167236,10080,325.26419037547345,335.7540981711578
66,42.77912139892578,8.726969718933105,16.977710723876953,0.8122664093971252,16.262176513671875,0.25,1.0,8.816408157348633,3.055283784866333,4.390484809875488,0.6965668797492981,0.15873809158802032,2.9497417809124428e-05,0.4789718007668853,0.004299998981878161,27.966993500012904,1.9681332998443395,0.07259909994900227,0.036654801573604345,30.012025898788124,30.97296953201294,10080,325.4450623335146,335.8653639042417
67,42.968658447265625,8.820435523986816,16.934297561645508,0.7655993700027466,16.448326110839844,0.25,1.0,9.05998420715332,3.08711576461792,4.301228046417236,0.6910029649734497,0.1614547073841095,2.850602441763845e-05,0.4974308009259403,0.004378200275823474,27.925115800462663,1.9911601000931114,0.07366499910131097,0.03763600089587271,29.99431909993291,30.97607135772705,10080,325.41247350547314,336.0636381314803
68,42.616172790527344,8.59071159362793,17.076602935791016,0.8002981543540955,16.148557662963867,0.25,1.0,8.70567512512207,3.031229019165039,4.411656856536865,0.6917219758033752,0.16276665031909943,2.753160822206402e-05,0.48343799938447773,0.004477599868550897,27.971697199624032,2.00108359917067,0.07226919964887202,0.036411001114174724,30.049527598312125,31.011404514312744,10080,325.04171152092647,335.44620516983406
69,42.77775955200195,8.757787704467773,17.00973129272461,0.7680186033248901,16.242219924926758,0.25,1.0,8.835587501525879,3.0700902938842773,4.3365397453308105,0.692004382610321,0.1622343808412552,2.6575130853543444e-05,0.48492430057376623,0.004309999290853739,27.95531339989975,1.951525799697265,0.07026569941081107,0.035660201450809836,29.98141489829868,30.947171449661255,10080,325.7163588083051,336.20828217056555
70,42.62125778198242,8.705492973327637,17.00316619873047,0.7578052282333374,16.15479278564453,0.25,1.0,8.695919036865234,3.0647084712982178,4.394161701202393,0.6955559253692627,0.1584426313638687,2.5637536239762567e-05,0.4955326986964792,0.004284399328753352,27.962138099828735,1.9890140006318688,0.07394159911200404,0.036939401645213366,30.02937809890136,31.00538921356201,10080,325.1047722887776,335.6712871908853
71,42.46686935424805,8.761528968811035,16.9155330657959,0.7733672857284546,16.016435623168945,0.25,1.0,8.694125175476074,3.035200357437134,4.287110328674316,0.6929432153701782,0.15985317528247833,2.471974967340801e-05,0.4854040995705873,0.00448659947142005,27.95019169920124,1.9532343000173569,0.072477099718526,0.03665340202860534,29.980389698408544,30.950424194335938,10080,325.68212754397996,336.2197790422677
72,42.47291946411133,8.714746475219727,16.95625114440918,0.7908316254615784,16.01108741760254,0.25,1.0,8.570832252502441,3.0771684646606445,4.363085746765137,0.6889531016349792,0.16321103274822235,2.382267689901503e-05,0.4794645004440099,0.004328200360760093,27.94648109958507,1.9853557993192226,0.07182230008766055,0.03650740091688931,30.007987399352714,30.969749927520752,10080,325.47889548964605,335.91056493903454
73,42.75303649902344,8.733696937561035,16.933500289916992,0.7795589566230774,16.306270599365234,0.25,1.0,8.871910095214844,3.1099884510040283,4.324374675750732,0.6882982850074768,0.1648591309785843,2.2947203219107072e-05,0.49392889882437885,0.004488001111894846,27.9496742002666,1.979034600313753,0.07234739977866411,0.03660759935155511,30.00554420147091,30.984054803848267,10080,325.3286267344211,335.93791641698886
74,42.65378952026367,8.81143569946289,17.03976821899414,0.7529969811439514,16.049589157104492,0.25,1.0,8.521001815795898,3.1255061626434326,4.403084754943848,0.691521167755127,0.16076287627220154,2.2094192620508982e-05,0.5022138005588204,0.004335200181230903,27.93618640047498,1.9518777991179377,0.07119350042194128,0.03605299908667803,29.96359290019609,30.947120666503906,10080,325.7168932976128,336.4082549637775
75,42.847164154052734,8.746512413024902,16.990503311157227,0.7755340337753296,16.334617614746094,0.25,1.0,8.818794250488281,3.149864673614502,4.365959167480469,0.6914287805557251,0.16011659801006317,2.126448692169634e-05,0.48589279945008457,0.004220199538394809,27.980443599866703,1.9786080992780626,0.07237300043925643,0.03724060137756169,30.035644899122417,31.002532720565796,10080,325.13472659971893,335.6012509088666
76,42.757999420166016,8.734436988830566,17.03055191040039,0.7503923773765564,16.242618560791016,0.25,1.0,8.717711448669434,3.096787214279175,4.4281182289123535,0.6908117532730103,0.16037815809249878,2.045890494202232e-05,0.48364049987867475,0.004233699990436435,27.959830299718305,1.9535342000890523,0.07142769987694919,0.03564459993503988,29.989025899674743,30.952585220336914,10080,325.6593892964098,336.1229549009568
77,42.6330451965332,8.793213844299316,17.055540084838867,0.794347882270813,15.989941596984863,0.25,1.0,8.483236312866211,3.069248914718628,4.437457084655762,0.6942940950393677,0.1565617173910141,1.9678241693641755e-05,0.4832742002326995,0.004348700167611241,27.97323750006035,1.980114500503987,0.07185349962674081,0.03588920016773045,30.02955420035869,30.995314598083496,10080,325.21044327852275,335.66931872333953
78,42.803592681884766,8.851934432983398,16.97018051147461,0.8491759300231934,16.132305145263672,0.25,1.0,8.662887573242188,3.160745143890381,4.308669567108154,0.6874276399612427,0.1632603108882904,1.892326759693017e-05,0.4826716005336493,0.004402899881824851,27.96447990089655,1.9821432002354413,0.07457240018993616,0.03658629837445915,30.02559840120375,30.990071535110474,10080,325.26546408838635,335.71354233512574
79,42.61529541015625,8.762042999267578,17.012025833129883,0.7797883749008179,16.061439514160156,0.25,1.0,8.503735542297363,3.1259326934814453,4.4317708015441895,0.6887984275817871,0.15979216992855072,1.819472772017191e-05,0.4856119998730719,0.004251000005751848,27.935221099993214,1.9623767000157386,0.07071259943768382,0.03634539991617203,29.97256139945239,30.94181990623474,10080,325.7726930912972,336.30759365744984
80,42.903079986572266,8.936782836914062,16.926305770874023,0.8199440240859985,16.220048904418945,0.25,1.0,8.745109558105469,3.1361608505249023,4.338781356811523,0.6828495860099792,0.1662789136171341,1.7493341044267632e-05,0.4890400995500386,0.004406300839036703,27.94713390013203,2.024823300074786,0.0726440001744777,0.036251099314540625,30.04900750122033,31.022343635559082,10080,324.9270950775586,335.45201117177123
81,42.86917495727539,8.719992637634277,17.07910919189453,0.8192095756530762,16.250865936279297,0.25,1.0,8.670659065246582,3.076848030090332,4.503364086151123,0.6831758618354797,0.1664397120475769,1.6819799753187035e-05,0.4816832998767495,0.004169300198554993,27.963653700891882,1.9703647999558598,0.0712084996048361,0.03560149995610118,30.009396300651133,30.97536540031433,10080,325.41988995867376,335.89479438416055
82,42.66263198852539,8.827193260192871,17.016618728637695,0.7832654714584351,16.035560607910156,0.25,1.0,8.51824951171875,3.147786855697632,4.369524955749512,0.6828011274337769,0.16558796167373657,1.617476855086678e-05,0.49306519981473684,0.004432700574398041,27.95469419960864,2.0097343996167183,0.07214690023101866,0.03774209995754063,30.041008200030774,31.014253854751587,10080,325.0118493002429,335.5413351270173
83,42.75756072998047,8.801029205322266,17.054899215698242,0.8001335263252258,16.101497650146484,0.25,1.0,8.544754981994629,3.1294734477996826,4.42726993560791,0.6802140474319458,0.16844803094863892,1.555888400522799e-05,0.48225139919668436,0.00450859940610826,27.94757100031711,1.9523172003682703,0.07262739981524646,0.036079799523577094,29.977024199906737,30.941203117370605,10080,325.7791871170329,336.2575261900533
84,42.54804229736328,8.746474266052246,16.961864471435547,0.8060680627822876,16.03363037109375,0.25,1.0,8.51509952545166,3.1364545822143555,4.382077693939209,0.6824793815612793,0.16621199250221252,1.4972753919960563e-05,0.483797999098897,0.0041573005728423595,27.940654299920425,1.9942907996010035,0.0720974002033472,0.03621480078436434,30.011199800297618,30.977288246154785,10080,325.399690247297,335.8746090484539
85,43.033958435058594,8.915240287780762,16.935731887817383,0.8876639008522034,16.295326232910156,0.25,1.0,8.741368293762207,3.134290933609009,4.4196672439575195,0.6800098419189453,0.16842031478881836,1.4416956734694343e-05,0.4868631006684154,0.0044396992307156324,27.930043200496584,2.004041400272399,0.07234290102496743,0.03619749820791185,30.010867201024666,30.980517625808716,10080,325.36577089347037,335.87833142175367
86,42.706241607666016,8.831324577331543,16.9439697265625,0.7710177302360535,16.159934997558594,0.25,1.0,8.659719467163086,3.1206932067871094,4.37952184677124,0.678568422794342,0.17025016248226166,1.389204095414896e-05,0.49082990013994277,0.004248599521815777,27.94896630058065,1.9444478994701058,0.07086140010505915,0.036544199800118804,29.96852419967763,30.94311833381653,10080,325.7590230970342,336.35289922312654
87,42.568302154541016,8.807378768920898,16.985687255859375,0.8118138909339905,15.96342945098877,0.25,1.0,8.467387199401855,3.090528726577759,4.405511379241943,0.6776819825172424,0.17013640701770782,1.3398524606825967e-05,0.5640301993116736,0.004443699726834893,27.905729500344023,1.9777028993703425,0.0735508999787271,0.03674530051648617,29.961426999419928,31.008473873138428,10080,325.07243153078736,336.43257379547225
88,42.80186462402344,8.957690238952637,17.021739959716797,0.785667896270752,16.03676986694336,0.25,1.0,8.511346817016602,3.1352620124816895,4.390161037445068,0.6765400767326355,0.17101626098155975,1.2936894733777217e-05,0.48240229999646544,0.004232299514114857,27.972109200200066,1.940507500199601,0.0715663000009954,0.036381599958986044,29.988415299914777,30.95401668548584,10080,325.64432921322464,336.12979876361277
89,42.499366760253906,8.675207138061523,16.99368667602539,0.7925829291343689,16.037891387939453,0.25,1.0,8.456059455871582,3.144282579421997,4.437550067901611,0.6752560138702393,0.17135727405548096,1.2507606907954156e-05,0.4840595000423491,0.00433069933205843,27.963339399779215,1.9854200989939272,0.07218219945207238,0.03761460282839835,30.025272397557274,30.994870901107788,10080,325.21509872266415,335.71718739244693
90,42.624847412109375,8.707975387573242,17.011655807495117,0.7984199523925781,16.106792449951172,0.25,1.0,8.529536247253418,3.1394615173339844,4.437795162200928,0.6745635867118835,0.17168235778808594,1.2111084784612333e-05,0.48778849956579506,0.004229300422593951,27.94877180014737,1.9669535998255014,0.07206780044361949,0.03728079958818853,29.992022500839084,30.96242380142212,10080,325.5559081759297,336.0893717560392
91,42.5814094543457,8.71435832977295,17.053241729736328,0.8010997176170349,16.01270866394043,0.25,1.0,8.51093578338623,3.1320841312408447,4.369687557220459,0.6767261028289795,0.17130814492702484,1.174771968321479e-05,0.4828666993416846,0.004417600808665156,27.970921099651605,1.9387587003875524,0.0718400003388524,0.03665779763832688,29.985937401186675,30.954180479049683,10080,325.64260607132906,336.15757497049566
92,42.70330047607422,8.742849349975586,16.974382400512695,0.751123309135437,16.234947204589844,0.25,1.0,8.696911811828613,3.1468253135681152,4.391212463378906,0.6751852035522461,0.17224211990833282,1.1417870201247004e-05,0.4944682002533227,0.004644500324502587,27.983534100698307,1.982888400554657,0.0730328990612179,0.03771229926496744,30.044099900638685,31.023406267166138,10080,324.9159654872665,335.5068061062371
93,42.566436767578125,8.743769645690918,16.95689582824707,0.7985526919364929,16.06721305847168,0.25,1.0,8.54495620727539,3.1633377075195312,4.358920097351074,0.6775370836257935,0.16958323121070862,1.1121861860324466e-05,0.47959799971431494,0.004279699409380555,27.970648700371385,1.9540050998330116,0.07185670104809105,0.03703459957614541,30.000790200661868,30.96449637413025,10080,325.53411746820746,335.99114998569667
94,42.724735260009766,8.873920440673828,16.985462188720703,0.7999753355979919,16.06537628173828,0.25,1.0,8.559307098388672,3.126091480255127,4.379974365234375,0.6784627437591553,0.16856779158115387,1.085998678494214e-05,0.4909791008103639,0.00435580057092011,27.991416899720207,1.9823903997894377,0.07265100139193237,0.038053598487749696,30.050814101472497,31.023143529891968,10080,324.91871722436963,335.4318444073726
95,42.38970947265625,8.719376564025879,17.000354766845703,0.7843848466873169,15.885590553283691,0.25,1.0,8.365626335144043,3.148056983947754,4.371909141540527,0.677424967288971,0.1685228794813156,1.0632503414182872e-05,0.4764820004347712,0.004148199688643217,27.971275200368837,1.944155299803242,0.07176140020601451,0.03576570097357035,29.991340100066736,30.948737382888794,10080,325.6998783276089,336.0970188850471
96,42.68938446044922,8.76502513885498,16.958847045898438,0.7989436984062195,16.166563034057617,0.25,1.0,8.623855590820312,3.1719460487365723,4.370762348175049,0.6757615804672241,0.17048685252666473,1.043963624666921e-05,0.49247470032423735,0.004306300077587366,27.96302710007876,1.9646141012199223,0.07443570019677281,0.03617519768886268,30.006383201573044,30.982346534729004,10080,325.3465643314343,335.9285233507106
97,42.809871673583984,8.827409744262695,16.953489303588867,0.8098745942115784,16.21909523010254,0.25,1.0,8.704392433166504,3.1712124347686768,4.3434906005859375,0.6748641729354858,0.17107445001602173,1.0281575619010346e-05,0.501317500602454,0.004440500168129802,28.69550820067525,2.0506750997155905,0.07489010016433895,0.039209598675370216,30.82551390072331,31.8117253780365,10080,316.86429705442663,327.001847640356
98,42.9383430480957,8.960611343383789,17.003223419189453,0.8445106148719788,16.1299991607666,0.25,1.0,8.575901985168457,3.1397552490234375,4.414345741271973,0.6732925176620483,0.17328765988349915,1.0158477517962887e-05,0.47788899997249246,0.004413199843838811,28.783287800382823,1.9568874002434313,0.07338390056975186,0.03549019852653146,30.817972301039845,31.787508726119995,10080,317.1056935241106,327.08186968095515
99,42.61041259765625,8.755324363708496,16.95962905883789,0.8206655979156494,16.074790954589844,0.25,1.0,8.587604522705078,3.154252529144287,4.33293342590332,0.6761396527290344,0.16976860165596008,1.0070463426490757e-05,0.5066610991489142,0.004614898934960365,29.910570100182667,2.106368400156498,0.07569249998778105,0.039118000539019704,32.09724589926191,33.11285424232483,10080,304.4135043821064,314.04563592890054
100,42.59503936767578,8.85018539428711,16.93109130859375,0.8227678537368774,15.990987777709961,0.25,1.0,8.526418685913086,3.1606178283691406,4.303953647613525,0.67156583070755,0.17439517378807068,1.0017620203876167e-05,0.5122441998682916,0.004926999099552631,31.106219899840653,2.1326138000003994,0.07873110007494688,0.040492800530046225,33.32249179901555,34.3536376953125,10080,293.4187083592431,302.4983863991166
