epoch,loss,flow,kinetic_energy,ot_cost,terminal_swd,color,repulsive,plan_entropy,bridge_sigma,identity_ratio,t_mean,velocity_abs,endpoint_abs,lr,data_time_sec,forward_time_sec,backward_time_sec,optimizer_time_sec,compute_time_sec,epoch_time_sec,samples_seen,samples_per_sec
1,8.976705551147461,0.18875651061534882,0.37751302123069763,0.0,3.6661500930786133,4.833041667938232,0.09999994188547134,0.0,0.0,0.2036132514476776,1.0,0.33203125,0.5428456664085388,0.0003,3.1866130999696907,78.33457430000999,8.848678500129608,0.20932099991478026,87.39257380005438,103.27306818962097,10240,99.15460225504492
2,8.3162841796875,0.2131425142288208,0.4262850284576416,0.0,3.4454498291015625,4.344548225402832,0.09999994188547134,0.0,0.0,0.2036132514476776,1.0,0.357421875,0.5269724726676941,0.00029997397746507875,0.1057011999655515,18.285987899900647,3.4177794998977333,0.18945430009625852,21.89322169989464,35.08924412727356,10240,291.8273178771848
3,8.161890983581543,0.21957293152809143,0.43914586305618286,0.0,3.357201099395752,4.265542984008789,0.09999994188547134,0.0,0.0,0.2036132514476776,1.0,0.365234375,0.5186020731925964,0.00029989591989249757,0.10384130000602454,18.301671299908776,3.4189131000021007,0.19426240009488538,21.914846800005762,35.132211208343506,10240,291.47040985476355
4,8.084275245666504,0.22207944095134735,0.4441588819026947,0.0,3.3170316219329834,4.223083972930908,0.09999994188547134,0.0,0.0,0.2036132514476776,1.0,0.3671875,0.5159212350845337,0.00029976585737493663,0.09940010006539524,18.329840900056297,3.4287380998721346,0.19905429994105361,21.957633299869485,35.167521476745605,10240,291.1777563503064
5,8.03928279876709,0.23058781027793884,0.4611756205558777,0.0,3.2852466106414795,4.192862033843994,0.09999994188547134,0.0,0.0,0.2036132514476776,1.0,0.37109375,0.5143081545829773,0.00029958384005397226,0.0991644999012351,18.313535000022966,3.4029097999737132,0.1979338001110591,21.91437860010774,35.14561223983765,10240,291.35927210830977
6,7.997916221618652,0.2361232340335846,0.4722464680671692,0.0,3.260272264480591,4.165397644042969,0.09999994188547134,0.0,0.0,0.2036132514476776,1.0,0.373046875,0.5125459432601929,0.0002993499381007466,0.0995013001083862,18.2861899001,3.3891658000065945,0.19069459996535443,21.866050300071947,35.117289304733276,10240,291.5942603411535
7,7.960613250732422,0.24025395512580872,0.48050791025161743,0.0,3.2382314205169678,4.141872882843018,0.09999994188547134,0.0,0.0,0.2036132514476776,1.0,0.375,0.5117729902267456,0.00029906424168891506,0.10433849989203736,18.35294990008697,3.4383113999210764,0.19282020002719946,21.984081500035245,35.195034980773926,10240,290.95012991445606
8,7.927603244781494,0.2441919595003128,0.4883839190006256,0.0,3.2161526679992676,4.123064994812012,0.09999994188547134,0.0,0.0,0.2036132514476776,1.0,0.375,0.5104084610939026,0.0002987268609598829,0.09930500012706034,18.282267599977786,3.394157000060659,0.19233339998754673,21.86875800002599,35.10927724838257,10240,291.6608031420453
9,7.898104667663574,0.24986563622951508,0.49973127245903015,0.0,3.198009729385376,4.100363731384277,0.09999994188547134,0.0,0.0,0.2036132514476776,1.0,0.376953125,0.5100168585777283,0.0002983379259803436,0.11150869989069179,18.300087499956135,3.4262825999758206,0.19316419996903278,21.919534299900988,35.14416289329529,10240,291.3712877751759
10,7.863410472869873,0.25256264209747314,0.5051252841949463,0.0,3.1810669898986816,4.077216148376465,0.09999994188547134,0.0,0.0,0.2036132514476776,1.0,0.37890625,0.5092869400978088,0.00029789758669213534,0.10266460021375678,18.323942100076238,3.415115699986927,0.1953994000214152,21.93445720008458,35.17449140548706,10240,291.1200586230113
11,7.833827972412109,0.2551296055316925,0.510259211063385,0.0,3.1618709564208984,4.061696529388428,0.09999994188547134,0.0,0.0,0.2036132514476776,1.0,0.37890625,0.509529173374176,0.0002974060128544361,0.10468429999309592,18.313265300006606,3.3774732999154367,0.19399570004316047,21.884734299965203,35.17118239402771,10240,291.1474480806428
12,7.812145709991455,0.2589426040649414,0.5178852081298828,0.0,3.150529623031616,4.043730735778809,0.09999994188547134,0.0,0.0,0.2036132514476776,1.0,0.380859375,0.508619487285614,0.0002968633939783178,0.09958200005348772,18.34041399997659,3.5121414001041558,0.20165329999872483,22.05420870007947,35.20406699180603,10240,290.87548328957064
13,7.783674716949463,0.2606009542942047,0.5212019085884094,0.0,3.132905960083008,4.029568672180176,0.09999994188547134,0.0,0.0,0.2036132514476776,1.0,0.384765625,0.5079743266105652,0.0002962699392536863,0.10234189999755472,18.49682140001096,3.8433199000137392,0.2224043000023812,22.56254560002708,35.391226291656494,10240,289.3372474752051
14,7.762766361236572,0.2656709849834442,0.5313419699668884,0.0,3.119556427001953,4.011867046356201,0.09999994188547134,0.0,0.0,0.2036132514476776,1.0,0.384765625,0.5077410936355591,0.00029562587746863507,0.09926380007527769,18.328810399980284,3.4396065000328235,0.19279409991577268,21.96121099992888,35.1743643283844,10240,291.12111037460033
15,7.744154453277588,0.2690824568271637,0.5381649136543274,0.0,3.106947183609009,3.9990410804748535,0.09999994188547134,0.0,0.0,0.2036132514476776,1.0,0.390625,0.506971001625061,0.0002949314569212424,0.09843589999945834,18.327096799912397,3.4235127999272663,0.19117219993495382,21.941781799774617,35.18061280250549,10240,291.06940397782745
16,7.7174787521362305,0.27097493410110474,0.5419498682022095,0.0,3.0926427841186523,3.9828860759735107,0.09999994188547134,0.0,0.0,0.2036132514476776,1.0,0.392578125,0.5067026019096375,0.0002941869453238482,0.10502830002224073,18.30010649995529,3.4421011000231374,0.19420500006526709,21.936412600043695,35.168336153030396,10240,291.17101120286117
17,7.702223777770996,0.2729189693927765,0.545837938785553,0.0,3.0834267139434814,3.9729583263397217,0.09999994188547134,0.0,0.0,0.2036132514476776,1.0,0.39453125,0.505939245223999,0.0002933926296998458,0.09950520005077124,18.334896299958928,3.454137700027786,0.19476229994324967,21.983796299929963,35.16873383522034,10240,291.1677186895189
18,7.679737567901611,0.27327966690063477,0.5465593338012695,0.0,3.068087100982666,3.965090751647949,0.09999994188547134,0.0,0.0,0.2036132514476776,1.0,0.392578125,0.5052039623260498,0.0002925488162730286,0.10709770003450103,18.449051300034625,3.474101900064852,0.19536320006591268,22.11851640016539,35.334601640701294,10240,289.8009182083074
19,7.65474271774292,0.27584946155548096,0.5516989231109619,0.0,3.0572385787963867,3.9458060264587402,0.09999994188547134,0.0,0.0,0.2036132514476776,1.0,0.396484375,0.5044196248054504,0.0002916558303495354,0.09788319989456795,18.382639899878995,3.501062600000296,0.19205810016137548,22.075760600040667,35.23856854438782,10240,290.5906914777572
20,7.638513088226318,0.2780638635158539,0.5561277270317078,0.0,3.0464181900024414,3.935967206954956,0.09999994188547134,0.0,0.0,0.2036132514476776,1.0,0.396484375,0.503779411315918,0.0002907140161924385,0.10412790006375872,18.365727799828164,3.4913229999365285,0.19467289990279824,22.05172369966749,35.22528028488159,10240,290.70031287713914
21,7.621360778808594,0.2791149318218231,0.5582298636436462,0.0,3.035982847213745,3.927149534225464,0.09999994188547134,0.0,0.0,0.2036132514476776,1.0,0.3984375,0.5034722685813904,0.00028972373688902374,0.11368799995398149,18.38396300005843,3.495165899890708,0.19334650001837872,22.072475399967516,35.28321933746338,10240,290.2229499542086
22,7.601093292236328,0.2806040644645691,0.5612081289291382,0.0,3.0249083042144775,3.914977788925171,0.09999994188547134,0.0,0.0,0.2036132514476776,1.0,0.400390625,0.5028790235519409,0.0002886853742108134,0.10983619996113703,18.367069399915636,3.459429099864792,0.19803920009871945,22.024537699879147,35.225895166397095,10240,290.6952385916428
23,7.579773902893066,0.28206658363342285,0.5641331672668457,0.0,3.0137715339660645,3.9018714427948,0.09999994188547134,0.0,0.0,0.2036132514476776,1.0,0.40234375,0.5028731822967529,0.000287599328466386,0.10731929980101995,18.360364800028037,3.537573400157271,0.20164349998231046,22.09958170016762,35.219082832336426,10240,290.75146700294357
24,7.557832717895508,0.2831379175186157,0.5662758350372314,0.0,3.0005226135253906,3.891033172607422,0.09999994188547134,0.0,0.0,0.2036132514476776,1.0,0.40234375,0.5022864937782288,0.00028646601834704993,0.10380030001397245,18.327914400113514,3.454477700055577,0.1953587998286821,21.977750899997773,35.192909479141235,10240,290.9677020613833
25,7.542974948883057,0.28511950373649597,0.5702390074729919,0.0,2.991819143295288,3.8809163570404053,0.09999994188547134,0.0,0.0,0.2036132514476776,1.0,0.404296875,0.5024269819259644,0.0002852858807654297,0.09833699997398071,18.33978639994166,3.4555616000434384,0.19365370002924465,21.98900170001434,35.211261510849,10240,290.81605033789936
26,7.52471399307251,0.28625619411468506,0.5725123882293701,0.0,2.9849133491516113,3.8672902584075928,0.09999994188547134,0.0,0.0,0.2036132514476776,1.0,0.404296875,0.5020689368247986,0.000284059370687028,0.10433089989237487,18.31028390012216,3.457045499992091,0.19629690001602285,21.963626300130272,35.169206380844116,10240,291.1638064593206
27,7.501332759857178,0.28784993290901184,0.5756998658180237,0.0,2.973468780517578,3.852163314819336,0.09999994188547134,0.0,0.0,0.2036132514476776,1.0,0.40625,0.5018094182014465,0.0002827869609548277,0.10396490004495718,18.31443629990099,3.4282321999198757,0.19400810002116486,21.93667659984203,35.17069458961487,10240,291.1514861871294
28,7.480676651000977,0.2884072959423065,0.576814591884613,0.0,2.96640682220459,3.8374552726745605,0.09999994188547134,0.0,0.0,0.2036132514476776,1.0,0.40625,0.5019101500511169,0.00028146914210700196,0.10409330006223172,18.315128999965964,3.3930432999914046,0.1923710000119172,21.900543299969286,35.1563675403595,10240,291.27013728720647
29,7.450470447540283,0.290889173746109,0.581778347492218,0.0,2.9591565132141113,3.809535503387451,0.09999994188547134,0.0,0.0,0.2036132514476776,1.0,0.40625,0.5028066635131836,0.00028010642218780253,0.10042919983970933,18.301941699843155,3.4496177999535576,0.1925949001160916,21.944154399912804,35.142767906188965,10240,291.38285371644395
30,7.427341461181641,0.2922235429286957,0.5844470858573914,0.0,2.957653760910034,3.7852420806884766,0.09999994188547134,0.0,0.0,0.2036132514476776,1.0,0.404296875,0.5032333731651306,0.00027869932655169875,0.1049578000092879,18.296722500235774,3.4223012001020834,0.19322779990034178,21.9122515002382,35.14824175834656,10240,291.33747487008606
31,7.406034469604492,0.29452648758888245,0.5890529751777649,0.0,2.9547736644744873,3.7622084617614746,0.09999994188547134,0.0,0.0,0.2036132514476776,1.0,0.408203125,0.5038787722587585,0.0002772483976608437,0.10311500003444962,18.336528299958445,3.382851200120058,0.19670269987545907,21.916082199953962,35.202977895736694,10240,290.88448228239605
32,7.379406452178955,0.29694676399230957,0.5938935279846191,0.0,2.9515163898468018,3.7339956760406494,0.09999994188547134,0.0,0.0,0.2036132514476776,1.0,0.408203125,0.5044596195220947,0.00027575419487594445,0.10351670000818558,18.312907499959692,3.3997808001586236,0.19065569990198128,21.903344000020297,35.156681060791016,10240,291.2675397968753
33,7.355401515960693,0.2985621690750122,0.5971243381500244,0.0,2.9432532787323,3.715022563934326,0.09999994188547134,0.0,0.0,0.2036132514476776,1.0,0.41015625,0.5052560567855835,0.00027421729424061803,0.09928200012654997,18.287264700047672,3.416487600043183,0.19203649985138327,21.89578879994224,35.11997866630554,10240,291.571931102121
34,7.3263139724731445,0.3006259799003601,0.6012519598007202,0.0,2.942941904067993,3.6821212768554688,0.09999994188547134,0.0,0.0,0.2036132514476776,1.0,0.41015625,0.5063207149505615,0.0002726382882593156,0.10358949998044409,18.28120330013917,3.3958168000681326,0.19387540008756332,21.870895500294864,35.12755465507507,10240,291.5090475425556
35,7.296104907989502,0.3041166067123413,0.6082332134246826,0.0,2.936781167984009,3.6510891914367676,0.09999994188547134,0.0,0.0,0.2036132514476776,1.0,0.4140625,0.5066820979118347,0.0002710177856689007,0.09995520010124892,18.32285610010149,3.4402788000006694,0.19941629999084398,21.962551200093003,35.182817220687866,10240,291.0511667035797
36,7.288379669189453,0.30536139011383057,0.6107227802276611,0.0,2.936384439468384,3.6412723064422607,0.09999994188547134,0.0,0.0,0.2036132514476776,1.0,0.421875,0.5067932605743408,0.0002693564112039696,0.10137309995479882,18.318652199959615,3.4460635999566875,0.19428450011764653,21.95900030003395,35.18191647529602,10240,291.05861834417993
37,7.26487398147583,0.30726394057273865,0.6145278811454773,0.0,2.930912971496582,3.619431972503662,0.09999994188547134,0.0,0.0,0.2036132514476776,1.0,0.423828125,0.5075585246086121,0.0002676548053560043,0.10429980006301776,18.33456310001202,3.4509937000111677,0.19395810004789382,21.97951490007108,35.19880509376526,10240,290.91896650246815
38,7.259212493896484,0.3070320785045624,0.6140641570091248,0.0,2.927973985671997,3.6171748638153076,0.09999994188547134,0.0,0.0,0.2036132514476776,1.0,0.423828125,0.5079945921897888,0.0002659136241264507,0.11990800010971725,18.331812199932756,3.4305857000581454,0.19300059985835105,21.955398499849252,35.21147608757019,10240,290.81427812152316
39,7.185995578765869,0.3120082914829254,0.6240165829658508,0.0,2.9172515869140625,3.544727087020874,0.09999994188547134,0.0,0.0,0.2036132514476776,1.0,0.4296875,0.5082943439483643,0.0002641335387738177,0.10156170005211607,18.304536399955396,3.455680100072641,0.1939329999149777,21.954149499943014,35.17275786399841,10240,291.13440690646837
40,7.1567792892456055,0.31389832496643066,0.6277966499328613,0.0,2.9147729873657227,3.5142102241516113,0.09999994188547134,0.0,0.0,0.2036132514476776,1.0,0.431640625,0.5087141394615173,0.0002623152355548942,0.10122000004048459,18.32217880009557,3.442198400181951,0.19349309997051023,21.957870300248032,35.179019927978516,10240,291.08258333984855
41,7.1820149421691895,0.31289422512054443,0.6257884502410889,0.0,2.911159038543701,3.5450665950775146,0.09999994188547134,0.0,0.0,0.2036132514476776,1.0,0.427734375,0.5091177225112915,0.0002604594154601841,0.10799809990567155,18.331858499906957,3.467423699970823,0.1919122000108473,21.991194399888627,35.181580781936646,10240,291.06139554870555
42,7.126780033111572,0.315259724855423,0.630519449710846,0.0,2.903364896774292,3.4928951263427734,0.09999994188547134,0.0,0.0,0.2036132514476776,1.0,0.435546875,0.5101242065429688,0.0002585667939436611,0.10280460014473647,18.338964499998838,3.4468189000326674,0.19418270012829453,21.9799661001598,35.20813465118408,10240,290.84187791969885
43,7.074481964111328,0.319593608379364,0.639187216758728,0.0,2.8983495235443115,3.4369447231292725,0.09999994188547134,0.0,0.0,0.2036132514476776,1.0,0.4375,0.5107006430625916,0.0002566381006469474,0.09852200001478195,18.334671900083777,3.443558099999791,0.19090470016817562,21.969134700251743,35.18348503112793,10240,291.0456423216845
44,7.039683818817139,0.32202714681625366,0.6440542936325073,0.0,2.8962740898132324,3.3993566036224365,0.09999994188547134,0.0,0.0,0.2036132514476776,1.0,0.44140625,0.5109650492668152,0.00025467407911802326,0.10361340007511899,18.331009399989853,3.4278253999364097,0.19465859985211864,21.95349339977838,35.17817425727844,10240,291.08958086081805
45,7.03172492980957,0.32249823212623596,0.6449964642524719,0.0,2.8954007625579834,3.3913276195526123,0.09999994188547134,0.0,0.0,0.2036132514476776,1.0,0.44140625,0.5120803713798523,0.000252675486524575,0.10003709999728017,18.416632699867478,3.548529499938013,0.2024676000874024,22.167629799892893,35.30110216140747,10240,290.0759288811884
46,7.030455112457275,0.32453253865242004,0.6490650773048401,0.0,2.893632650375366,3.38775634765625,0.09999994188547134,0.0,0.0,0.2036132514476776,1.0,0.439453125,0.5123993158340454,0.00025064309336209235,0.10539469996001571,18.353941799985478,3.476648399984697,0.19267619994934648,22.02326639991952,35.2337543964386,10240,290.63039620424473
47,7.106708526611328,0.31996026635169983,0.6399205327033997,0.0,2.9021401405334473,3.4646480083465576,0.09999994188547134,0.0,0.0,0.2036132514476776,1.0,0.439453125,0.511935830116272,0.0002485776831568278,0.10560039998381399,18.29209670002456,3.4143654000072274,0.18987990001915023,21.896342000050936,35.1277916431427,10240,291.5070808898672
48,7.092124938964844,0.3200516402721405,0.640103280544281,0.0,2.8880724906921387,3.4639482498168945,0.09999994188547134,0.0,0.0,0.2036132514476776,1.0,0.4375,0.5129107236862183,0.00024648005216373236,0.1016351000580471,18.3071511000162,3.413740500138374,0.19272819996695034,21.913619800121523,35.11281394958496,10240,291.6314259148415
49,6.995108604431152,0.3253546953201294,0.6507093906402588,0.0,2.8771514892578125,3.367246389389038,0.09999994188547134,0.0,0.0,0.2036132514476776,1.0,0.4453125,0.5124934911727905,0.00024435100905948414,0.0988382002688013,18.287268900108756,3.367242200038163,0.19324730001972057,21.84775840016664,35.105082988739014,10240,291.6956499799411
50,6.934767246246338,0.32997632026672363,0.6599526405334473,0.0,2.872852087020874,3.301961660385132,0.09999994188547134,0.0,0.0,0.2036132514476776,1.0,0.447265625,0.5130502581596375,0.00024219137463072791,0.09928180003771558,18.282312700146576,3.445394499984104,0.19343079984537326,21.921137999976054,35.10903811454773,10240,291.66278969508335
51,6.926340103149414,0.3312698006629944,0.6625396013259888,0.0,2.872110605239868,3.2916903495788574,0.09999994188547134,0.0,0.0,0.2036132514476776,1.0,0.451171875,0.5139137506484985,0.00024000198145764654,0.10775439997087233,18.319839699950535,3.5099264999153093,0.19690880010602996,22.026674999971874,35.163952350616455,10240,291.2073107680822
52,6.934538841247559,0.3317694664001465,0.663538932800293,0.0,2.870058059692383,3.300941228866577,0.09999994188547134,0.0,0.0,0.2036132514476776,1.0,0.451171875,0.5143353343009949,0.0002377836735929853,0.10209049997502007,18.313741999940248,3.491379099927144,0.19460829990566708,21.99972939977306,35.125126361846924,10240,291.52920033684876
53,6.948118209838867,0.32959216833114624,0.6591843366622925,0.0,2.8658885955810547,3.3230440616607666,0.09999994188547134,0.0,0.0,0.2036132514476776,1.0,0.447265625,0.51404869556427,0.00023553730623665332,0.1035272000299301,18.26502639980754,3.43099759996403,0.19379900002968498,21.889822999801254,35.07875919342041,10240,291.9145441700993
54,6.84113073348999,0.33681535720825195,0.6736307144165039,0.0,2.8601040840148926,3.2073960304260254,0.09999994188547134,0.0,0.0,0.2036132514476776,1.0,0.458984375,0.5152159333229065,0.00023326374540602815,0.09880140007589944,18.296392199845286,3.458496999926865,0.19246919997385703,21.947358399746008,35.106266021728516,10240,291.68582023682325
55,6.818224906921387,0.3377559781074524,0.6755119562149048,0.0,2.860568046569824,3.182143449783325,0.09999994188547134,0.0,0.0,0.2036132514476776,1.0,0.458984375,0.5156260132789612,0.00023096386760208918,0.10495520004769787,18.261971800093306,3.426247399940621,0.1905362000106834,21.87875540004461,35.07273197174072,10240,291.9647094572134
56,6.820914268493652,0.33980345726013184,0.6796069145202637,0.0,2.8597359657287598,3.181572437286377,0.09999994188547134,0.0,0.0,0.2036132514476776,1.0,0.458984375,0.5159665942192078,0.0002286385594715099,0.10514449988841079,18.314427000033902,3.3878125999763142,0.19151950016384944,21.893759100174066,35.14024567604065,10240,291.40376804428104
57,6.842595100402832,0.33924224972724915,0.6784844994544983,0.0,2.851849317550659,3.2122628688812256,0.09999994188547134,0.0,0.0,0.2036132514476776,1.0,0.4609375,0.51580411195755,0.00022628871746483906,0.09944479996920563,18.28795360008371,3.415785700082779,0.19212829993921332,21.895867600105703,35.110538721084595,10240,291.6503241760478
58,6.824042797088623,0.3380206823348999,0.6760413646697998,0.0,2.849885940551758,3.1981167793273926,0.09999994188547134,0.0,0.0,0.2036132514476776,1.0,0.4609375,0.5159010887145996,0.00022391524749090143,0.11088059996836819,18.2870724000677,3.427842399920337,0.19188169998233207,21.90679649997037,35.112932443618774,10240,291.6304417593854
59,6.816783428192139,0.33833086490631104,0.6766617298126221,0.0,2.8461196422576904,3.1940019130706787,0.09999994188547134,0.0,0.0,0.2036132514476776,1.0,0.4609375,0.5158548951148987,0.000221519064567553,0.1043178001709748,18.269860399974277,3.4465774000273086,0.19187330006388947,21.908311100065475,35.08245301246643,10240,291.8838085911852
60,6.86429500579834,0.33648252487182617,0.6729650497436523,0.0,2.8492658138275146,3.242065191268921,0.09999994188547134,0.0,0.0,0.2036132514476776,1.0,0.458984375,0.5153180360794067,0.00021910109246892423,0.0999808999185916,18.28804639991722,3.431122299953131,0.19328930001938716,21.91245799988974,35.10815691947937,10240,291.6701102676925
61,6.811053276062012,0.33901655673980713,0.6780331134796143,0.0,2.84308123588562,3.1899383068084717,0.09999994188547134,0.0,0.0,0.2036132514476776,1.0,0.45703125,0.5161769986152649,0.00021666226336928732,0.10592269996413961,18.320629300083965,3.406844000099227,0.19060920001356862,21.91808250019676,35.14576554298401,10240,291.3580012214065
62,6.713151454925537,0.3446865379810333,0.6893730759620667,0.0,2.8360869884490967,3.087691307067871,0.09999994188547134,0.0,0.0,0.2036132514476776,1.0,0.46484375,0.5173839330673218,0.00021420351748368537,0.10995799978263676,18.295507400063798,3.4168976000801194,0.19478310013073497,21.907188100274652,35.121577978134155,10240,291.55865395271184
63,6.657871723175049,0.34868231415748596,0.6973646283149719,0.0,2.828636407852173,3.031872510910034,0.09999994188547134,0.0,0.0,0.2036132514476776,1.0,0.46484375,0.5183173418045044,0.00021172580270546173,0.09749399992870167,18.284733300009975,3.429221300058998,0.19234179984778166,21.906296399916755,35.120511054992676,10240,291.5675111892854
64,6.76084566116333,0.3433103859424591,0.6866207718849182,0.0,2.8311896324157715,3.143033742904663,0.09999994188547134,0.0,0.0,0.2036132514476776,1.0,0.4609375,0.5178989171981812,0.0002092300742408288,0.10702539986232296,18.29518220006139,3.4052360000787303,0.1927227998385206,21.89314099997864,35.144938945770264,10240,291.3648538641834
65,6.829545497894287,0.3394612967967987,0.6789225935935974,0.0,2.840785503387451,3.209836721420288,0.09999994188547134,0.0,0.0,0.2036132514476776,1.0,0.4609375,0.517384946346283,0.00020671729424061807,0.09792690005269833,18.304366200056393,3.389131499978248,0.19585920017561875,21.88935690021026,35.13449716567993,10240,291.45144590265073
66,6.758037567138672,0.3436417281627655,0.687283456325531,0.0,2.830026626586914,3.1407275199890137,0.09999994188547134,0.0,0.0,0.2036132514476776,1.0,0.46875,0.5178232192993164,0.0002041884314293526,0.10439480002969503,18.285902600066038,3.3811485000769608,0.19332540000323206,21.86037650014623,35.13205599784851,10240,291.47169754673905
67,6.655357837677002,0.3488427400588989,0.6976854801177979,0.0,2.822732448577881,3.034940242767334,0.09999994188547134,0.0,0.0,0.2036132514476776,1.0,0.47265625,0.5189434885978699,0.00020164446073178517,0.0998921001155395,18.298098200029926,3.4179477998113725,0.18876070019905455,21.904806700040353,35.12017202377319,10240,291.57032582495447
68,6.602211952209473,0.3528006672859192,0.7056013345718384,0.0,2.8176865577697754,2.978924512863159,0.09999994188547134,0.0,0.0,0.2036132514476776,1.0,0.47265625,0.5195546746253967,0.0001990863628970465,0.09953879995737225,18.299084400059655,3.4547547000984196,0.19592170006944798,21.949760800227523,35.13569760322571,10240,291.4414882447046
69,6.560574531555176,0.3543303310871124,0.7086606621742249,0.0,2.8119513988494873,2.939962863922119,0.09999994188547134,0.0,0.0,0.2036132514476776,1.0,0.47265625,0.5196043848991394,0.0001965151241205474,0.1012317999266088,18.30103989999043,3.398037200066028,0.1925096000195481,21.891586700076004,35.14427065849304,10240,291.37039432415645
70,6.641433238983154,0.3514288365840912,0.7028576731681824,0.0,2.821106195449829,3.017469882965088,0.09999994188547134,0.0,0.0,0.2036132514476776,1.0,0.46484375,0.5201409459114075,0.00019393173566378198,0.10863050012267195,18.327837199904025,3.399213599972427,0.19427859992720187,21.921329399803653,35.162147521972656,10240,291.2222580717254
71,6.7378644943237305,0.34822365641593933,0.6964473128318787,0.0,2.820780038833618,3.120638370513916,0.09999994188547134,0.0,0.0,0.2036132514476776,1.0,0.46875,0.5191831588745117,0.00019133719347217746,0.10123840000596829,18.384870599897113,3.4643514999188483,0.19211720014573075,22.04133929996169,35.220704793930054,10240,290.7380775005038
72,6.637251377105713,0.35122981667518616,0.7024596333503723,0.0,2.814723014831543,3.020066261291504,0.09999994188547134,0.0,0.0,0.2036132514476776,1.0,0.47265625,0.5198111534118652,0.00018873249779113798,0.09918839990859851,18.29940590003389,3.411114200105658,0.1951504999306053,21.905670600070152,35.128692388534546,10240,291.49960626892494
73,6.552288055419922,0.3557687997817993,0.7115375995635986,0.0,2.805436611175537,2.935314655303955,0.09999994188547134,0.0,0.0,0.2036132514476776,1.0,0.474609375,0.5203210711479187,0.0001861186527804313,0.0977458999841474,18.29611999995541,3.4016939000284765,0.19198349997168407,21.88979739995557,35.14786696434021,10240,291.3405815035417
74,6.532761573791504,0.3578694760799408,0.7157389521598816,0.0,2.8016622066497803,2.915360689163208,0.09999994188547134,0.0,0.0,0.2036132514476776,1.0,0.4765625,0.5212936997413635,0.00018349666612706584,0.10010899996268563,18.30266639988986,3.4497827000450343,0.19251699987216853,21.94496609980706,35.14642262458801,10240,291.35255412413494
75,6.659336090087891,0.3520146906375885,0.704029381275177,0.0,2.8118250370025635,3.04348087310791,0.09999994188547134,0.0,0.0,0.2036132514476776,1.0,0.4765625,0.5203479528427124,0.00018086754865680822,0.10249159985687584,18.271415300114313,3.392203299998073,0.19312800001353025,21.856746600125916,35.10627007484436,10240,291.68578656088965
76,6.6306233406066895,0.3508915603160858,0.7017831206321716,0.0,2.8064651489257812,3.02237606048584,0.09999994188547134,0.0,0.0,0.2036132514476776,1.0,0.474609375,0.5193511843681335,0.00017823231394449083,0.09856370015768334,18.2882346000697,3.413603000168223,0.19387070002267137,21.895708300260594,35.123732566833496,10240,291.54076892355647
77,6.603890419006348,0.3522162437438965,0.704432487487793,0.0,2.8002066612243652,2.999251365661621,0.09999994188547134,0.0,0.0,0.2036132514476776,1.0,0.470703125,0.5196024179458618,0.0001755919779232592,0.10284310005954467,18.28328440003679,3.4309275998093653,0.19221800001105294,21.90642999985721,35.12756538391113,10240,291.5089585084097
78,6.580228328704834,0.3522159159183502,0.7044318318367004,0.0,2.798772096633911,2.977025270462036,0.09999994188547134,0.0,0.0,0.2036132514476776,1.0,0.470703125,0.5202770829200745,0.00017294755849291062,0.11617089997162111,18.320684700011043,3.3984608999744523,0.19161279991385527,21.91075839989935,35.166592836380005,10240,291.1854454494287
79,6.426307678222656,0.3613642752170563,0.7227285504341125,0.0,2.7879254817962646,2.8156542778015137,0.09999994188547134,0.0,0.0,0.2036132514476776,1.0,0.478515625,0.5213738083839417,0.00017030007512747438,0.10232380000525154,18.298585300100967,3.37680290004937,0.19047149989637546,21.865859700046713,35.11525774002075,10240,291.6111302902243
80,6.404285430908203,0.36373695731163025,0.7274739146232605,0.0,2.786463499069214,2.7903480529785156,0.09999994188547134,0.0,0.0,0.2036132514476776,1.0,0.482421875,0.5218877196311951,0.00016765054848218492,0.10530170015408657,18.31223099984345,3.3953447999374475,0.19280010007787496,21.900375899858773,35.14641261100769,10240,291.352637133523
81,6.472362518310547,0.3618001341819763,0.7236002683639526,0.0,2.789261817932129,2.85949969291687,0.09999994188547134,0.0,0.0,0.2036132514476776,1.0,0.484375,0.5220142006874084,0.0001650000000000001,0.0999849999207072,18.289143800153397,3.4429040000832174,0.1926084999286104,21.924656300165225,35.08641791343689,10240,291.8508245915418
82,6.470736980438232,0.3609400689601898,0.7218801379203796,0.0,2.7856526374816895,2.863206386566162,0.09999994188547134,0.0,0.0,0.2036132514476776,1.0,0.482421875,0.5223815441131592,0.0001623494515178153,0.10026010006549768,18.314671600004658,3.419922700035386,0.1917793000175152,21.92637360005756,35.15566325187683,10240,291.27597242681304
83,6.555956840515137,0.3572176396846771,0.7144352793693542,0.0,2.7949113845825195,2.946611166000366,0.09999994188547134,0.0,0.0,0.2036132514476776,1.0,0.47265625,0.5214946866035461,0.00015969992487252586,0.10209679993567988,18.28251419996377,3.384117699955823,0.19085450007696636,21.85748639999656,35.10301995277405,10240,291.7127931948993
84,6.548284530639648,0.35679176449775696,0.7135835289955139,0.0,2.7864835262298584,2.9482176303863525,0.09999994188547134,0.0,0.0,0.2036132514476776,1.0,0.47265625,0.5215282440185547,0.00015705244150708954,0.10144560007029213,18.308878400042886,3.3867088000115473,0.19168889996944927,21.887276100023882,35.1183397769928,10240,291.5855380700134
85,6.499419689178467,0.35783806443214417,0.7156761288642883,0.0,2.7847533226013184,2.8989901542663574,0.09999994188547134,0.0,0.0,0.2036132514476776,1.0,0.48046875,0.52131187915802,0.00015440802207674102,0.10435770003823563,18.2764434000419,3.378360599948792,0.19559540000045672,21.850399399991147,35.08715200424194,10240,291.8447185101262
86,6.406322002410889,0.3629349172115326,0.7258698344230652,0.0,2.7758114337921143,2.8046414852142334,0.09999994188547134,0.0,0.0,0.2036132514476776,1.0,0.482421875,0.5219663977622986,0.00015176768605550938,0.10397120000561699,18.295463799964637,3.4452284001163207,0.2008073999604676,21.941499600041425,35.14537239074707,10240,291.3612604854898
87,6.337851524353027,0.36713430285453796,0.7342686057090759,0.0,2.769542932510376,2.734039545059204,0.09999994188547134,0.0,0.0,0.2036132514476776,1.0,0.486328125,0.5232916474342346,0.00014913245134319202,0.11029850010527298,18.265587100206176,3.3886156000371557,0.1950958999514114,21.849298600194743,35.08787703514099,10240,291.83868803873486
88,6.372469902038574,0.36754393577575684,0.7350878715515137,0.0,2.7685444355010986,2.7688376903533936,0.09999994188547134,0.0,0.0,0.2036132514476776,1.0,0.484375,0.5236383080482483,0.00014650333387293443,0.1031169997586403,18.31888520004577,3.403284599946346,0.19187989991041832,21.914049699902534,35.14015603065491,10240,291.4045114389083
89,6.455169200897217,0.36406588554382324,0.7281317710876465,0.0,2.774764060974121,2.8522756099700928,0.09999994188547134,0.0,0.0,0.2036132514476776,1.0,0.484375,0.5227775573730469,0.00014388134721956896,0.10392560000764206,18.276100900169695,3.427357300010044,0.1920182999165263,21.895476500096265,35.086321115493774,10240,291.85162976457275
90,6.474908828735352,0.36228999495506287,0.7245799899101257,0.0,2.783674955368042,2.8666539192199707,0.09999994188547134,0.0,0.0,0.2036132514476776,1.0,0.4765625,0.5224726796150208,0.00014126750220886224,0.10161109993350692,18.281876699940767,3.3806936001055874,0.1946049000544008,21.857175200100755,35.088141679763794,10240,291.8364869093556
91,6.383433818817139,0.36422649025917053,0.7284529805183411,0.0,2.773132562637329,2.7818474769592285,0.09999994188547134,0.0,0.0,0.2036132514476776,1.0,0.478515625,0.5230361819267273,0.0001386628065278228,0.09959940001135692,18.270147400005953,3.3777872999489773,0.19305759988492355,21.840992299839854,35.08537244796753,10240,291.85952109204976
92,6.268385887145996,0.37063658237457275,0.7412731647491455,0.0,2.7645742893218994,2.6625380516052246,0.09999994188547134,0.0,0.0,0.2036132514476776,1.0,0.486328125,0.5238186120986938,0.0001360682643362183,0.10825070005375892,18.260771100001875,3.3963090000324883,0.19355009999708273,21.850630200031446,35.071951389312744,10240,291.9712075992547
93,6.243376731872559,0.372948557138443,0.745897114276886,0.0,2.762178897857666,2.635301113128662,0.09999994188547134,0.0,0.0,0.2036132514476776,1.0,0.486328125,0.5242518186569214,0.0001334848758794529,0.09948989993426949,18.290426600025967,3.426915499934694,0.19083090010099113,21.90817300006165,35.0976836681366,10240,291.75714548069664
94,6.249950408935547,0.37268343567848206,0.7453668713569641,0.0,2.761749267578125,2.642833948135376,0.09999994188547134,0.0,0.0,0.2036132514476776,1.0,0.48828125,0.5244964361190796,0.00013091363710295383,0.10591490002116188,18.262227399944095,3.3747328000317793,0.19314050010871142,21.830100700084586,35.07782578468323,10240,291.92231191453453
95,6.297015190124512,0.3719295859336853,0.7438591718673706,0.0,2.766251564025879,2.686904191970825,0.09999994188547134,0.0,0.0,0.2036132514476776,1.0,0.48828125,0.5243704915046692,0.0001283555392682151,0.09840699992491864,18.275058099912712,3.4181207998481113,0.19092439985251985,21.884103299613344,35.093175411224365,10240,291.79462616326225
96,6.327789783477783,0.37145623564720154,0.7429124712944031,0.0,2.7721731662750244,2.7127039432525635,0.09999994188547134,0.0,0.0,0.2036132514476776,1.0,0.486328125,0.5243977904319763,0.00012581156857064774,0.107507600041572,18.29561050006305,3.408086499955971,0.1905670000705868,21.894264000089606,35.13372468948364,10240,291.45785397086223
97,6.318991184234619,0.3698003888130188,0.7396007776260376,0.0,2.7685770988464355,2.7108139991760254,0.09999994188547134,0.0,0.0,0.2036132514476776,1.0,0.486328125,0.5240805745124817,0.00012328270575938228,0.11987410005531274,18.3239479001204,3.41177180010709,0.19487850018776953,21.93059820041526,35.16840720176697,10240,291.1704229665969
98,6.314727783203125,0.37055501341819763,0.7411100268363953,0.0,2.7674014568328857,2.706214666366577,0.09999994188547134,0.0,0.0,0.2036132514476776,1.0,0.486328125,0.5248055458068848,0.00012076992575917156,0.1018953000602778,18.295160299981944,3.4235940998478327,0.19321850006235763,21.911972899892135,35.12058663368225,10240,291.56688374274967
99,6.336271286010742,0.3701709508895874,0.7403419017791748,0.0,2.767282247543335,2.728647470474243,0.09999994188547134,0.0,0.0,0.2036132514476776,1.0,0.484375,0.5246018767356873,0.00011827419729453864,0.10374640009831637,18.276776099955896,3.377578099956736,0.19423490003100596,21.848589099943638,35.097571849823,10240,291.75807499776204
100,6.284923553466797,0.37051284313201904,0.7410256862640381,0.0,2.7576704025268555,2.6862261295318604,0.09999994188547134,0.0,0.0,0.2036132514476776,1.0,0.482421875,0.5241817235946655,0.00011579648251631495,0.10486939997645095,18.306146499991883,3.422549499780871,0.19021850006538443,21.918914499838138,35.14224910736084,10240,291.38715535014364
101,6.21834135055542,0.3739667534828186,0.7479335069656372,0.0,2.7512199878692627,2.619187355041504,0.09999994188547134,0.0,0.0,0.2036132514476776,1.0,0.486328125,0.5247361063957214,0.00011333773663071304,0.09936930015101098,18.273227100027725,3.421010900026886,0.1955213000474032,21.889759300102014,35.09593057632446,10240,291.77171916643385
102,6.185720920562744,0.3759116232395172,0.7518232464790344,0.0,2.746849298477173,2.587049722671509,0.09999994188547134,0.0,0.0,0.2036132514476776,1.0,0.486328125,0.5252159833908081,0.00011089890753107611,0.09863589995075017,18.266263800062006,3.4082228001207113,0.19322060007834807,21.867707200261066,35.08499836921692,10240,291.86263291904356
103,6.233221054077148,0.37679171562194824,0.7535834312438965,0.0,2.747730016708374,2.6319074630737305,0.09999994188547134,0.0,0.0,0.2036132514476776,1.0,0.486328125,0.5253146290779114,0.00010848093543244738,0.10554470011265948,18.308480000006966,3.396177699964028,0.19356650003464893,21.898224200005643,35.14237356185913,10240,291.38612342092114
104,6.271966457366943,0.37226682901382446,0.7445336580276489,0.0,2.7507755756378174,2.676657199859619,0.09999994188547134,0.0,0.0,0.2036132514476776,1.0,0.484375,0.524347186088562,0.00010608475250909896,0.10373759988578968,18.281789799948456,3.4050663999514654,0.1891737999394536,21.876029999839375,35.11937665939331,10240,291.57692914976974
105,6.249810695648193,0.3733546733856201,0.7467093467712402,0.0,2.746583938598633,2.6565158367156982,0.09999994188547134,0.0,0.0,0.2036132514476776,1.0,0.482421875,0.5244988799095154,0.0001037112825351613,0.11013249988900498,18.293612100038445,3.4298358000814915,0.19415680001839064,21.917604700138327,35.12871599197388,10240,291.4994104065634
106,6.2068681716918945,0.37491467595100403,0.7498293519020081,0.0,2.744795799255371,2.612243413925171,0.09999994188547134,0.0,0.0,0.2036132514476776,1.0,0.486328125,0.5247704982757568,0.00010136144052849043,0.10334649999276735,18.284318899939535,3.3849866999371443,0.19386599989957176,21.86317159977625,35.11785817146301,10240,291.58953686762953
107,6.173450946807861,0.37749841809272766,0.7549968361854553,0.0,2.743488311767578,2.5749664306640625,0.09999994188547134,0.0,0.0,0.2036132514476776,1.0,0.4921875,0.5252577662467957,9.903613239791118e-05,0.09896700008539483,18.301842200016836,3.375621999875875,0.19144260010216385,21.868906799994875,35.1260986328125,10240,291.52113096996385
108,6.176604270935059,0.3783699572086334,0.7567399144172668,0.0,2.7433533668518066,2.576511859893799,0.09999994188547134,0.0,0.0,0.2036132514476776,1.0,0.490234375,0.5258356332778931,9.673625459397221e-05,0.10013659996911883,18.286561100016115,3.417651300027501,0.1903643999248743,21.89457679996849,35.11085653305054,10240,291.64768425290015
109,6.2080864906311035,0.3762061893939972,0.7524123787879944,0.0,2.7426517009735107,2.6130213737487793,0.09999994188547134,0.0,0.0,0.2036132514476776,1.0,0.486328125,0.5250752568244934,9.446269376334701e-05,0.10764359991298988,18.313911400007783,3.430895699915709,0.19284330002847128,21.937650399951963,35.136101722717285,10240,291.43813621701
110,6.213486671447754,0.3746337592601776,0.7492675185203552,0.0,2.736252546310425,2.627967119216919,0.09999994188547134,0.0,0.0,0.2036132514476776,1.0,0.486328125,0.5243672132492065,9.221632640701512e-05,0.10216260002925992,18.29136399991694,3.4007565000501927,0.19383960001869127,21.885960099985823,35.12564992904663,10240,291.5248549332089
111,6.123593807220459,0.378628671169281,0.757257342338562,0.0,2.7311606407165527,2.5351760387420654,0.09999994188547134,0.0,0.0,0.2036132514476776,1.0,0.48828125,0.5254923701286316,8.999801854235378e-05,0.10799409984610975,18.302395900100237,3.3997056001389865,0.1910604001604952,21.89316190039972,35.13104271888733,10240,291.4801044175873
112,6.071939468383789,0.38185352087020874,0.7637070417404175,0.0,2.7277097702026367,2.480523109436035,0.09999994188547134,0.0,0.0,0.2036132514476776,1.0,0.490234375,0.5262095928192139,8.780862536927245e-05,0.10591849984484725,18.285267000086606,3.3940529000828974,0.19029309996403754,21.86961300013354,35.10330843925476,10240,291.7103958369057
113,6.070803642272949,0.38255012035369873,0.7651002407073975,0.0,2.726500988006592,2.4792020320892334,0.09999994188547134,0.0,0.0,0.2036132514476776,1.0,0.490234375,0.5262677073478699,8.564899094051624e-05,0.09910549994674511,18.241379900224274,3.3740035999799147,0.19315949999145232,21.80854300019564,35.05027389526367,10240,292.1517826251203
114,6.109512805938721,0.38160303235054016,0.7632060647010803,0.0,2.7257936000823975,2.5205140113830566,0.09999994188547134,0.0,0.0,0.2036132514476776,1.0,0.48828125,0.526321530342102,8.351994783626795e-05,0.10442199991666712,18.30148889985867,3.3818093000736553,0.19741130006150343,21.880709499993827,35.11962103843689,10240,291.5749002186774
115,6.124375343322754,0.3801715075969696,0.7603430151939392,0.0,2.726191997528076,2.5378401279449463,0.09999994188547134,0.0,0.0,0.2036132514476776,1.0,0.48828125,0.5259041786193848,8.142231684317254e-05,0.10557990006054752,18.297736200038344,3.3989798999391496,0.1940282000869047,21.890744300064398,35.108078718185425,10240,291.67075994665134
116,6.097655773162842,0.38150930404663086,0.7630186080932617,0.0,2.7257893085479736,2.508848190307617,0.09999994188547134,0.0,0.0,0.2036132514476776,1.0,0.490234375,0.5259390473365784,7.935690663790793e-05,0.0998556999838911,18.29724059998989,3.4124129000410903,0.1902575000131037,21.899911000044085,35.11284112930298,10240,291.63120017235906
117,6.066493511199951,0.38264334201812744,0.7652866840362549,0.0,2.722670316696167,2.47853684425354,0.09999994188547134,0.0,0.0,0.2036132514476776,1.0,0.490234375,0.5259560942649841,7.732451347542531e-05,0.10166499996557832,18.26755779996165,3.38695179997012,0.19578879987238906,21.85029839980416,35.08436059951782,10240,291.86793844949625
118,6.059443473815918,0.3837575912475586,0.7675151824951172,0.0,2.722512722015381,2.4694161415100098,0.09999994188547134,0.0,0.0,0.2036132514476776,1.0,0.490234375,0.5262059569358826,7.532592088197705e-05,0.1071995000820607,18.299204899958568,3.4262060000910424,0.19395719998283312,21.919368100032443,35.11625337600708,10240,291.6028623656191
119,6.116549968719482,0.38197562098503113,0.7639512419700623,0.0,2.7221126556396484,2.5304863452911377,0.09999994188547134,0.0,0.0,0.2036132514476776,1.0,0.494140625,0.5258869528770447,7.336189935305299e-05,0.10230160001083277,18.276945200021146,3.4031052999780513,0.19220519997179508,21.872255699970992,35.09481906890869,10240,291.7809600298482
120,6.166665077209473,0.37880951166152954,0.7576190233230591,0.0,2.71964693069458,2.589399576187134,0.09999994188547134,0.0,0.0,0.2036132514476776,1.0,0.494140625,0.5252573490142822,7.143320605633926e-05,0.1004269999684766,18.282572700089077,3.4086861998948734,0.1946513001457788,21.88591020012973,35.101388692855835,10240,291.72634990604064
121,6.085794448852539,0.3814527988433838,0.7629055976867676,0.0,2.714311361312866,2.5085790157318115,0.09999994188547134,0.0,0.0,0.2036132514476776,1.0,0.494140625,0.5258155465126038,6.954058453981617e-05,0.10213679983280599,18.322001100197667,3.4158942999783903,0.19143039983464405,21.9293258000107,35.144028663635254,10240,291.37240064329
122,6.026363849639893,0.384420782327652,0.768841564655304,0.0,2.7112979888916016,2.4462246894836426,0.09999994188547134,0.0,0.0,0.2036132514476776,1.0,0.494140625,0.526296854019165,6.768476444510604e-05,0.09798010005033575,18.280487999873003,3.4290677001408767,0.19288760007475503,21.902443300088635,35.10653877258301,10240,291.6835540619312
123,5.987509727478027,0.38652554154396057,0.7730510830879211,0.0,2.7083988189697266,2.4060592651367188,0.09999994188547134,0.0,0.0,0.2036132514476776,1.0,0.494140625,0.5269951820373535,6.586646122618253e-05,0.0997088000876829,18.307912599964766,3.3840727001661435,0.1916516000055708,21.88363690013648,35.13023543357849,10240,291.4868025681466
124,5.959949016571045,0.38833627104759216,0.7766725420951843,0.0,2.7069664001464844,2.376312732696533,0.09999994188547134,0.0,0.0,0.2036132514476776,1.0,0.494140625,0.5270692706108093,6.408637587354954e-05,0.09836200013523921,18.28937199997017,3.397667800076306,0.19230660001630895,21.879346400062786,35.11291861534119,10240,291.6305566101828
125,5.940334796905518,0.38951408863067627,0.7790281772613525,0.0,2.7057182788848877,2.3555891513824463,0.09999994188547134,0.0,0.0,0.2036132514476776,1.0,0.49609375,0.5273941159248352,6.234519464399591e-05,0.10325789990019985,18.286849500087555,3.3994267000816762,0.19281139990198426,21.879087600071216,35.09640622138977,10240,291.7677649217302
126,5.947670936584473,0.39012786746025085,0.7802557349205017,0.0,2.706829309463501,2.3605868816375732,0.09999994188547134,0.0,0.0,0.2036132514476776,1.0,0.49609375,0.527694046497345,6.064358879603063e-05,0.10309710001456551,18.295866800035583,3.4160806000581942,0.19246529988595285,21.90441269997973,35.13392353057861,10240,291.4562044597061
127,6.045179843902588,0.3865226209163666,0.7730452418327332,0.0,2.7144033908843994,2.4577319622039795,0.09999994188547134,0.0,0.0,0.2036132514476776,1.0,0.494140625,0.5272128582000732,5.898221433109951e-05,0.10147229989524931,18.300602700124728,3.4506878999236505,0.1947197999979835,21.94601040004636,35.13570427894592,10240,291.4414328713493
128,6.042543888092041,0.38588184118270874,0.7717636823654175,0.0,2.710399627685547,2.460381269454956,0.09999994188547134,0.0,0.0,0.2036132514476776,1.0,0.494140625,0.5271824598312378,5.736171174068463e-05,0.09841589999268763,18.339081599988276,3.3970163001213223,0.19124759998521768,21.927345500094816,35.17078447341919,10240,291.1507421092362
129,5.96547794342041,0.3885975778102875,0.777195155620575,0.0,2.704448699951172,2.3838348388671875,0.09999994188547134,0.0,0.0,0.2036132514476776,1.0,0.494140625,0.5274361371994019,5.578270575938218e-05,0.10059019993059337,18.278260800027056,3.405658800038509,0.19387540000025183,21.877795000065817,35.12215781211853,10240,291.553840591958
130,5.917873859405518,0.3908675014972687,0.7817350029945374,0.0,2.698986053466797,2.3371520042419434,0.09999994188547134,0.0,0.0,0.2036132514476776,1.0,0.494140625,0.5279395580291748,5.424580512405573e-05,0.1027328000345733,18.320476000139024,3.380140499997651,0.19198529995628633,21.89260180009296,35.138596296310425,10240,291.417446321702
131,5.899404048919678,0.3919973075389862,0.7839946150779724,0.0,2.697373390197754,2.318037748336792,0.09999994188547134,0.0,0.0,0.2036132514476776,1.0,0.494140625,0.5281904339790344,5.275160233915648e-05,0.10009519988670945,18.30767530002049,3.433893100183923,0.19299239982501604,21.93456080002943,35.14173412322998,10240,291.3914254797968
132,5.906904220581055,0.3920651376247406,0.7841302752494812,0.0,2.6960837841033936,2.326690435409546,0.09999994188547134,0.0,0.0,0.2036132514476776,1.0,0.49609375,0.5283917188644409,5.130067344830136e-05,0.0987757999682799,18.31508380008745,3.4204217001097277,0.19221729994751513,21.927722800144693,35.144898653030396,10240,291.36518790663945
133,5.991425514221191,0.38877809047698975,0.7775561809539795,0.0,2.695383071899414,2.418485403060913,0.09999994188547134,0.0,0.0,0.2036132514476776,1.0,0.49609375,0.527691125869751,4.98935778121976e-05,0.10032020008657128,18.301017599995248,3.3966165001911577,0.19597330017131753,21.893607400357723,35.13713884353638,10240,291.42953402091507
134,5.980950832366943,0.3879949450492859,0.7759898900985718,0.0,2.6917591094970703,2.4132022857666016,0.09999994188547134,0.0,0.0,0.2036132514476776,1.0,0.494140625,0.5271605253219604,4.853085789299815e-05,0.10163359987200238,18.27774690001388,3.4079210999479983,0.19360290002077818,21.879270899982657,35.0936017036438,10240,291.791081647136
135,5.908235549926758,0.3909469246864319,0.7818938493728638,0.0,2.6876425743103027,2.338698148727417,0.09999994188547134,0.0,0.0,0.2036132514476776,1.0,0.494140625,0.5279527902603149,4.7213039045172454e-05,0.09791990005760454,18.340834399976302,3.4351605000556447,0.19659899998805486,21.97259390002,35.152575969696045,10240,291.30155379871985
136,5.858016490936279,0.3932645320892334,0.7865290641784668,0.0,2.684724807739258,2.2867612838745117,0.09999994188547134,0.0,0.0,0.2036132514476776,1.0,0.494140625,0.5284808278083801,4.594062931297212e-05,0.09962559980340302,18.262862199888332,3.4303883999818936,0.19727310005691834,21.890523699927144,35.080758810043335,10240,291.8979049298207
137,5.838381767272949,0.39476215839385986,0.7895243167877197,0.0,2.68379807472229,2.2650601863861084,0.09999994188547134,0.0,0.0,0.2036132514476776,1.0,0.49609375,0.5288829207420349,4.4714119234570384e-05,0.10051289986586198,18.3092575998744,3.4392571999051142,0.1983842000772711,21.946898999856785,35.118717432022095,10240,291.5824024559314
138,5.8295183181762695,0.39551842212677,0.79103684425354,0.0,2.682523012161255,2.2559590339660645,0.09999994188547134,0.0,0.0,0.2036132514476776,1.0,0.49609375,0.5290243029594421,4.353398165295014e-05,0.12068439996801317,18.32079129992053,3.4494702997617424,0.1969220000319183,21.96718359971419,35.210198640823364,10240,290.824829034834
139,5.817016124725342,0.396247535943985,0.79249507188797,0.0,2.6807565689086914,2.2437639236450195,0.09999994188547134,0.0,0.0,0.2036132514476776,1.0,0.49609375,0.529369056224823,4.240067153361404e-05,0.09893369986093603,18.30163520007045,3.409311999945203,0.19580469990614802,21.9067518999218,35.12848973274231,10240,291.5012879262946
140,5.823796272277832,0.39617982506752014,0.7923596501350403,0.0,2.6804397106170654,2.250997304916382,0.09999994188547134,0.0,0.0,0.2036132514476776,1.0,0.49609375,0.5292785167694092,4.131462578918668e-05,0.10373649996472523,18.313202300138073,3.4670516001060605,0.19243679993087426,21.972690700175008,35.152008295059204,10240,291.3062580677442
141,5.883508682250977,0.394538015127182,0.789076030254364,0.0,2.6811935901641846,2.3132400512695312,0.09999994188547134,0.0,0.0,0.2036132514476776,1.0,0.49609375,0.5291582345962524,4.027626311097631e-05,0.10248599995975383,18.323977899970487,3.4331729000550695,0.19343370010028593,21.950584500125842,35.14449405670166,10240,291.368542209739
142,5.86201810836792,0.3943692743778229,0.7887385487556458,0.0,2.6812076568603516,2.2920727729797363,0.09999994188547134,0.0,0.0,0.2036132514476776,1.0,0.49609375,0.5287079811096191,3.928598380756157e-05,0.11101139994570985,18.30089580011554,3.4175098000268918,0.19716969996807165,21.915575300110504,35.143470287323,10240,291.3770301077463
143,5.809988975524902,0.39613911509513855,0.7922782301902771,0.0,2.6789326667785645,2.2387797832489014,0.09999994188547134,0.0,0.0,0.2036132514476776,1.0,0.49609375,0.5289788842201233,3.8344169650464654e-05,0.1045680999814067,18.27255750008044,3.407428099948447,0.19432740012416616,21.87431300015305,35.12041711807251,10240,291.5682910477344
144,5.774441719055176,0.3977583944797516,0.7955167889595032,0.0,2.6769113540649414,2.2020139694213867,0.09999994188547134,0.0,0.0,0.2036132514476776,1.0,0.49609375,0.5293294191360474,3.7451183726971494e-05,0.10185870007262565,18.297435600019526,3.4451173998822924,0.19233910035109147,21.93489210025291,35.112852573394775,10240,291.6311051229974
145,5.7591705322265625,0.39894893765449524,0.7978978753089905,0.0,2.6758735179901123,2.185398817062378,0.09999994188547134,0.0,0.0,0.2036132514476776,1.0,0.49609375,0.5296187400817871,3.6607370300154286e-05,0.09925899986410514,18.2831007000932,3.4044473001849838,0.19162940004025586,21.87917740031844,35.08982515335083,10240,291.8224857276655
146,5.754003524780273,0.3997250497341156,0.7994500994682312,0.0,2.6748485565185547,2.1797046661376953,0.09999994188547134,0.0,0.0,0.2036132514476776,1.0,0.49609375,0.5298908352851868,3.581305467615182e-05,0.09817989997100085,18.318573900003685,3.4558867997548077,0.19745310008875094,21.971913799847243,35.136964321136475,10240,291.43098152734206
147,5.749670028686523,0.40039125084877014,0.8007825016975403,0.0,2.675316095352173,2.173572301864624,0.09999994188547134,0.0,0.0,0.2036132514476776,1.0,0.49609375,0.5300581455230713,3.506854307875764e-05,0.10934019996784627,18.280947700084653,3.4676498000626452,0.19518919999245554,21.943786700139754,35.124250173568726,10240,291.5364726477686
148,5.771363258361816,0.399838924407959,0.799677848815918,0.0,2.676412582397461,2.1952736377716064,0.09999994188547134,0.0,0.0,0.2036132514476776,1.0,0.49609375,0.5300773978233337,3.4374122531364924e-05,0.09911670011933893,18.27683430002071,3.4054116002225783,0.19317909999517724,21.875425000238465,35.08303785324097,10240,291.8789428337384
149,5.817328453063965,0.3990419805049896,0.7980839610099792,0.0,2.679983139038086,2.239262342453003,0.09999994188547134,0.0,0.0,0.2036132514476776,1.0,0.49609375,0.529874861240387,3.373006074631367e-05,0.09836570016341284,18.2772941000876,3.4321444000524934,0.1932678000011947,21.90270630014129,35.08378791809082,10240,291.872702682705
150,5.821939945220947,0.39814144372940063,0.7962828874588013,0.0,2.681112051010132,2.244544267654419,0.09999994188547134,0.0,0.0,0.2036132514476776,1.0,0.49609375,0.529563844203949,3.3136606021682234e-05,0.10663069988368079,18.310092200001236,3.4439492000092287,0.19218869993346743,21.946230099943932,35.121628522872925,10240,291.558234360665
151,5.800230979919434,0.39864322543144226,0.7972864508628845,0.0,2.6789066791534424,2.22403621673584,0.09999994188547134,0.0,0.0,0.2036132514476776,1.0,0.49609375,0.5296491980552673,3.25939871455639e-05,0.09903349986416288,18.258638099970995,3.4627474999288097,0.19341160004842095,21.914797199948225,35.070122718811035,10240,291.98643192963317
152,5.791105270385742,0.3992259204387665,0.798451840877533,0.0,2.6775753498077393,2.215078115463257,0.09999994188547134,0.0,0.0,0.2036132514476776,1.0,0.49609375,0.5297747850418091,3.2102413307864636e-05,0.10469749991898425,18.3023107998888,3.4284795000276063,0.1910621000570245,21.92185239997343,35.1173677444458,10240,291.59360902326085
153,5.78609037399292,0.39969390630722046,0.7993878126144409,0.0,2.6763148307800293,2.2103888988494873,0.09999994188547134,0.0,0.0,0.2036132514476776,1.0,0.49609375,0.530011773109436,3.1662074019656414e-05,0.10778900000150315,18.30376619999879,3.42342899995856,0.19450700000743382,21.921702199964784,35.12296485900879,10240,291.5471413391661
154,5.77935791015625,0.39960652589797974,0.7992130517959595,0.0,2.6744203567504883,2.205726146697998,0.09999994188547134,0.0,0.0,0.2036132514476776,1.0,0.49609375,0.529862105846405,3.127313904011707e-05,0.11138869979185984,18.28418150014477,3.4367602000711486,0.19341549996170215,21.91435720017762,35.104533672332764,10240,291.70021443898395
155,5.753811836242676,0.40063798427581787,0.8012759685516357,0.0,2.6718814373016357,2.180654764175415,0.09999994188547134,0.0,0.0,0.2036132514476776,1.0,0.49609375,0.5299798250198364,3.093575831108495e-05,0.1010588999488391,18.301784699986456,3.429565500031458,0.1944807999243494,21.925830999942264,35.11478805541992,10240,291.6150307909795
156,5.72774076461792,0.401605486869812,0.803210973739624,0.0,2.6696391105651855,2.154891014099121,0.09999994188547134,0.0,0.0,0.2036132514476776,1.0,0.49609375,0.5301661491394043,3.065006189925343e-05,0.10355209995759651,18.306766100024106,3.419410000089556,0.195028500049375,21.921204600163037,35.10158705711365,10240,291.72470131730904
157,5.714559555053711,0.40213891863822937,0.8042778372764587,0.0,2.6678624153137207,2.1424190998077393,0.09999994188547134,0.0,0.0,0.2036132514476776,1.0,0.498046875,0.5303834676742554,3.0416159946027724e-05,0.10269199995673262,18.301241599896457,3.40497800000594,0.19519830006174743,21.901417899964144,35.11103940010071,10240,291.6461652790213
158,5.704778671264648,0.4029134213924408,0.8058268427848816,0.0,2.6659364700317383,2.1330156326293945,0.09999994188547134,0.0,0.0,0.2036132514476776,1.0,0.49609375,0.5305759906768799,3.0234142625063363e-05,0.09987200002069585,18.27940849994775,3.4087705999263562,0.19198500001220964,21.880164099886315,35.07947015762329,10240,291.90862786662404
159,5.709491729736328,0.4031056761741638,0.8062113523483276,0.0,2.665269613265991,2.1380114555358887,0.09999994188547134,0.0,0.0,0.2036132514476776,1.0,0.498046875,0.5307184457778931,3.0104080107502407e-05,0.10174939993885346,18.27480040001683,3.4384809999901336,0.19594900001538917,21.909230400022352,35.08807349205017,10240,291.83705404402025
160,5.746033191680908,0.4023454189300537,0.8046908378601074,0.0,2.665724754333496,2.1756181716918945,0.09999994188547134,0.0,0.0,0.2036132514476776,1.0,0.49609375,0.530593752861023,3.002602253492125e-05,0.10463090019766241,18.271591999946395,3.4311486000660807,0.1946466998779215,21.897387299890397,35.07276511192322,10240,291.9644335803693
