cycle_id,date,lane,reviewer,checkpoint_label,scope,overall_status,claim_safety_band,evidence_closure_band,support_score,fairness_score,artifact_path_score,closure_value_score,novelty,technical_quality,experimental_rigor,clarity,reproducibility,significance,blocking_issue,next_action_1,next_action_2,source_file,note
R20260602B,2026-06-02,adversarial_review,independent_lane_A,current_paper_plus_distinct5_and_idt_recheck,paper_plus_comparison,reject,unsafe,open,0,0,1,0,,,,,,,"headline claim set is still ahead of direct evidence on flow-loss metric, semantic SA-SWD isolation, and normalized speed","run flow-loss metric ablation (MSE vs Huber vs L1) on Distinct5-512","replace broad speedup prose with a normalized time-to-parity figure",aaai2027_adversarial_review_20260602_r2.md,"Backfilled from existing round consensus"
R20260602B,2026-06-02,scorecard,independent_lane_B,current_paper_plus_distinct5_and_idt_recheck,paper_plus_comparison,weak_reject,narrow_only,partial,1,1,1,0,6.0,5.5,4.5,6.0,5.0,5.0,"headline claim set is ahead of direct experimental closure","run flow-loss metric ablation (MSE vs Huber vs L1) on Distinct5-512","run semantic-vs-random SA-SWD axis ablation on a fixed F/H base",aaai2027_scorecard_20260602_r2.md,"Average 5.33 from existing scorecard"
R20260602B,2026-06-02,experiment_audit,independent_lane_C,current_paper_plus_distinct5_and_idt_recheck,paper_plus_comparison,weak_reject,unsafe,open,0,1,1,0,,,,,,,"blocking ablations remain open for flow-loss metric, semantic-axis isolation, and normalized speed","run flow-loss metric ablation (MSE vs Huber vs L1) on Distinct5-512","run semantic-vs-random SA-SWD axis ablation on a fixed F/H base",aaai2027_experiment_audit_20260602_r2.md,"Backfilled from existing consensus and audit files"
R20260603A,2026-06-03,adversarial_review,Avicenna,current_paper_state__continuous_review_upgrade,review_lane_process_and_current_claims,weak_reject,unsafe,open,0,1,0,0,,,,,,,"the launched flow-loss metric block was invalidated by config audit, and the paper still lacks activated closure on endpoint metric, SA-SWD isolation, and normalized speed/provenance","run repaired endpoint-metric ablation on one fixed Distinct5 base first","switch routine review cycles to compact CSV logging and memo only on boundary changes",live_subagent_round_20260603A,"Updated after config audit invalidated the first mse/huber/l1 block"
R20260603A,2026-06-03,scorecard,Harvey,current_paper_state__continuous_review_upgrade,review_lane_process_and_current_claims,weak_reject,unsafe,open,0,1,1,0,6.0,5.5,4.5,6.0,5.0,5.0,"critical missing experiment blocks still dominate paper risk, and the first flow-loss trio no longer counts as evidence","close a repaired endpoint-metric ablation before raising technical-quality claims","close SA-SWD isolation and normalized time-to-parity before headline escalation",live_subagent_round_20260603A,"Updated after config audit invalidated the first mse/huber/l1 block"
R20260603A,2026-06-03,experiment_audit,Kepler,current_paper_state__continuous_review_upgrade,review_lane_process_and_current_claims,weak_reject,unsafe,open,0,1,1,0,,,,,,,"claim escalation must stay blocked until an activated metric probe, axis isolation, and parity experiments land","run repaired endpoint-metric ablation before the semantic-vs-random SA-SWD block","build normalized time-to-parity curve on the same comparison scope",live_subagent_round_20260603A,"Updated after config audit invalidated the first mse/huber/l1 block"
R20260603B,2026-06-03,adversarial_review,Lorentz,current_paper_plus_huber_running_and_claim_tightening,paper_plus_active_ablation_status,weak_reject,unsafe,open,0,0,1,0,,,,,,,"latent-metric thesis still sits ahead of matched closure, with efficiency and SA-SWD claims still vulnerable","finish matched flow-loss block on remote 3060","soften efficiency wording until normalized time-to-parity is closed",aaai2027_adversarial_review_20260603_r3.md,"Standalone adversarial memo; not yet a full three-lane cycle"
R20260603C,2026-06-03,adversarial_review,Carver,endpoint_metric_trio_closed__before_sa_swd_and_time_to_parity,paper_plus_repaired_endpoint_packet,weak_reject,narrow_only,partial,1,0,1,1,,,,,,,"Endpoint-only review is now negatively closed, but the paper still outruns the evidence on SA-SWD isolation and normalized efficiency/fairness.","Run and log the fixed-base Distinct5 semantic-vs-random SA-SWD axis ablation, then narrow or retain the SA-SWD novelty claim accordingly.","Produce one same-scope normalized time-to-parity artifact and remove any remaining speed wording that reads broader than an operating-point observation.",live_subagent_round_20260603C,"Repaired endpoint trio closes the inactive-probe objection, but only as a negative endpoint-only result."
R20260603C,2026-06-03,scorecard,Ampere,endpoint_metric_trio_closed__before_sa_swd_and_time_to_parity,paper_plus_repaired_endpoint_packet,weak_reject,narrow_only,partial,1,0,2,1,6.0,5.0,5.0,6.0,6.0,5.0,"SA-SWD semantic-vs-random isolation and normalized time-to-parity remain open, so endpoint-only negative closure is not enough to lift the paper.","Run the planned SA-SWD semantic-axis vs random-axis ablation and bind the claim to that packet only.","Replace vulnerable speed rhetoric with one same-scope time-to-parity figure across LBM, SaMAM, and SaMST.",live_subagent_round_20260603C,"Average AAAI score is 5.5; endpoint-metric closure helps, but only as a bounded negative packet."
R20260603C,2026-06-03,experiment_audit,Darwin,endpoint_metric_trio_closed__before_sa_swd_and_time_to_parity,paper_plus_repaired_endpoint_packet,weak_reject,narrow_only,partial,1,2,2,1,,,,,,,"Endpoint-only trio is now valid and negatively closed, but the paper still lacks the remaining experiment-audit gates: semantic-vs-random SA-SWD and normalized efficiency closure.","Keep endpoint-metric prose strictly at the negative-closure boundary: endpoint-only pointwise supervision does not recover the reviewed H-mainline frontier.","Do not promote the repaired trio into a broader latent-metric or SA-SWD-superiority claim until the separate remaining gates are closed.",live_subagent_round_20260603C,"Endpoint-metric lane is no longer an inactive-probe failure, but it is still only a narrow supporting packet."
R20260603D,2026-06-03,adversarial_review,Carver,paper_plus_goal_note_recheck_after_cleanup_pass,paper_plus_goal_note_and_current_control_state,weak_reject,narrow_only,partial,1,1,2,1,,,,,,,"SA-SWD isolation, normalized efficiency closure, and tokenizer-to-renderer mechanism evidence remain open enough for rejection pressure.","Close the matched semantic-vs-random SA-SWD comparison first.","Run the tokenizer code-to-execution alignment closure before broadening representation claims.",aaai2027_weak_reject_rerun_20260603.md,"Single-lane bounded rerun after control-plane cleanup; not a full three-lane review cycle."
R20260603E,2026-06-03,adversarial_review,Carver,gate_b_pair_landed__negative_closure,paper_plus_landed_gate_b_pair,weak_reject,narrow_only,partial,1,1,2,2,,,,,,,"Gate B is negatively closed rather than open: the landed pair does not support semantic-axis superiority, and SA-SWD must now be framed as a current-mainline design choice rather than a proven novelty win.","Remove or replace any wording that still calls the semantic-vs-random control ongoing or open.","Run the tokenizer code-to-execution alignment probe as the next highest-priority closure.",aaai2027_gate_b_pair_reaudit_20260603.md,"Single-lane adversarial reread after the Gate B pair landed."
R20260603F,2026-06-03,adversarial_review,Carver,l_family_successor_landed__pre_edit_tex_reread,paper_plus_landed_l_family_packet,weak_reject,narrow_only,partial,1,1,2,2,,,,,,,"The main immediate risk is stale tokenizer wording relative to the landed L-family successor packet, not a missing new experiment in this exact moment.","Tighten tokenizer prose in related work, discussion, and conclusion to explicit L-family successor scope.","Re-run adversarial review after manuscript edit.",aaai2027_l_family_postlanding_tex_reread_20260603.md,"Single-lane adversarial reread before the manuscript absorbed the landed L-family packet."
R20260603G,2026-06-03,adversarial_review,Carver,l_family_successor_landed__post_edit_tex_check,paper_plus_landed_l_family_packet_post_edit,weak_reject,narrow_only,partial,1,1,2,2,,,,,,,"The stale-tokenizer wording problem is substantially fixed; the main remaining reject drivers are evidence-side rather than wording-side.","Prioritize a stronger mechanism-side experiment over another local prose pass.","Keep the L-family successor scope explicit unless family-matched evidence expands the claim boundary.",aaai2027_l_family_postedit_tex_check_20260603.md,"Single-lane adversarial post-edit check after the manuscript absorbed the landed L-family packet."
R20260603H,2026-06-03,adversarial_review,Carver,current_paper_plus_goal_and_live_tokenizer_localization,paper_plus_goal_index_and_live_localization_packet,weak_reject,narrow_only,partial,1,1,2,2,,,,,,,"The main weak-reject driver has shifted back to mechanism evidence: tokenizer-localization is live but not landed, while efficiency remains bounded and Distinct5 remains narrow.","Land the Distinct5 L-e1 tokenizer-localization pair exactly as specified, then run a bounded three-lane review on the result.","Do not expand tokenizer or efficiency claims before that packet lands and the claim boundary is refreshed.",aaai2027_adversarial_gate_refresh_20260603.md,"Single-lane adversarial gate refresh after the localization packet was launched."
R20260603I,2026-06-03,adversarial_review,Carver,current_paper_after_related_work_framing_patch,framing_patch_and_current_claim_surface,weak_reject,narrow_only,partial,1,1,2,2,,,,,,,"The framing patch fixed most of the intro regime-compression problem, but the strongest remaining reject driver is still unmet tokenizer-localization mechanism evidence rather than wording.","Land the Distinct5 L-e1 tokenizer-localization pair and refresh the tokenizer mechanism claim boundary from partial diagnosis to matched localization evidence.","Keep Related Work purely external-facing and avoid reintroducing internal packet jargon or evidence there.",live_subagent_round_20260603I,"Compact adversarial reread after the related-work and intro framing patch."
R20260603I,2026-06-03,scorecard,Noether,current_paper_after_related_work_framing_patch,framing_patch_and_current_claim_surface,weak_reject,narrow_only,partial,1,1,1,1,6.5,6.0,5.5,7.0,6.0,5.5,"The framing patch improves clarity and tokenizer terminology, but the paper still lacks matched mechanism closure and reviewer-safe efficiency comparison hygiene for its strongest claims.","Land the matched Distinct5 tokenizer-localization packet and bind tokenizer/execution claims to that artifact only.","Either surface the existing time-to-parity artifacts explicitly in the paper or keep the remaining timing language narrowly bounded.",live_subagent_round_20260603I,"Scorecard lane after the framing patch; clarity improved, but evidence-side blockers dominate."
R20260603I,2026-06-03,experiment_audit,Darwin,current_paper_after_related_work_framing_patch,framing_patch_and_current_claim_surface,weak_reject,narrow_only,partial,1,2,2,1,,,,,,,"The related-work and intro patch removes wording debt, but the main experiment-side closure gap is unchanged: tokenizer-localization is still incomplete, time-to-parity remains bounded timing context only, and the L-family execution-alignment packet is still successor-family evidence rather than full mechanism closure.","Finish and review the matched tokenizer-localization pair before moving tokenizer or representation wording beyond executed-control boundary language.","Keep efficiency and mechanism claims pinned to reviewed artifacts only unless a matched timing or path-stability packet lands.",live_subagent_round_20260603I,"Framing cleanup improves fairness, but it does not materially change experiment-side claim safety."
R20260603K,2026-06-03,adversarial_review,Averroes,current_paper_after_four_lane_reaudit_with_landed_localization_and_timing_v1,paper_plus_landed_localization_timing_and_current_claim_surface,weak_reject,narrow_only,partial,1,1,2,1,,,,,,,"The paper's positive method story still outruns its cleanly closed evidence on latent-metric correction, SA-SWD novelty, tokenizer mechanism, and fair efficiency advantage.","Demote SA-SWD, tokenizer, and latent-metric contribution language to the landed narrow boundary and stop writing localization as pending when it is only L-family-local.","Do not reopen broad efficiency rhetoric unless a reviewer-safe matched parity artifact is promoted into the main paper.",live_subagent_round_20260603K,"Four-lane reread: strongest reject route is still evidence/claim mismatch rather than missing ideas."
R20260603K,2026-06-03,scorecard,Darwin,current_paper_after_four_lane_reaudit_with_landed_localization_and_timing_v1,paper_plus_landed_localization_timing_and_current_claim_surface,weak_reject,narrow_only,partial,1,1,2,1,6.5,6.0,5.5,7.0,5.5,6.0,"The manuscript is reviewer-readable and bounded, but the central mechanism story remains ahead of its cleanest matched evidence.","Bind tokenizer/execution claims to the landed L-family localization packet and keep endpoint-only and SA-SWD language at their negative-closure boundary.","Either upgrade timing to a stronger matched parity artifact or keep all timing prose at operating-point / timing-context scope only.",live_subagent_round_20260603K,"Current scorecard estimate is 6.0/10 overall: weak reject, but no longer far from borderline."
R20260603K,2026-06-03,experiment_audit,Aristotle,current_paper_after_four_lane_reaudit_with_landed_localization_and_timing_v1,paper_plus_landed_localization_timing_and_current_claim_surface,weak_reject,narrow_only,partial,1,1,2,2,,,,,,,"The strongest supported story is already the Distinct5 no-op-aware frontier plus negative endpoint-only closure; the biggest unblocked mechanism gap is now path-stability, while H-family tokenizer closure remains blocked.","Treat Gate B as negatively closed and tokenizer localization as landed-but-local, then launch the Distinct5 path-stability packet on the remote 3060.","Do not spend more formal budget on endpoint-only or semantic-vs-random reruns; reserve the next heavy run for path stability or policy-safe H-family tokenizer recovery.",live_subagent_round_20260603K,"Experiment audit prioritizes path-stability as the highest-value unblocked 3060 closure.")
R20260603K,2026-06-03,figure_audit,James,current_paper_after_four_lane_reaudit_with_landed_localization_and_timing_v1,paper_pdf_and_figure_surface,weak_reject,narrow_only,partial,1,1,1,1,,,,,,,"The results story is fragmented across too many partially convincing figures, so the paper pays page budget without one integrated evidence spine.","Demote figures/fig_distinct5_time_context.pdf from the main paper and stop spending main-text space on a defensive timing-context figure.","Remake the Distinct5 spine as one integrated frontier-plus-cases figure and merge or demote the standalone zoom figure unless crop provenance is made explicit.",live_subagent_round_20260603K,"Figure-first reread: framework figure is strong; evidence figures need consolidation more than cosmetic polish.")
R20260603L,2026-06-03,adversarial_review,Hubble,current_paper_after_path_stability_prelauch_and_surface_cleanup,paper_plus_current_claim_surface_and_prelaunch_state,weak_reject,narrow_only,partial,1,1,2,1,,,,,,,"The paper still asks for mechanism and theory credit beyond what is positively closed; the strongest safe story remains the Distinct5 no-op-aware frontier, while SA-SWD, tokenizer mechanism, path-energy closure, and fair efficiency advantage remain bounded or partial.","Do one manuscript boundary pass that demotes theory, SA-SWD, tokenizer, and timing language to their landed narrow boundary.","Run the prepared Distinct5 path-stability / weakened-kinetic packet and use it as the next mechanism-closure gate before asking for stronger method credit.",live_subagent_round_20260603L,"Adversarial reread after surface cleanup: same rejection class, but with a narrower next-fix target."
R20260603L,2026-06-03,scorecard,Boyle,current_paper_after_path_stability_prelauch_and_surface_cleanup,paper_plus_current_claim_surface_and_prelaunch_state,weak_reject,narrow_only,partial,1,1,2,1,6.5,6.0,5.5,7.0,5.5,6.0,"The manuscript is readable and better bounded, but the central mechanism story still outruns its cleanest matched evidence: endpoint-only and semantic-vs-random are negative closures, timing remains bounded context, and tokenizer evidence is still L-family-local while H-family execution alignment remains blocked.","Run the Distinct5 path-stability probe on the remote RTX 3060 and report one reviewer-safe same-family closure against the current H mainline.","Keep tokenizer, SA-SWD, and efficiency language pinned to L-family-local, negative-closure, and timing-context scope unless the path-stability packet lands cleanly.",live_subagent_round_20260603L,"Scorecard lane again identifies path-stability as the single highest-value next packet."
R20260603L,2026-06-03,experiment_audit,Turing,current_paper_after_path_stability_prelauch_and_surface_cleanup,paper_plus_current_experiment_surface_and_prelaunch_state,weak_reject,narrow_only,partial,1,1,2,2,,,,,,,"The biggest unblocked mechanism gap is now Distinct5 path-stability: the paper's bounded kinetic/path-energy story still lacks a landed matched packet, while tokenizer evidence remains only L-family-local and H-family continuity is still blocked.","Launch the Distinct5 path-stability / weakened-kinetic packet on the remote 3060, then run the field-mode probe and judge it by the protocol accept/reject rule.","Keep endpoint-only and SA-SWD as negative closures, keep tokenizer claims at explicit L-family-local scope, and do not spend more formal remote budget on endpoint or semantic reruns unless H-family checkpoint recovery becomes policy-safe.",live_subagent_round_20260603L,"Experiment audit reprioritizes the same next packet and explicitly demotes more endpoint or semantic reruns."
R20260603L,2026-06-03,figure_audit,Hilbert,current_paper_after_path_stability_prelauch_and_surface_cleanup,paper_pdf_and_active_figure_surface,needs_consolidation,medium-high,medium,4,3,3,3,,,,,,,"The current surface spends two figures on one artifact claim, while the mechanism figure uses a selective ablation view; that lowers reviewer throughput and weakens fairness optics.","Merge the qualitative grid and texture crops into one composite artifact-diagnosis figure with explicit insets tied to marked cells.","Demote the current ablation scatter from the main set unless it is rebuilt as a full-set, plain-language mechanism figure.",live_subagent_round_20260603L,"Figure lane says the strongest keep set is framework plus Distinct5 pareto plus a merged qualitative figure; the current selective ablation should be appendix or rebuilt."
R20260603M,2026-06-03,adversarial_review,Harvey,current_paper_after_agent_cleanup_and_partial_path_stability_launch,paper_plus_current_claim_surface_and_partial_path_packet,weak_reject,narrow_only,partial,1,1,1,1,,,,,,,"The strongest reject route is still evidence and mechanism credit outrunning positively closed same-family support. The interrupted H-family path-stability base launch remains provenance debt rather than admissible closure.","Relaunch the Distinct5 H-family path-stability base arm under the logging contract, then run k025 and k000 plus the probe.","Tighten the theory-support surface one notch and keep current Distinct5 same-family closure language explicitly open.",aaai2027_adversarial_review_R20260603M.md,"Partial path-stability launch improves operational readiness only; it does not change the review class."
R20260603M,2026-06-03,scorecard,Kepler,current_paper_after_agent_cleanup_and_partial_path_stability_launch,paper_plus_current_claim_surface_and_partial_path_packet,weak_reject,narrow_only,partial,1,1,2,1,7.0,6.0,4.0,7.0,5.0,6.0,"The highest-value open mechanism packet remains the Distinct5 H-family path-stability line; the remote base arm did real work, but it did not land a clean checkpoint-to-full-eval chain, so the bounded kinetic/path-energy story is still not admissible as closed evidence.","Relaunch the Distinct5 H-family path-stability base arm under the logging contract and retain a clean chain of train log, epoch checkpoints, and full_eval summaries.","After the base arm lands cleanly, run the matched k025 and k000 arms and then execute tools/probe_path_stability.py before expanding any mechanism wording.",aaai2027_scorecard_R20260603M.md,"Average score is 5.83/10; experimental rigor remains the main bottleneck."
R20260603M,2026-06-03,experiment_audit,Laplace,current_paper_after_agent_cleanup_and_partial_path_stability_launch,paper_plus_current_experiment_surface_and_partial_path_packet,weak_reject,narrow_only,partial,1,1,1,1,,,,,,,"The bounded kinetic/path-energy story still lacks a landed same-family Distinct5 packet: the partial remote base-arm launch proves operational readiness only, not mechanism closure.","Rerun the Distinct5 H-family base arm under the logging contract until it lands one clean save dir with remote_train.log, epoch_0001..0003 checkpoints, and full_eval/epoch_0001..0003/summary.json.","Immediately follow the clean base rerun with matched k025 and k000 runs, then execute tools/probe_path_stability.py and judge paper promotion strictly by the protocol accept/reject rule.",aaai2027_experiment_audit_R20260603M.md,"Path-stability is still the highest-value unblocked remote lane; the partial launch closes operational readiness only."
R20260603M,2026-06-03,figure_audit,Zeno,current_paper_after_agent_cleanup_and_partial_path_stability_launch,paper_pdf_and_active_figure_surface_after_partial_path_packet,weak_reject,narrow_only,partial,1,1,1,1,,,,,,,"The current figure surface is still fragmented around one artifact claim and still carries a selective mechanism-facing ablation figure, while no landed path-stability figure exists to justify broader kinetic or path-energy visuals.","Merge fig_qual_grid_ours_vs_samst.png and fig_zoom_ours_vs_samst.png into one composite artifact-diagnosis figure with linked inset markers.","Demote fig_ablation_pareto.png from the main-paper set unless it is rebuilt as a plain-language full-set mechanism figure; keep framework_lbm_main_v5.png and figures/fig_distinct5_pareto.pdf.",aaai2027_figure_audit_R20260603M.md,"The evidence spine is still framework plus Distinct5 frontier plus one merged qualitative figure, not the current split surface."
R20260603N,2026-06-03,adversarial_review,Chandrasekhar,current_paper_after_agent_cleanup_before_next_path_stability_integration,paper_plus_current_claim_surface_and_clean_base_relaunch_status,weak_reject,narrow_only,partial,1,1,1,1,,,,,,,"The strongest reject route is still evidence/claim mismatch. The paper's safest contribution is the bounded no-op-aware Distinct5 frontier plus negative closures, but the manuscript can still be read as if same-family kinetic/path-stability support exists when it does not.","Do not integrate any new mechanism wording until the matched H-family path-stability packet lands cleanly as base + k025 + k000 + probe with a retained config-to-train-log-to-checkpoint-to-full-eval chain.","Narrow the benchmark and theory surface one notch further: keep Distinct5 as a CLIP-separated stress split and keep path/kinetic wording at partial empirical support scope.",aaai2027_adversarial_review_R20260603N.md,"Operational posture improved, but the scientific closure class did not."
R20260603N,2026-06-03,scorecard,Bohr,current_paper_after_agent_cleanup_before_next_path_stability_integration,paper_plus_current_claim_surface_and_clean_base_relaunch_status,weak_reject,narrow_only,partial,1,1,2,1,7.0,6.0,4.0,7.0,5.0,6.0,"The paper is better bounded, but experimental rigor still bottlenecks acceptance because the highest-value mechanism packet is only partially landed.","Finish the Distinct5 H-family path-stability packet and retain the complete checkpoint-plus-full-eval chain, then integrate only that narrow same-family result.","Run the matched k025 and k000 arms plus tools/probe_path_stability.py before broadening any mechanism wording.",aaai2027_scorecard_R20260603N.md,"Average score remains 5.83/10; experimental rigor is still the main bottleneck."
R20260603N,2026-06-03,experiment_audit,Confucius,current_paper_after_agent_cleanup_before_next_path_stability_integration,paper_plus_current_experiment_surface_and_path_packet_status,weak_reject,narrow_only,partial,1,1,2,1,,,,,,,"The largest remaining provenance gap is still the Distinct5 same-family H packet for kinetic/path stability. The required H-family base + k025 + k000 + probe artifact chain has not yet landed cleanly in the reviewed ledger.","Finish one clean Distinct5 H-family base run under the logging contract and retain the full evidence chain: resolved config, remote_train.log, epoch_0001..0003.pt, and full_eval/epoch_0001..0003/summary.json.","Immediately run the matched H-family k025 and k000 arms, then execute tools/probe_path_stability.py and promote the kinetic/path claim only if the packet satisfies the protocol accept rule.",aaai2027_experiment_audit_R20260603N.md,"The missing same-family path packet is still the highest-value open gap."
R20260603N,2026-06-03,figure_audit,Franklin,current_paper_after_agent_cleanup_before_next_path_stability_integration,paper_pdf_and_active_figure_surface_after_review_cleanup,weak_reject,narrow_only,partial,1,1,1,1,,,,,,,"The main figure surface is still broader than the landed evidence spine. The Distinct5 frontier figure is strong, but the paper still spends too much figure budget on split artifact diagnosis and a visibly selective ablation scatter.","Merge fig_qual_grid_ours_vs_samst.png and fig_zoom_ours_vs_samst.png into one artifact-diagnosis figure with linked zoom callouts.","Demote fig_ablation_pareto.png from the main paper unless rebuilt from a complete non-selective packet; use any freed slot on a no-op / ArtFID pathology visual or a landed same-family mechanism figure.",aaai2027_figure_audit_R20260603N.md,"The figure surface now needs consolidation, not expansion."
