src_style,tgt_style,src_image,gen_image,content_lpips,clip_dir,clip_style,clip_content,pred_style,class_correct
photo,photo,2013-11-17 23_58_45.jpg,images/photo_2013-11-17 23_58_45_to_photo.jpg,0.44286048,0.5318713188171387,0.8378477692604065,0.83092976,N/A,N/A
photo,photo,2013-11-17 17_36_09.jpg,images/photo_2013-11-17 17_36_09_to_photo.jpg,0.4344426,0.4592397212982178,0.7975842952728271,0.78130597,N/A,N/A
photo,Hayao,2013-11-17 23_58_45.jpg,images/photo_2013-11-17 23_58_45_to_Hayao.jpg,0.528904,0.5297914743423462,0.6191753149032593,0.7851008,N/A,N/A
photo,Hayao,2013-11-17 17_36_09.jpg,images/photo_2013-11-17 17_36_09_to_Hayao.jpg,0.52808857,0.5896377563476562,0.6441152095794678,0.67854714,N/A,N/A
photo,monet,2013-11-17 23_58_45.jpg,images/photo_2013-11-17 23_58_45_to_monet.jpg,0.47272035,0.6633750200271606,0.7709583640098572,0.80415314,N/A,N/A
photo,monet,2013-11-17 17_36_09.jpg,images/photo_2013-11-17 17_36_09_to_monet.jpg,0.4885776,0.3825812041759491,0.576274037361145,0.7289801,N/A,N/A
photo,vangogh,2013-11-17 23_58_45.jpg,images/photo_2013-11-17 23_58_45_to_vangogh.jpg,0.48853368,0.6099261045455933,0.7421392202377319,0.78352284,N/A,N/A
photo,vangogh,2013-11-17 17_36_09.jpg,images/photo_2013-11-17 17_36_09_to_vangogh.jpg,0.4999742,0.5044889450073242,0.6456577777862549,0.7627139,N/A,N/A
photo,cezanne,2013-11-17 23_58_45.jpg,images/photo_2013-11-17 23_58_45_to_cezanne.jpg,0.5057945,0.5766987800598145,0.7123449444770813,0.7925693,N/A,N/A
photo,cezanne,2013-11-17 17_36_09.jpg,images/photo_2013-11-17 17_36_09_to_cezanne.jpg,0.5167029,0.4411374628543854,0.5832047462463379,0.74667853,N/A,N/A
photo,photo,2013-11-16 04_17_00.jpg,images/photo_2013-11-16 04_17_00_to_photo.jpg,0.5350058,0.39588457345962524,0.6245220899581909,0.76444936,N/A,N/A
photo,photo,2013-11-12 10_29_19.jpg,images/photo_2013-11-12 10_29_19_to_photo.jpg,0.40004855,0.34091249108314514,0.701256275177002,0.8155033,N/A,N/A
photo,Hayao,2013-11-16 04_17_00.jpg,images/photo_2013-11-16 04_17_00_to_Hayao.jpg,0.5333366,0.5196149349212646,0.5971003770828247,0.73168087,N/A,N/A
photo,Hayao,2013-11-12 10_29_19.jpg,images/photo_2013-11-12 10_29_19_to_Hayao.jpg,0.45013162,0.47381308674812317,0.5529198050498962,0.80704963,N/A,N/A
photo,monet,2013-11-16 04_17_00.jpg,images/photo_2013-11-16 04_17_00_to_monet.jpg,0.5618365,0.3860628604888916,0.5290073752403259,0.7405472,N/A,N/A
photo,monet,2013-11-12 10_29_19.jpg,images/photo_2013-11-12 10_29_19_to_monet.jpg,0.41978887,0.37954795360565186,0.577555775642395,0.84118366,N/A,N/A
photo,vangogh,2013-11-16 04_17_00.jpg,images/photo_2013-11-16 04_17_00_to_vangogh.jpg,0.59152806,0.4101938009262085,0.5485631823539734,0.7320031,N/A,N/A
photo,vangogh,2013-11-12 10_29_19.jpg,images/photo_2013-11-12 10_29_19_to_vangogh.jpg,0.4667288,0.5044915080070496,0.6338600516319275,0.7908485,N/A,N/A
photo,cezanne,2013-11-16 04_17_00.jpg,images/photo_2013-11-16 04_17_00_to_cezanne.jpg,0.5759232,0.43555963039398193,0.5550829768180847,0.7335564,N/A,N/A
photo,cezanne,2013-11-12 10_29_19.jpg,images/photo_2013-11-12 10_29_19_to_cezanne.jpg,0.44762895,0.39872801303863525,0.5607041120529175,0.8138578,N/A,N/A
photo,photo,2013-11-10 19_30_53.jpg,images/photo_2013-11-10 19_30_53_to_photo.jpg,0.41168693,0.40997034311294556,0.8605210185050964,0.8926718,N/A,N/A
photo,photo,2013-11-23 13_03_15.jpg,images/photo_2013-11-23 13_03_15_to_photo.jpg,0.36121976,0.48317524790763855,0.8044811487197876,0.84683204,N/A,N/A
photo,Hayao,2013-11-10 19_30_53.jpg,images/photo_2013-11-10 19_30_53_to_Hayao.jpg,0.5036087,0.45058780908584595,0.5965984463691711,0.8547072,N/A,N/A
photo,Hayao,2013-11-23 13_03_15.jpg,images/photo_2013-11-23 13_03_15_to_Hayao.jpg,0.46393263,0.6786354184150696,0.6994262337684631,0.72804135,N/A,N/A
photo,monet,2013-11-10 19_30_53.jpg,images/photo_2013-11-10 19_30_53_to_monet.jpg,0.4798336,0.4378681480884552,0.684951663017273,0.8742635,N/A,N/A
photo,monet,2013-11-23 13_03_15.jpg,images/photo_2013-11-23 13_03_15_to_monet.jpg,0.38764045,0.4498126208782196,0.6066628098487854,0.7839525,N/A,N/A
photo,vangogh,2013-11-10 19_30_53.jpg,images/photo_2013-11-10 19_30_53_to_vangogh.jpg,0.5447716,0.47388797998428345,0.6796247959136963,0.8573481,N/A,N/A
photo,vangogh,2013-11-23 13_03_15.jpg,images/photo_2013-11-23 13_03_15_to_vangogh.jpg,0.43728948,0.5325634479522705,0.653504490852356,0.74699306,N/A,N/A
photo,cezanne,2013-11-10 19_30_53.jpg,images/photo_2013-11-10 19_30_53_to_cezanne.jpg,0.50019395,0.38331449031829834,0.6159073114395142,0.8678507,N/A,N/A
photo,cezanne,2013-11-23 13_03_15.jpg,images/photo_2013-11-23 13_03_15_to_cezanne.jpg,0.4398026,0.5093425512313843,0.635206937789917,0.7774509,N/A,N/A
photo,photo,2013-11-18 02_42_31.jpg,images/photo_2013-11-18 02_42_31_to_photo.jpg,0.5139903,0.4186556339263916,0.8310079574584961,0.87748665,N/A,N/A
photo,photo,2013-11-11 22_03_00.jpg,images/photo_2013-11-11 22_03_00_to_photo.jpg,0.4049366,0.5329988598823547,0.8016340732574463,0.7665242,N/A,N/A
photo,Hayao,2013-11-18 02_42_31.jpg,images/photo_2013-11-18 02_42_31_to_Hayao.jpg,0.58388716,0.5729377269744873,0.6635027527809143,0.78775287,N/A,N/A
photo,Hayao,2013-11-11 22_03_00.jpg,images/photo_2013-11-11 22_03_00_to_Hayao.jpg,0.47233373,0.659771203994751,0.7014143466949463,0.720428,N/A,N/A
photo,monet,2013-11-18 02_42_31.jpg,images/photo_2013-11-18 02_42_31_to_monet.jpg,0.51827854,0.39305201172828674,0.6729035377502441,0.8664752,N/A,N/A
photo,monet,2013-11-11 22_03_00.jpg,images/photo_2013-11-11 22_03_00_to_monet.jpg,0.4536104,0.48145467042922974,0.6331773400306702,0.71417254,N/A,N/A
photo,vangogh,2013-11-18 02_42_31.jpg,images/photo_2013-11-18 02_42_31_to_vangogh.jpg,0.55224204,0.4478992223739624,0.6993495225906372,0.8737067,N/A,N/A
photo,vangogh,2013-11-11 22_03_00.jpg,images/photo_2013-11-11 22_03_00_to_vangogh.jpg,0.5128134,0.5817216038703918,0.6835008263587952,0.67317647,N/A,N/A
photo,cezanne,2013-11-18 02_42_31.jpg,images/photo_2013-11-18 02_42_31_to_cezanne.jpg,0.56377053,0.39719831943511963,0.6435801982879639,0.85593176,N/A,N/A
photo,cezanne,2013-11-11 22_03_00.jpg,images/photo_2013-11-11 22_03_00_to_cezanne.jpg,0.48205122,0.4983620345592499,0.6051335334777832,0.68536437,N/A,N/A
photo,photo,2013-11-18 08_52_05.jpg,images/photo_2013-11-18 08_52_05_to_photo.jpg,0.35984406,0.4473651349544525,0.7733467817306519,0.8438873,N/A,N/A
photo,photo,2013-11-14 07_04_51.jpg,images/photo_2013-11-14 07_04_51_to_photo.jpg,0.54624814,0.6779333353042603,0.74009108543396,0.52055925,N/A,N/A
photo,Hayao,2013-11-18 08_52_05.jpg,images/photo_2013-11-18 08_52_05_to_Hayao.jpg,0.44860655,0.5107932686805725,0.5432467460632324,0.83840644,N/A,N/A
photo,Hayao,2013-11-14 07_04_51.jpg,images/photo_2013-11-14 07_04_51_to_Hayao.jpg,0.6743586,0.611871600151062,0.6455014944076538,0.6150245,N/A,N/A
photo,monet,2013-11-18 08_52_05.jpg,images/photo_2013-11-18 08_52_05_to_monet.jpg,0.40182903,0.44379404187202454,0.6236763000488281,0.8267288,N/A,N/A
photo,monet,2013-11-14 07_04_51.jpg,images/photo_2013-11-14 07_04_51_to_monet.jpg,0.5963474,0.5894754528999329,0.6408038139343262,0.6110775,N/A,N/A
photo,vangogh,2013-11-18 08_52_05.jpg,images/photo_2013-11-18 08_52_05_to_vangogh.jpg,0.4596616,0.4971744418144226,0.6337367296218872,0.83503234,N/A,N/A
photo,vangogh,2013-11-14 07_04_51.jpg,images/photo_2013-11-14 07_04_51_to_vangogh.jpg,0.65641046,0.6386901140213013,0.6760433912277222,0.58753043,N/A,N/A
photo,cezanne,2013-11-18 08_52_05.jpg,images/photo_2013-11-18 08_52_05_to_cezanne.jpg,0.48330182,0.43963202834129333,0.5871943235397339,0.83400846,N/A,N/A
photo,cezanne,2013-11-14 07_04_51.jpg,images/photo_2013-11-14 07_04_51_to_cezanne.jpg,0.6429901,0.584809422492981,0.6198625564575195,0.6061939,N/A,N/A
photo,photo,2013-11-19 00_58_04.jpg,images/photo_2013-11-19 00_58_04_to_photo.jpg,0.4311834,0.5438749194145203,0.8351520299911499,0.8261856,N/A,N/A
photo,photo,2013-11-17 14_54_20.jpg,images/photo_2013-11-17 14_54_20_to_photo.jpg,0.35512263,0.3436574935913086,0.7661879062652588,0.8727697,N/A,N/A
photo,Hayao,2013-11-19 00_58_04.jpg,images/photo_2013-11-19 00_58_04_to_Hayao.jpg,0.50199986,0.6614762544631958,0.7069196105003357,0.6974712,N/A,N/A
photo,Hayao,2013-11-17 14_54_20.jpg,images/photo_2013-11-17 14_54_20_to_Hayao.jpg,0.3541051,0.5129959583282471,0.6323155164718628,0.8345641,N/A,N/A
photo,monet,2013-11-19 00_58_04.jpg,images/photo_2013-11-19 00_58_04_to_monet.jpg,0.4941311,0.5594831705093384,0.6896520256996155,0.76013845,N/A,N/A
photo,monet,2013-11-17 14_54_20.jpg,images/photo_2013-11-17 14_54_20_to_monet.jpg,0.36080593,0.3019135296344757,0.5938236713409424,0.8580132,N/A,N/A
photo,vangogh,2013-11-19 00_58_04.jpg,images/photo_2013-11-19 00_58_04_to_vangogh.jpg,0.4941947,0.5941470265388489,0.699823260307312,0.75686353,N/A,N/A
photo,vangogh,2013-11-17 14_54_20.jpg,images/photo_2013-11-17 14_54_20_to_vangogh.jpg,0.37781757,0.38414350152015686,0.6376535296440125,0.8606586,N/A,N/A
photo,cezanne,2013-11-19 00_58_04.jpg,images/photo_2013-11-19 00_58_04_to_cezanne.jpg,0.5076462,0.5528075695037842,0.6526760458946228,0.73132503,N/A,N/A
photo,cezanne,2013-11-17 14_54_20.jpg,images/photo_2013-11-17 14_54_20_to_cezanne.jpg,0.36766857,0.36435791850090027,0.5867083072662354,0.84068966,N/A,N/A
photo,photo,2013-11-12 16_58_40.jpg,images/photo_2013-11-12 16_58_40_to_photo.jpg,0.37565073,0.37694716453552246,0.7841883897781372,0.8678798,N/A,N/A
photo,photo,2013-11-10 12_45_41.jpg,images/photo_2013-11-10 12_45_41_to_photo.jpg,0.38291174,0.48262494802474976,0.7845958471298218,0.8223388,N/A,N/A
photo,Hayao,2013-11-12 16_58_40.jpg,images/photo_2013-11-12 16_58_40_to_Hayao.jpg,0.5033526,0.492201030254364,0.6276203393936157,0.81936586,N/A,N/A
photo,Hayao,2013-11-10 12_45_41.jpg,images/photo_2013-11-10 12_45_41_to_Hayao.jpg,0.3658325,0.6119908094406128,0.6641844511032104,0.8009557,N/A,N/A
photo,monet,2013-11-12 16_58_40.jpg,images/photo_2013-11-12 16_58_40_to_monet.jpg,0.46437347,0.49036720395088196,0.7174389362335205,0.83954835,N/A,N/A
photo,monet,2013-11-10 12_45_41.jpg,images/photo_2013-11-10 12_45_41_to_monet.jpg,0.3935585,0.4685674011707306,0.6330163478851318,0.84130335,N/A,N/A
photo,vangogh,2013-11-12 16_58_40.jpg,images/photo_2013-11-12 16_58_40_to_vangogh.jpg,0.555669,0.5292220115661621,0.7221230864524841,0.8087376,N/A,N/A
photo,vangogh,2013-11-10 12_45_41.jpg,images/photo_2013-11-10 12_45_41_to_vangogh.jpg,0.43269047,0.484899640083313,0.6385130286216736,0.8131792,N/A,N/A
photo,cezanne,2013-11-12 16_58_40.jpg,images/photo_2013-11-12 16_58_40_to_cezanne.jpg,0.5217733,0.5186793208122253,0.7020606994628906,0.814107,N/A,N/A
photo,cezanne,2013-11-10 12_45_41.jpg,images/photo_2013-11-10 12_45_41_to_cezanne.jpg,0.42485452,0.45908623933792114,0.5931735634803772,0.8142869,N/A,N/A
photo,photo,2013-11-21 05_56_32.jpg,images/photo_2013-11-21 05_56_32_to_photo.jpg,0.32273015,0.4315800070762634,0.8578637838363647,0.8753048,N/A,N/A
photo,photo,2013-11-21 01_47_41.jpg,images/photo_2013-11-21 01_47_41_to_photo.jpg,0.41751358,0.4743233621120453,0.8489820957183838,0.8632945,N/A,N/A
photo,Hayao,2013-11-21 05_56_32.jpg,images/photo_2013-11-21 05_56_32_to_Hayao.jpg,0.36247754,0.42783886194229126,0.597221314907074,0.878101,N/A,N/A
photo,Hayao,2013-11-21 01_47_41.jpg,images/photo_2013-11-21 01_47_41_to_Hayao.jpg,0.45453215,0.4108574390411377,0.5345194935798645,0.88167286,N/A,N/A
photo,monet,2013-11-21 05_56_32.jpg,images/photo_2013-11-21 05_56_32_to_monet.jpg,0.36421132,0.473877876996994,0.6940721273422241,0.8643166,N/A,N/A
photo,monet,2013-11-21 01_47_41.jpg,images/photo_2013-11-21 01_47_41_to_monet.jpg,0.44030133,0.5371429920196533,0.7174797058105469,0.8374425,N/A,N/A
photo,vangogh,2013-11-21 05_56_32.jpg,images/photo_2013-11-21 05_56_32_to_vangogh.jpg,0.41180402,0.47785741090774536,0.6866294145584106,0.8535591,N/A,N/A
photo,vangogh,2013-11-21 01_47_41.jpg,images/photo_2013-11-21 01_47_41_to_vangogh.jpg,0.5069199,0.5325714349746704,0.6875960826873779,0.84843355,N/A,N/A
photo,cezanne,2013-11-21 05_56_32.jpg,images/photo_2013-11-21 05_56_32_to_cezanne.jpg,0.40039495,0.4072488844394684,0.6233697533607483,0.87515074,N/A,N/A
photo,cezanne,2013-11-21 01_47_41.jpg,images/photo_2013-11-21 01_47_41_to_cezanne.jpg,0.4737107,0.46637222170829773,0.6402029991149902,0.8539244,N/A,N/A
photo,photo,2013-11-12 01_54_20.jpg,images/photo_2013-11-12 01_54_20_to_photo.jpg,0.4106163,0.5221181511878967,0.7302425503730774,0.7199651,N/A,N/A
photo,photo,2013-11-17 18_08_26.jpg,images/photo_2013-11-17 18_08_26_to_photo.jpg,0.3268478,0.48417145013809204,0.8379294872283936,0.86270976,N/A,N/A
photo,Hayao,2013-11-12 01_54_20.jpg,images/photo_2013-11-12 01_54_20_to_Hayao.jpg,0.49262023,0.6591047644615173,0.6788099408149719,0.64347655,N/A,N/A
photo,Hayao,2013-11-17 18_08_26.jpg,images/photo_2013-11-17 18_08_26_to_Hayao.jpg,0.43221694,0.5936223268508911,0.6382498145103455,0.7944854,N/A,N/A
photo,monet,2013-11-12 01_54_20.jpg,images/photo_2013-11-12 01_54_20_to_monet.jpg,0.46383584,0.5589247345924377,0.6239631175994873,0.6757456,N/A,N/A
photo,monet,2013-11-17 18_08_26.jpg,images/photo_2013-11-17 18_08_26_to_monet.jpg,0.37180015,0.4387146830558777,0.6243906021118164,0.83664566,N/A,N/A
photo,vangogh,2013-11-12 01_54_20.jpg,images/photo_2013-11-12 01_54_20_to_vangogh.jpg,0.53846204,0.5609759092330933,0.6385835409164429,0.6785423,N/A,N/A
photo,vangogh,2013-11-17 18_08_26.jpg,images/photo_2013-11-17 18_08_26_to_vangogh.jpg,0.4321332,0.549342155456543,0.682306170463562,0.81029177,N/A,N/A
photo,cezanne,2013-11-12 01_54_20.jpg,images/photo_2013-11-12 01_54_20_to_cezanne.jpg,0.49703413,0.5333837270736694,0.6051971316337585,0.70771605,N/A,N/A
photo,cezanne,2013-11-17 18_08_26.jpg,images/photo_2013-11-17 18_08_26_to_cezanne.jpg,0.41000646,0.4839940369129181,0.6292455792427063,0.8153782,N/A,N/A
photo,photo,2013-11-20 11_21_32.jpg,images/photo_2013-11-20 11_21_32_to_photo.jpg,0.32823533,0.4856101870536804,0.7365466356277466,0.7897819,N/A,N/A
photo,photo,2013-11-08 16_45_24.jpg,images/photo_2013-11-08 16_45_24_to_photo.jpg,0.4636331,0.44757795333862305,0.7581372857093811,0.79373634,N/A,N/A
photo,Hayao,2013-11-20 11_21_32.jpg,images/photo_2013-11-20 11_21_32_to_Hayao.jpg,0.42718655,0.5386413335800171,0.60929274559021,0.7648738,N/A,N/A
photo,Hayao,2013-11-08 16_45_24.jpg,images/photo_2013-11-08 16_45_24_to_Hayao.jpg,0.5479553,0.448223352432251,0.5474614500999451,0.79529643,N/A,N/A
photo,monet,2013-11-20 11_21_32.jpg,images/photo_2013-11-20 11_21_32_to_monet.jpg,0.3604504,0.4936479926109314,0.6616867780685425,0.7970278,N/A,N/A
photo,monet,2013-11-08 16_45_24.jpg,images/photo_2013-11-08 16_45_24_to_monet.jpg,0.52899486,0.5130075216293335,0.634657084941864,0.80691826,N/A,N/A
photo,vangogh,2013-11-20 11_21_32.jpg,images/photo_2013-11-20 11_21_32_to_vangogh.jpg,0.4072329,0.5277388691902161,0.6667988896369934,0.77514005,N/A,N/A
photo,vangogh,2013-11-08 16_45_24.jpg,images/photo_2013-11-08 16_45_24_to_vangogh.jpg,0.58155596,0.4846154451370239,0.6072049140930176,0.81251174,N/A,N/A
photo,cezanne,2013-11-20 11_21_32.jpg,images/photo_2013-11-20 11_21_32_to_cezanne.jpg,0.38842514,0.4458830654621124,0.5984153747558594,0.75211823,N/A,N/A
photo,cezanne,2013-11-08 16_45_24.jpg,images/photo_2013-11-08 16_45_24_to_cezanne.jpg,0.52378213,0.4320203363895416,0.5468873977661133,0.8169913,N/A,N/A
photo,photo,2013-11-22 14_15_50.jpg,images/photo_2013-11-22 14_15_50_to_photo.jpg,0.48335308,0.6150546073913574,0.8196616172790527,0.8174928,N/A,N/A
photo,photo,2013-11-14 14_11_02.jpg,images/photo_2013-11-14 14_11_02_to_photo.jpg,0.4973185,0.5990803241729736,0.869141697883606,0.83346784,N/A,N/A
photo,Hayao,2013-11-22 14_15_50.jpg,images/photo_2013-11-22 14_15_50_to_Hayao.jpg,0.539716,0.6485337018966675,0.6604238152503967,0.7144476,N/A,N/A
photo,Hayao,2013-11-14 14_11_02.jpg,images/photo_2013-11-14 14_11_02_to_Hayao.jpg,0.5221094,0.5208847522735596,0.6069946885108948,0.79543054,N/A,N/A
photo,monet,2013-11-22 14_15_50.jpg,images/photo_2013-11-22 14_15_50_to_monet.jpg,0.4654101,0.5349329113960266,0.663427472114563,0.8183882,N/A,N/A
photo,monet,2013-11-14 14_11_02.jpg,images/photo_2013-11-14 14_11_02_to_monet.jpg,0.50944304,0.4353015720844269,0.6778180599212646,0.83022034,N/A,N/A
photo,vangogh,2013-11-22 14_15_50.jpg,images/photo_2013-11-22 14_15_50_to_vangogh.jpg,0.52669924,0.606572687625885,0.6797023415565491,0.7590991,N/A,N/A
photo,vangogh,2013-11-14 14_11_02.jpg,images/photo_2013-11-14 14_11_02_to_vangogh.jpg,0.5290445,0.46736767888069153,0.7013682723045349,0.85684705,N/A,N/A
photo,cezanne,2013-11-22 14_15_50.jpg,images/photo_2013-11-22 14_15_50_to_cezanne.jpg,0.5447745,0.5720564126968384,0.6518223285675049,0.7164312,N/A,N/A
photo,cezanne,2013-11-14 14_11_02.jpg,images/photo_2013-11-14 14_11_02_to_cezanne.jpg,0.53294885,0.44169068336486816,0.6482378840446472,0.8283327,N/A,N/A
photo,photo,2013-11-19 05_01_31.jpg,images/photo_2013-11-19 05_01_31_to_photo.jpg,0.3775359,0.4534526467323303,0.8382980823516846,0.8742361,N/A,N/A
photo,photo,2013-11-25 10_46_18.jpg,images/photo_2013-11-25 10_46_18_to_photo.jpg,0.47396708,0.4070138931274414,0.8595921993255615,0.9071077,N/A,N/A
photo,Hayao,2013-11-19 05_01_31.jpg,images/photo_2013-11-19 05_01_31_to_Hayao.jpg,0.47733533,0.5671344995498657,0.6651913523674011,0.8054736,N/A,N/A
photo,Hayao,2013-11-25 10_46_18.jpg,images/photo_2013-11-25 10_46_18_to_Hayao.jpg,0.50239336,0.4456790089607239,0.6587091088294983,0.8777359,N/A,N/A
photo,monet,2013-11-19 05_01_31.jpg,images/photo_2013-11-19 05_01_31_to_monet.jpg,0.41334775,0.4511682987213135,0.6799351572990417,0.884553,N/A,N/A
photo,monet,2013-11-25 10_46_18.jpg,images/photo_2013-11-25 10_46_18_to_monet.jpg,0.48705405,0.49463510513305664,0.7490872144699097,0.86647725,N/A,N/A
photo,vangogh,2013-11-19 05_01_31.jpg,images/photo_2013-11-19 05_01_31_to_vangogh.jpg,0.47585136,0.5239063501358032,0.6970242261886597,0.8390478,N/A,N/A
photo,vangogh,2013-11-25 10_46_18.jpg,images/photo_2013-11-25 10_46_18_to_vangogh.jpg,0.531322,0.4696192145347595,0.7434476613998413,0.8695337,N/A,N/A
photo,cezanne,2013-11-19 05_01_31.jpg,images/photo_2013-11-19 05_01_31_to_cezanne.jpg,0.4756481,0.4982371926307678,0.6468287110328674,0.7978552,N/A,N/A
photo,cezanne,2013-11-25 10_46_18.jpg,images/photo_2013-11-25 10_46_18_to_cezanne.jpg,0.49830484,0.4090490937232971,0.6891106963157654,0.8756175,N/A,N/A
photo,photo,2013-11-21 17_44_44.jpg,images/photo_2013-11-21 17_44_44_to_photo.jpg,0.39456862,0.5356983542442322,0.879402756690979,0.89843345,N/A,N/A
photo,photo,2013-11-18 11_46_45.jpg,images/photo_2013-11-18 11_46_45_to_photo.jpg,0.42302737,0.5211434364318848,0.8268710374832153,0.8138639,N/A,N/A
photo,Hayao,2013-11-21 17_44_44.jpg,images/photo_2013-11-21 17_44_44_to_Hayao.jpg,0.4947709,0.44528281688690186,0.6061814427375793,0.8845968,N/A,N/A
photo,Hayao,2013-11-18 11_46_45.jpg,images/photo_2013-11-18 11_46_45_to_Hayao.jpg,0.48860472,0.4923362135887146,0.626800000667572,0.80969423,N/A,N/A
photo,monet,2013-11-21 17_44_44.jpg,images/photo_2013-11-21 17_44_44_to_monet.jpg,0.4442751,0.4442369341850281,0.6850009560585022,0.8854749,N/A,N/A
photo,monet,2013-11-18 11_46_45.jpg,images/photo_2013-11-18 11_46_45_to_monet.jpg,0.43373495,0.5313553214073181,0.7093459367752075,0.79730487,N/A,N/A
photo,vangogh,2013-11-21 17_44_44.jpg,images/photo_2013-11-21 17_44_44_to_vangogh.jpg,0.5116799,0.5120692253112793,0.6909890174865723,0.87376636,N/A,N/A
photo,vangogh,2013-11-18 11_46_45.jpg,images/photo_2013-11-18 11_46_45_to_vangogh.jpg,0.46553373,0.5265082716941833,0.6934208273887634,0.78794944,N/A,N/A
photo,cezanne,2013-11-21 17_44_44.jpg,images/photo_2013-11-21 17_44_44_to_cezanne.jpg,0.47898698,0.39932966232299805,0.6165792942047119,0.90092516,N/A,N/A
photo,cezanne,2013-11-18 11_46_45.jpg,images/photo_2013-11-18 11_46_45_to_cezanne.jpg,0.4529173,0.4377617835998535,0.6397372484207153,0.8274219,N/A,N/A
photo,photo,2013-11-18 06_58_36.jpg,images/photo_2013-11-18 06_58_36_to_photo.jpg,0.3291188,0.45130833983421326,0.8024069666862488,0.8987887,N/A,N/A
photo,photo,2013-11-17 09_05_09.jpg,images/photo_2013-11-17 09_05_09_to_photo.jpg,0.3696595,0.5463842749595642,0.825183629989624,0.7842166,N/A,N/A
photo,Hayao,2013-11-18 06_58_36.jpg,images/photo_2013-11-18 06_58_36_to_Hayao.jpg,0.31568798,0.3674408495426178,0.6017352342605591,0.9132389,N/A,N/A
photo,Hayao,2013-11-17 09_05_09.jpg,images/photo_2013-11-17 09_05_09_to_Hayao.jpg,0.4460639,0.587121307849884,0.6472237706184387,0.7106528,N/A,N/A
photo,monet,2013-11-18 06_58_36.jpg,images/photo_2013-11-18 06_58_36_to_monet.jpg,0.36954156,0.4917515218257904,0.6901583075523376,0.88424623,N/A,N/A
photo,monet,2013-11-17 09_05_09.jpg,images/photo_2013-11-17 09_05_09_to_monet.jpg,0.39395666,0.5346832871437073,0.6867209672927856,0.7814804,N/A,N/A
photo,vangogh,2013-11-18 06_58_36.jpg,images/photo_2013-11-18 06_58_36_to_vangogh.jpg,0.39978296,0.4489026665687561,0.7097890377044678,0.8716442,N/A,N/A
photo,vangogh,2013-11-17 09_05_09.jpg,images/photo_2013-11-17 09_05_09_to_vangogh.jpg,0.43912503,0.4945228099822998,0.658566951751709,0.77612245,N/A,N/A
photo,cezanne,2013-11-18 06_58_36.jpg,images/photo_2013-11-18 06_58_36_to_cezanne.jpg,0.34657598,0.3658639192581177,0.6278305053710938,0.89116776,N/A,N/A
photo,cezanne,2013-11-17 09_05_09.jpg,images/photo_2013-11-17 09_05_09_to_cezanne.jpg,0.43695742,0.4954327940940857,0.6281911134719849,0.74572736,N/A,N/A
photo,photo,2013-11-17 16_40_10.jpg,images/photo_2013-11-17 16_40_10_to_photo.jpg,0.52854836,0.2976958155632019,0.7912741303443909,0.86778045,N/A,N/A
photo,photo,2013-11-22 14_12_35.jpg,images/photo_2013-11-22 14_12_35_to_photo.jpg,0.3995157,0.447970449924469,0.8072468042373657,0.78354263,N/A,N/A
photo,Hayao,2013-11-17 16_40_10.jpg,images/photo_2013-11-17 16_40_10_to_Hayao.jpg,0.6552911,0.5376655459403992,0.6822456121444702,0.7913525,N/A,N/A
photo,Hayao,2013-11-22 14_12_35.jpg,images/photo_2013-11-22 14_12_35_to_Hayao.jpg,0.4619431,0.5760181546211243,0.6623430848121643,0.7822989,N/A,N/A
photo,monet,2013-11-17 16_40_10.jpg,images/photo_2013-11-17 16_40_10_to_monet.jpg,0.52946264,0.5319092869758606,0.7809789180755615,0.84999675,N/A,N/A
photo,monet,2013-11-22 14_12_35.jpg,images/photo_2013-11-22 14_12_35_to_monet.jpg,0.42233637,0.43583622574806213,0.6358789801597595,0.7356894,N/A,N/A
photo,vangogh,2013-11-17 16_40_10.jpg,images/photo_2013-11-17 16_40_10_to_vangogh.jpg,0.6145938,0.5439201593399048,0.7677450776100159,0.8272861,N/A,N/A
photo,vangogh,2013-11-22 14_12_35.jpg,images/photo_2013-11-22 14_12_35_to_vangogh.jpg,0.5043063,0.5631561279296875,0.6758259534835815,0.66748977,N/A,N/A
photo,cezanne,2013-11-17 16_40_10.jpg,images/photo_2013-11-17 16_40_10_to_cezanne.jpg,0.58870053,0.519326388835907,0.7351458668708801,0.83468413,N/A,N/A
photo,cezanne,2013-11-22 14_12_35.jpg,images/photo_2013-11-22 14_12_35_to_cezanne.jpg,0.45930088,0.4560466408729553,0.6282980442047119,0.7558748,N/A,N/A
Hayao,photo,1020.jpg,images/Hayao_1020_to_photo.jpg,0.4435252,0.494977742433548,0.7766522169113159,0.898282,N/A,N/A
Hayao,photo,1019.jpg,images/Hayao_1019_to_photo.jpg,0.37537387,0.3452521860599518,0.7791251540184021,0.8954036,N/A,N/A
Hayao,Hayao,1020.jpg,images/Hayao_1020_to_Hayao.jpg,0.39997804,0.3548405170440674,0.641690731048584,0.85412055,N/A,N/A
Hayao,Hayao,1019.jpg,images/Hayao_1019_to_Hayao.jpg,0.39327458,0.3887893855571747,0.7110176086425781,0.8286949,N/A,N/A
Hayao,monet,1020.jpg,images/Hayao_1020_to_monet.jpg,0.4007102,0.29308876395225525,0.6402750611305237,0.9007182,N/A,N/A
Hayao,monet,1019.jpg,images/Hayao_1019_to_monet.jpg,0.41118604,0.29426950216293335,0.6955031752586365,0.88302183,N/A,N/A
Hayao,vangogh,1020.jpg,images/Hayao_1020_to_vangogh.jpg,0.4050942,0.3620727062225342,0.6714258193969727,0.9049438,N/A,N/A
Hayao,vangogh,1019.jpg,images/Hayao_1019_to_vangogh.jpg,0.45345294,0.3253411650657654,0.6994611024856567,0.851246,N/A,N/A
Hayao,cezanne,1020.jpg,images/Hayao_1020_to_cezanne.jpg,0.39356372,0.23326262831687927,0.6104100942611694,0.90402186,N/A,N/A
Hayao,cezanne,1019.jpg,images/Hayao_1019_to_cezanne.jpg,0.4204797,0.2762437164783478,0.645738422870636,0.81808126,N/A,N/A
Hayao,photo,1015.jpg,images/Hayao_1015_to_photo.jpg,0.41044575,0.4986267685890198,0.5911588668823242,0.79979086,N/A,N/A
Hayao,photo,1008.jpg,images/Hayao_1008_to_photo.jpg,0.45710042,0.29869598150253296,0.47548726201057434,0.84923387,N/A,N/A
Hayao,Hayao,1015.jpg,images/Hayao_1015_to_Hayao.jpg,0.4025498,0.5155825614929199,0.8272496461868286,0.81314784,N/A,N/A
Hayao,Hayao,1008.jpg,images/Hayao_1008_to_Hayao.jpg,0.40991923,0.4447211027145386,0.8544302582740784,0.8547154,N/A,N/A
Hayao,monet,1015.jpg,images/Hayao_1015_to_monet.jpg,0.4109506,0.3872871696949005,0.5064806938171387,0.797657,N/A,N/A
Hayao,monet,1008.jpg,images/Hayao_1008_to_monet.jpg,0.42678934,0.28812289237976074,0.41587185859680176,0.8376136,N/A,N/A
Hayao,vangogh,1015.jpg,images/Hayao_1015_to_vangogh.jpg,0.42047286,0.4350801110267639,0.5968025922775269,0.7958759,N/A,N/A
Hayao,vangogh,1008.jpg,images/Hayao_1008_to_vangogh.jpg,0.41752332,0.2773614227771759,0.4939180016517639,0.8392529,N/A,N/A
Hayao,cezanne,1015.jpg,images/Hayao_1015_to_cezanne.jpg,0.40877658,0.3263368308544159,0.517436146736145,0.821081,N/A,N/A
Hayao,cezanne,1008.jpg,images/Hayao_1008_to_cezanne.jpg,0.41694164,0.2921164929866791,0.4650992155075073,0.84128916,N/A,N/A
Hayao,photo,1001.jpg,images/Hayao_1001_to_photo.jpg,0.42343807,0.34561800956726074,0.5056443214416504,0.851204,N/A,N/A
Hayao,photo,1044.jpg,images/Hayao_1044_to_photo.jpg,0.38858578,0.45120617747306824,0.6902449131011963,0.87758225,N/A,N/A
Hayao,Hayao,1001.jpg,images/Hayao_1001_to_Hayao.jpg,0.48154855,0.4174463748931885,0.8631630539894104,0.8803718,N/A,N/A
Hayao,Hayao,1044.jpg,images/Hayao_1044_to_Hayao.jpg,0.3965228,0.3196226954460144,0.8253505825996399,0.9118986,N/A,N/A
Hayao,monet,1001.jpg,images/Hayao_1001_to_monet.jpg,0.4603946,0.4007972180843353,0.4995773136615753,0.7947713,N/A,N/A
Hayao,monet,1044.jpg,images/Hayao_1044_to_monet.jpg,0.40978903,0.4604990482330322,0.648670494556427,0.85368615,N/A,N/A
Hayao,vangogh,1001.jpg,images/Hayao_1001_to_vangogh.jpg,0.5159265,0.42332911491394043,0.5937718152999878,0.8474741,N/A,N/A
Hayao,vangogh,1044.jpg,images/Hayao_1044_to_vangogh.jpg,0.43292043,0.5785112380981445,0.7305213212966919,0.8068462,N/A,N/A
Hayao,cezanne,1001.jpg,images/Hayao_1001_to_cezanne.jpg,0.46128345,0.3180880546569824,0.5166983604431152,0.85962975,N/A,N/A
Hayao,cezanne,1044.jpg,images/Hayao_1044_to_cezanne.jpg,0.4242382,0.43732911348342896,0.6405380964279175,0.87224054,N/A,N/A
Hayao,photo,1021.jpg,images/Hayao_1021_to_photo.jpg,0.3964926,0.473239004611969,0.7071250677108765,0.85094345,N/A,N/A
Hayao,photo,1006.jpg,images/Hayao_1006_to_photo.jpg,0.40017313,0.45549139380455017,0.5454566478729248,0.83849007,N/A,N/A
Hayao,Hayao,1021.jpg,images/Hayao_1021_to_Hayao.jpg,0.41092977,0.43119803071022034,0.7730580568313599,0.8238841,N/A,N/A
Hayao,Hayao,1006.jpg,images/Hayao_1006_to_Hayao.jpg,0.3804869,0.36246564984321594,0.8211740851402283,0.84045297,N/A,N/A
Hayao,monet,1021.jpg,images/Hayao_1021_to_monet.jpg,0.40741947,0.3770182132720947,0.5946144461631775,0.80142236,N/A,N/A
Hayao,monet,1006.jpg,images/Hayao_1006_to_monet.jpg,0.41629338,0.37482279539108276,0.4444218575954437,0.8121964,N/A,N/A
Hayao,vangogh,1021.jpg,images/Hayao_1021_to_vangogh.jpg,0.4398113,0.37525802850723267,0.588432788848877,0.77452016,N/A,N/A
Hayao,vangogh,1006.jpg,images/Hayao_1006_to_vangogh.jpg,0.4716707,0.4774523377418518,0.5869059562683105,0.8036984,N/A,N/A
Hayao,cezanne,1021.jpg,images/Hayao_1021_to_cezanne.jpg,0.41963765,0.43931400775909424,0.6285178065299988,0.80518967,N/A,N/A
Hayao,cezanne,1006.jpg,images/Hayao_1006_to_cezanne.jpg,0.4510967,0.43624553084373474,0.5340948104858398,0.80983496,N/A,N/A
Hayao,photo,1024.jpg,images/Hayao_1024_to_photo.jpg,0.54406184,0.4354627728462219,0.5978836417198181,0.87133354,N/A,N/A
Hayao,photo,1012.jpg,images/Hayao_1012_to_photo.jpg,0.3875255,0.3440213203430176,0.5104129314422607,0.87959605,N/A,N/A
Hayao,Hayao,1024.jpg,images/Hayao_1024_to_Hayao.jpg,0.4501025,0.3845902979373932,0.8797947764396667,0.90845466,N/A,N/A
Hayao,Hayao,1012.jpg,images/Hayao_1012_to_Hayao.jpg,0.34297413,0.31873244047164917,0.8406347036361694,0.8817582,N/A,N/A
Hayao,monet,1024.jpg,images/Hayao_1024_to_monet.jpg,0.5227753,0.48247140645980835,0.5833592414855957,0.8670422,N/A,N/A
Hayao,monet,1012.jpg,images/Hayao_1012_to_monet.jpg,0.37474385,0.37390390038490295,0.49678003787994385,0.85293156,N/A,N/A
Hayao,vangogh,1024.jpg,images/Hayao_1024_to_vangogh.jpg,0.51028454,0.3911643624305725,0.5938646793365479,0.86859155,N/A,N/A
Hayao,vangogh,1012.jpg,images/Hayao_1012_to_vangogh.jpg,0.40967348,0.417498916387558,0.5829389095306396,0.84436023,N/A,N/A
Hayao,cezanne,1024.jpg,images/Hayao_1024_to_cezanne.jpg,0.51287293,0.4303893446922302,0.5912270545959473,0.8890086,N/A,N/A
Hayao,cezanne,1012.jpg,images/Hayao_1012_to_cezanne.jpg,0.37245977,0.29423072934150696,0.5134789943695068,0.8876028,N/A,N/A
Hayao,photo,1026.jpg,images/Hayao_1026_to_photo.jpg,0.37217617,0.354308158159256,0.5113526582717896,0.8583733,N/A,N/A
Hayao,photo,1017.jpg,images/Hayao_1017_to_photo.jpg,0.41397375,0.24957522749900818,0.48005446791648865,0.92215884,N/A,N/A
Hayao,Hayao,1026.jpg,images/Hayao_1026_to_Hayao.jpg,0.37971732,0.3846104145050049,0.8210519552230835,0.8310846,N/A,N/A
Hayao,Hayao,1017.jpg,images/Hayao_1017_to_Hayao.jpg,0.39376184,0.1533762514591217,0.8381551504135132,0.91062844,N/A,N/A
Hayao,monet,1026.jpg,images/Hayao_1026_to_monet.jpg,0.41957033,0.32906821370124817,0.48335957527160645,0.85201055,N/A,N/A
Hayao,monet,1017.jpg,images/Hayao_1017_to_monet.jpg,0.41831672,0.2887299060821533,0.46082308888435364,0.9097682,N/A,N/A
Hayao,vangogh,1026.jpg,images/Hayao_1026_to_vangogh.jpg,0.43157938,0.34420356154441833,0.5557889938354492,0.8581619,N/A,N/A
Hayao,vangogh,1017.jpg,images/Hayao_1017_to_vangogh.jpg,0.45734057,0.2680174708366394,0.5176370143890381,0.9001981,N/A,N/A
Hayao,cezanne,1026.jpg,images/Hayao_1026_to_cezanne.jpg,0.39608514,0.2855979800224304,0.5152479410171509,0.8861028,N/A,N/A
Hayao,cezanne,1017.jpg,images/Hayao_1017_to_cezanne.jpg,0.41182354,0.20561984181404114,0.4755510091781616,0.90500337,N/A,N/A
Hayao,photo,1009.jpg,images/Hayao_1009_to_photo.jpg,0.4511593,0.41675037145614624,0.5397082567214966,0.85897285,N/A,N/A
Hayao,photo,1000.jpg,images/Hayao_1000_to_photo.jpg,0.3886932,0.3666248023509979,0.5458289980888367,0.8919128,N/A,N/A
Hayao,Hayao,1009.jpg,images/Hayao_1009_to_Hayao.jpg,0.417441,0.3860242962837219,0.8426037430763245,0.86822516,N/A,N/A
Hayao,Hayao,1000.jpg,images/Hayao_1000_to_Hayao.jpg,0.30917323,0.312988817691803,0.8495115041732788,0.91695046,N/A,N/A
Hayao,monet,1009.jpg,images/Hayao_1009_to_monet.jpg,0.4368564,0.378020316362381,0.49518606066703796,0.866144,N/A,N/A
Hayao,monet,1000.jpg,images/Hayao_1000_to_monet.jpg,0.4022516,0.36911848187446594,0.4893738627433777,0.87090087,N/A,N/A
Hayao,vangogh,1009.jpg,images/Hayao_1009_to_vangogh.jpg,0.43336257,0.4273720383644104,0.582221508026123,0.7992387,N/A,N/A
Hayao,vangogh,1000.jpg,images/Hayao_1000_to_vangogh.jpg,0.41532233,0.45736294984817505,0.6008546948432922,0.83025235,N/A,N/A
Hayao,cezanne,1009.jpg,images/Hayao_1009_to_cezanne.jpg,0.44345182,0.38124990463256836,0.5414401292800903,0.82417953,N/A,N/A
Hayao,cezanne,1000.jpg,images/Hayao_1000_to_cezanne.jpg,0.3853516,0.38142818212509155,0.5348623394966125,0.86161005,N/A,N/A
Hayao,photo,1039.jpg,images/Hayao_1039_to_photo.jpg,0.3938778,0.33270740509033203,0.5773783922195435,0.8991363,N/A,N/A
Hayao,photo,1033.jpg,images/Hayao_1033_to_photo.jpg,0.41880053,0.4842893183231354,0.5805655121803284,0.7838423,N/A,N/A
Hayao,Hayao,1039.jpg,images/Hayao_1039_to_Hayao.jpg,0.37576896,0.4824873208999634,0.8898401856422424,0.88945043,N/A,N/A
Hayao,Hayao,1033.jpg,images/Hayao_1033_to_Hayao.jpg,0.41979045,0.4868638217449188,0.8169618844985962,0.8242464,N/A,N/A
Hayao,monet,1039.jpg,images/Hayao_1039_to_monet.jpg,0.40797123,0.37354740500450134,0.5196757912635803,0.84658325,N/A,N/A
Hayao,monet,1033.jpg,images/Hayao_1033_to_monet.jpg,0.397258,0.3940529227256775,0.48654595017433167,0.7968657,N/A,N/A
Hayao,vangogh,1039.jpg,images/Hayao_1039_to_vangogh.jpg,0.42694134,0.3815925121307373,0.5871427655220032,0.8454637,N/A,N/A
Hayao,vangogh,1033.jpg,images/Hayao_1033_to_vangogh.jpg,0.42398685,0.5289696455001831,0.6086351871490479,0.6910323,N/A,N/A
Hayao,cezanne,1039.jpg,images/Hayao_1039_to_cezanne.jpg,0.40547937,0.31271880865097046,0.5396274328231812,0.8703656,N/A,N/A
Hayao,cezanne,1033.jpg,images/Hayao_1033_to_cezanne.jpg,0.38398075,0.3431134819984436,0.5170788764953613,0.8751441,N/A,N/A
Hayao,photo,1007.jpg,images/Hayao_1007_to_photo.jpg,0.38665593,0.4037613272666931,0.5553537011146545,0.87174714,N/A,N/A
Hayao,photo,102.jpg,images/Hayao_102_to_photo.jpg,0.55186063,0.4527687430381775,0.6297476291656494,0.86971235,N/A,N/A
Hayao,Hayao,1007.jpg,images/Hayao_1007_to_Hayao.jpg,0.3420537,0.31827980279922485,0.8360147476196289,0.90828574,N/A,N/A
Hayao,Hayao,102.jpg,images/Hayao_102_to_Hayao.jpg,0.44119012,0.26090526580810547,0.7204145789146423,0.88902706,N/A,N/A
Hayao,monet,1007.jpg,images/Hayao_1007_to_monet.jpg,0.40671736,0.43746185302734375,0.5104555487632751,0.83073384,N/A,N/A
Hayao,monet,102.jpg,images/Hayao_102_to_monet.jpg,0.5094845,0.19908243417739868,0.45048582553863525,0.88693255,N/A,N/A
Hayao,vangogh,1007.jpg,images/Hayao_1007_to_vangogh.jpg,0.411025,0.5643588304519653,0.6410915851593018,0.75830346,N/A,N/A
Hayao,vangogh,102.jpg,images/Hayao_102_to_vangogh.jpg,0.5004991,0.26689857244491577,0.5277663469314575,0.8949469,N/A,N/A
Hayao,cezanne,1007.jpg,images/Hayao_1007_to_cezanne.jpg,0.38629216,0.3991113305091858,0.5237034559249878,0.85374874,N/A,N/A
Hayao,cezanne,102.jpg,images/Hayao_102_to_cezanne.jpg,0.49749124,0.13940481841564178,0.45348024368286133,0.89179486,N/A,N/A
Hayao,photo,103.jpg,images/Hayao_103_to_photo.jpg,0.38171944,0.18149720132350922,0.4815980792045593,0.9283426,N/A,N/A
Hayao,photo,0.jpg,images/Hayao_0_to_photo.jpg,0.4035035,0.2670208215713501,0.5695688724517822,0.89773315,N/A,N/A
Hayao,Hayao,103.jpg,images/Hayao_103_to_Hayao.jpg,0.30840486,0.3451019525527954,0.865880012512207,0.93031925,N/A,N/A
Hayao,Hayao,0.jpg,images/Hayao_0_to_Hayao.jpg,0.36078158,0.3032858967781067,0.8230471611022949,0.88206697,N/A,N/A
Hayao,monet,103.jpg,images/Hayao_103_to_monet.jpg,0.3516057,0.16465170681476593,0.4654526710510254,0.9445771,N/A,N/A
Hayao,monet,0.jpg,images/Hayao_0_to_monet.jpg,0.44140106,0.33637136220932007,0.5017383694648743,0.87113136,N/A,N/A
Hayao,vangogh,103.jpg,images/Hayao_103_to_vangogh.jpg,0.36683497,0.2295316457748413,0.549354612827301,0.9323531,N/A,N/A
Hayao,vangogh,0.jpg,images/Hayao_0_to_vangogh.jpg,0.4176173,0.37790054082870483,0.5868189334869385,0.8641739,N/A,N/A
Hayao,cezanne,103.jpg,images/Hayao_103_to_cezanne.jpg,0.34384787,0.10495230555534363,0.48315125703811646,0.93909127,N/A,N/A
Hayao,cezanne,0.jpg,images/Hayao_0_to_cezanne.jpg,0.42097086,0.3089056611061096,0.5163183212280273,0.8667784,N/A,N/A
Hayao,photo,1042.jpg,images/Hayao_1042_to_photo.jpg,0.38966656,0.40518027544021606,0.5697287321090698,0.81798285,N/A,N/A
Hayao,photo,1014.jpg,images/Hayao_1014_to_photo.jpg,0.44284698,0.313349187374115,0.5296090841293335,0.8794265,N/A,N/A
Hayao,Hayao,1042.jpg,images/Hayao_1042_to_Hayao.jpg,0.34692436,0.45637089014053345,0.849982500076294,0.8544265,N/A,N/A
Hayao,Hayao,1014.jpg,images/Hayao_1014_to_Hayao.jpg,0.3667034,0.4497053623199463,0.8777002096176147,0.86810255,N/A,N/A
Hayao,monet,1042.jpg,images/Hayao_1042_to_monet.jpg,0.39254415,0.29122382402420044,0.5154637098312378,0.82916087,N/A,N/A
Hayao,monet,1014.jpg,images/Hayao_1014_to_monet.jpg,0.4503441,0.2872599959373474,0.4564755856990814,0.8775834,N/A,N/A
Hayao,vangogh,1042.jpg,images/Hayao_1042_to_vangogh.jpg,0.43081668,0.4032686948776245,0.6382485628128052,0.82598007,N/A,N/A
Hayao,vangogh,1014.jpg,images/Hayao_1014_to_vangogh.jpg,0.42835414,0.267769992351532,0.5285456776618958,0.86859393,N/A,N/A
Hayao,cezanne,1042.jpg,images/Hayao_1042_to_cezanne.jpg,0.39206585,0.27642393112182617,0.5502609014511108,0.8398186,N/A,N/A
Hayao,cezanne,1014.jpg,images/Hayao_1014_to_cezanne.jpg,0.43604308,0.2630360722541809,0.5072919130325317,0.8612571,N/A,N/A
Hayao,photo,1028.jpg,images/Hayao_1028_to_photo.jpg,0.37817574,0.30997979640960693,0.5499987006187439,0.9107187,N/A,N/A
Hayao,photo,1049.jpg,images/Hayao_1049_to_photo.jpg,0.416116,0.475109338760376,0.5907378196716309,0.8453634,N/A,N/A
Hayao,Hayao,1028.jpg,images/Hayao_1028_to_Hayao.jpg,0.4209115,0.34226951003074646,0.8565351366996765,0.89138806,N/A,N/A
Hayao,Hayao,1049.jpg,images/Hayao_1049_to_Hayao.jpg,0.37003767,0.3864200711250305,0.8331226110458374,0.8464222,N/A,N/A
Hayao,monet,1028.jpg,images/Hayao_1028_to_monet.jpg,0.39143187,0.33764082193374634,0.5329962968826294,0.903687,N/A,N/A
Hayao,monet,1049.jpg,images/Hayao_1049_to_monet.jpg,0.4371423,0.4502147436141968,0.5380892753601074,0.8171551,N/A,N/A
Hayao,vangogh,1028.jpg,images/Hayao_1028_to_vangogh.jpg,0.42868155,0.3550625443458557,0.5980181694030762,0.8889312,N/A,N/A
Hayao,vangogh,1049.jpg,images/Hayao_1049_to_vangogh.jpg,0.4452731,0.45040351152420044,0.604827344417572,0.83113647,N/A,N/A
Hayao,cezanne,1028.jpg,images/Hayao_1028_to_cezanne.jpg,0.43186083,0.34058046340942383,0.5669723749160767,0.8671598,N/A,N/A
Hayao,cezanne,1049.jpg,images/Hayao_1049_to_cezanne.jpg,0.4044124,0.37094253301620483,0.5327334403991699,0.84722924,N/A,N/A
Hayao,photo,1040.jpg,images/Hayao_1040_to_photo.jpg,0.4852329,0.46357280015945435,0.5957618951797485,0.76828563,N/A,N/A
Hayao,photo,1025.jpg,images/Hayao_1025_to_photo.jpg,0.43887228,0.2539314329624176,0.4895099699497223,0.8602363,N/A,N/A
Hayao,Hayao,1040.jpg,images/Hayao_1040_to_Hayao.jpg,0.4472958,0.3594805598258972,0.8170542120933533,0.81329525,N/A,N/A
Hayao,Hayao,1025.jpg,images/Hayao_1025_to_Hayao.jpg,0.41121852,0.4427540898323059,0.8423948287963867,0.88474536,N/A,N/A
Hayao,monet,1040.jpg,images/Hayao_1040_to_monet.jpg,0.48656666,0.35185301303863525,0.4701904356479645,0.76172644,N/A,N/A
Hayao,monet,1025.jpg,images/Hayao_1025_to_monet.jpg,0.4553383,0.3667502701282501,0.48247987031936646,0.85983515,N/A,N/A
Hayao,vangogh,1040.jpg,images/Hayao_1040_to_vangogh.jpg,0.46194637,0.36135655641555786,0.5753733515739441,0.83775604,N/A,N/A
Hayao,vangogh,1025.jpg,images/Hayao_1025_to_vangogh.jpg,0.48107445,0.39953091740608215,0.5506095886230469,0.82429993,N/A,N/A
Hayao,cezanne,1040.jpg,images/Hayao_1040_to_cezanne.jpg,0.45152724,0.3710227906703949,0.540835976600647,0.79502463,N/A,N/A
Hayao,cezanne,1025.jpg,images/Hayao_1025_to_cezanne.jpg,0.43857142,0.31835323572158813,0.49287670850753784,0.8603853,N/A,N/A
Hayao,photo,1023.jpg,images/Hayao_1023_to_photo.jpg,0.40202355,0.3181300461292267,0.5189733505249023,0.8638139,N/A,N/A
Hayao,photo,1016.jpg,images/Hayao_1016_to_photo.jpg,0.41110313,0.324402391910553,0.5180478096008301,0.88517654,N/A,N/A
Hayao,Hayao,1023.jpg,images/Hayao_1023_to_Hayao.jpg,0.34609804,0.38082054257392883,0.848598837852478,0.861359,N/A,N/A
Hayao,Hayao,1016.jpg,images/Hayao_1016_to_Hayao.jpg,0.40481317,0.37840408086776733,0.837836742401123,0.8451132,N/A,N/A
Hayao,monet,1023.jpg,images/Hayao_1023_to_monet.jpg,0.3708796,0.34391775727272034,0.4796454906463623,0.83840376,N/A,N/A
Hayao,monet,1016.jpg,images/Hayao_1016_to_monet.jpg,0.4376917,0.24205628037452698,0.3945132791996002,0.85583365,N/A,N/A
Hayao,vangogh,1023.jpg,images/Hayao_1023_to_vangogh.jpg,0.4018794,0.4214656352996826,0.5876267552375793,0.8551457,N/A,N/A
Hayao,vangogh,1016.jpg,images/Hayao_1016_to_vangogh.jpg,0.46792918,0.3944687843322754,0.5366179943084717,0.84153146,N/A,N/A
Hayao,cezanne,1023.jpg,images/Hayao_1023_to_cezanne.jpg,0.3473619,0.29853692650794983,0.5051717162132263,0.8788807,N/A,N/A
Hayao,cezanne,1016.jpg,images/Hayao_1016_to_cezanne.jpg,0.41808975,0.29853227734565735,0.4657006859779358,0.8486622,N/A,N/A
Hayao,photo,1018.jpg,images/Hayao_1018_to_photo.jpg,0.5073483,0.48077771067619324,0.6842968463897705,0.82496643,N/A,N/A
Hayao,photo,1041.jpg,images/Hayao_1041_to_photo.jpg,0.40343475,0.22868308424949646,0.46817001700401306,0.9103735,N/A,N/A
Hayao,Hayao,1018.jpg,images/Hayao_1018_to_Hayao.jpg,0.42503476,0.5602929592132568,0.7742574214935303,0.84251565,N/A,N/A
Hayao,Hayao,1041.jpg,images/Hayao_1041_to_Hayao.jpg,0.33301815,0.12405862659215927,0.8308761715888977,0.90944445,N/A,N/A
Hayao,monet,1018.jpg,images/Hayao_1018_to_monet.jpg,0.50009996,0.42439955472946167,0.584092915058136,0.85334116,N/A,N/A
Hayao,monet,1041.jpg,images/Hayao_1041_to_monet.jpg,0.41364518,0.3012741804122925,0.4471960961818695,0.8950685,N/A,N/A
Hayao,vangogh,1018.jpg,images/Hayao_1018_to_vangogh.jpg,0.49477905,0.46790754795074463,0.6528730988502502,0.81837916,N/A,N/A
Hayao,vangogh,1041.jpg,images/Hayao_1041_to_vangogh.jpg,0.4035189,0.33886420726776123,0.529445469379425,0.87890315,N/A,N/A
Hayao,cezanne,1018.jpg,images/Hayao_1018_to_cezanne.jpg,0.5031047,0.40478217601776123,0.5983555316925049,0.8266858,N/A,N/A
Hayao,cezanne,1041.jpg,images/Hayao_1041_to_cezanne.jpg,0.3937827,0.30052149295806885,0.49392417073249817,0.9059101,N/A,N/A
monet,photo,00695.jpg,images/monet_00695_to_photo.jpg,0.5520648,0.5485994219779968,0.7335680723190308,0.745926,N/A,N/A
monet,photo,00607.jpg,images/monet_00607_to_photo.jpg,0.4905941,0.5802218317985535,0.7004876136779785,0.77177477,N/A,N/A
monet,Hayao,00695.jpg,images/monet_00695_to_Hayao.jpg,0.5960261,0.6444355249404907,0.7191105484962463,0.73050845,N/A,N/A
monet,Hayao,00607.jpg,images/monet_00607_to_Hayao.jpg,0.5135975,0.5935003161430359,0.6322351098060608,0.7353155,N/A,N/A
monet,monet,00695.jpg,images/monet_00695_to_monet.jpg,0.5373321,0.23254776000976562,0.741928219795227,0.7846638,N/A,N/A
monet,monet,00607.jpg,images/monet_00607_to_monet.jpg,0.47226936,0.4626477360725403,0.7955641746520996,0.76784205,N/A,N/A
monet,vangogh,00695.jpg,images/monet_00695_to_vangogh.jpg,0.5508428,0.2934247553348541,0.7554897665977478,0.78101027,N/A,N/A
monet,vangogh,00607.jpg,images/monet_00607_to_vangogh.jpg,0.4617157,0.5188271403312683,0.7646610140800476,0.73827064,N/A,N/A
monet,cezanne,00695.jpg,images/monet_00695_to_cezanne.jpg,0.56039166,0.14298802614212036,0.7135157585144043,0.7807103,N/A,N/A
monet,cezanne,00607.jpg,images/monet_00607_to_cezanne.jpg,0.4704589,0.5290486216545105,0.7723836302757263,0.73072755,N/A,N/A
monet,photo,00444.jpg,images/monet_00444_to_photo.jpg,0.48579055,0.7020518183708191,0.7573529481887817,0.66168344,N/A,N/A
monet,photo,00286.jpg,images/monet_00286_to_photo.jpg,0.40972823,0.5694573521614075,0.7472776174545288,0.8066759,N/A,N/A
monet,Hayao,00444.jpg,images/monet_00444_to_Hayao.jpg,0.55945694,0.6686155796051025,0.6806727647781372,0.6271353,N/A,N/A
monet,Hayao,00286.jpg,images/monet_00286_to_Hayao.jpg,0.47171885,0.5544204711914062,0.634520411491394,0.76716864,N/A,N/A
monet,monet,00444.jpg,images/monet_00444_to_monet.jpg,0.46946424,0.45232462882995605,0.7494876384735107,0.7145849,N/A,N/A
monet,monet,00286.jpg,images/monet_00286_to_monet.jpg,0.37588322,0.31412774324417114,0.7449952960014343,0.8334962,N/A,N/A
monet,vangogh,00444.jpg,images/monet_00444_to_vangogh.jpg,0.4996069,0.40312886238098145,0.7226792573928833,0.7332334,N/A,N/A
monet,vangogh,00286.jpg,images/monet_00286_to_vangogh.jpg,0.41109806,0.41523781418800354,0.7597917914390564,0.78694725,N/A,N/A
monet,cezanne,00444.jpg,images/monet_00444_to_cezanne.jpg,0.4974694,0.4057992100715637,0.6842291355133057,0.67594737,N/A,N/A
monet,cezanne,00286.jpg,images/monet_00286_to_cezanne.jpg,0.41912043,0.3476157784461975,0.72206711769104,0.7792026,N/A,N/A
monet,photo,00092.jpg,images/monet_00092_to_photo.jpg,0.42964047,0.6717569828033447,0.7253778576850891,0.7137183,N/A,N/A
monet,photo,01208.jpg,images/monet_01208_to_photo.jpg,0.43483534,0.5737149715423584,0.7677446007728577,0.8647915,N/A,N/A
monet,Hayao,00092.jpg,images/monet_00092_to_Hayao.jpg,0.42937917,0.5999072194099426,0.5792405605316162,0.7028567,N/A,N/A
monet,Hayao,01208.jpg,images/monet_01208_to_Hayao.jpg,0.47630495,0.4585871696472168,0.5836805105209351,0.851125,N/A,N/A
monet,monet,00092.jpg,images/monet_00092_to_monet.jpg,0.41708165,0.5020248293876648,0.7441216111183167,0.6752925,N/A,N/A
monet,monet,01208.jpg,images/monet_01208_to_monet.jpg,0.42519343,0.26927173137664795,0.8006733059883118,0.8420719,N/A,N/A
monet,vangogh,00092.jpg,images/monet_00092_to_vangogh.jpg,0.42891958,0.557337760925293,0.7292135953903198,0.66305816,N/A,N/A
monet,vangogh,01208.jpg,images/monet_01208_to_vangogh.jpg,0.43117693,0.31918805837631226,0.7744332551956177,0.83803093,N/A,N/A
monet,cezanne,00092.jpg,images/monet_00092_to_cezanne.jpg,0.43159238,0.4890177845954895,0.7002460360527039,0.67049295,N/A,N/A
monet,cezanne,01208.jpg,images/monet_01208_to_cezanne.jpg,0.45197648,0.27000394463539124,0.6874515414237976,0.79527193,N/A,N/A
monet,photo,00756.jpg,images/monet_00756_to_photo.jpg,0.4139371,0.6059807538986206,0.7686172723770142,0.7945248,N/A,N/A
monet,photo,00278.jpg,images/monet_00278_to_photo.jpg,0.529992,0.6012072563171387,0.7763519287109375,0.7669928,N/A,N/A
monet,Hayao,00756.jpg,images/monet_00756_to_Hayao.jpg,0.49077478,0.5676336884498596,0.6083499193191528,0.73172206,N/A,N/A
monet,Hayao,00278.jpg,images/monet_00278_to_Hayao.jpg,0.62091,0.5899384021759033,0.6475538015365601,0.76304156,N/A,N/A
monet,monet,00756.jpg,images/monet_00756_to_monet.jpg,0.39774972,0.4185692071914673,0.8031730055809021,0.77678424,N/A,N/A
monet,monet,00278.jpg,images/monet_00278_to_monet.jpg,0.52764344,0.41581833362579346,0.768236517906189,0.7591847,N/A,N/A
monet,vangogh,00756.jpg,images/monet_00756_to_vangogh.jpg,0.42806053,0.4780060946941376,0.7789399027824402,0.7686581,N/A,N/A
monet,vangogh,00278.jpg,images/monet_00278_to_vangogh.jpg,0.6271738,0.47771888971328735,0.771016538143158,0.74324626,N/A,N/A
monet,cezanne,00756.jpg,images/monet_00756_to_cezanne.jpg,0.43830645,0.3672146201133728,0.7465585470199585,0.78283596,N/A,N/A
monet,cezanne,00278.jpg,images/monet_00278_to_cezanne.jpg,0.6027323,0.46311309933662415,0.7634817361831665,0.74912447,N/A,N/A
monet,photo,00786.jpg,images/monet_00786_to_photo.jpg,0.51123625,0.6891915202140808,0.7922536134719849,0.7228373,N/A,N/A
monet,photo,00389.jpg,images/monet_00389_to_photo.jpg,0.50670594,0.20769858360290527,0.7383670806884766,0.9118715,N/A,N/A
monet,Hayao,00786.jpg,images/monet_00786_to_Hayao.jpg,0.53492016,0.6149972081184387,0.6739696860313416,0.66886294,N/A,N/A
monet,Hayao,00389.jpg,images/monet_00389_to_Hayao.jpg,0.5871927,0.4172506332397461,0.6992654800415039,0.9147612,N/A,N/A
monet,monet,00786.jpg,images/monet_00786_to_monet.jpg,0.48013592,0.2680233120918274,0.6787858009338379,0.7121798,N/A,N/A
monet,monet,00389.jpg,images/monet_00389_to_monet.jpg,0.51295096,0.14411461353302002,0.6629356145858765,0.91587245,N/A,N/A
monet,vangogh,00786.jpg,images/monet_00786_to_vangogh.jpg,0.47828573,0.3276905417442322,0.7083411812782288,0.73360056,N/A,N/A
monet,vangogh,00389.jpg,images/monet_00389_to_vangogh.jpg,0.5816398,0.18932880461215973,0.6810871958732605,0.91883576,N/A,N/A
monet,cezanne,00786.jpg,images/monet_00786_to_cezanne.jpg,0.4978823,0.23017120361328125,0.6484392285346985,0.7170927,N/A,N/A
monet,cezanne,00389.jpg,images/monet_00389_to_cezanne.jpg,0.51212513,0.17459002137184143,0.6380189061164856,0.9006988,N/A,N/A
monet,photo,00812.jpg,images/monet_00812_to_photo.jpg,0.4893791,0.5899025201797485,0.737453043460846,0.7504635,N/A,N/A
monet,photo,00542.jpg,images/monet_00542_to_photo.jpg,0.43985528,0.6533807516098022,0.7439302206039429,0.719179,N/A,N/A
monet,Hayao,00812.jpg,images/monet_00812_to_Hayao.jpg,0.560706,0.6047972440719604,0.6580710411071777,0.7225354,N/A,N/A
monet,Hayao,00542.jpg,images/monet_00542_to_Hayao.jpg,0.5160948,0.7071349024772644,0.7035107612609863,0.63867813,N/A,N/A
monet,monet,00812.jpg,images/monet_00812_to_monet.jpg,0.46860933,0.42769354581832886,0.7735532522201538,0.73851365,N/A,N/A
monet,monet,00542.jpg,images/monet_00542_to_monet.jpg,0.43529004,0.532720685005188,0.8092083930969238,0.74227005,N/A,N/A
monet,vangogh,00812.jpg,images/monet_00812_to_vangogh.jpg,0.50009847,0.47462373971939087,0.7858239412307739,0.738636,N/A,N/A
monet,vangogh,00542.jpg,images/monet_00542_to_vangogh.jpg,0.48085624,0.5217528343200684,0.767150342464447,0.73149824,N/A,N/A
monet,cezanne,00812.jpg,images/monet_00812_to_cezanne.jpg,0.50929636,0.4232656955718994,0.773817777633667,0.7466295,N/A,N/A
monet,cezanne,00542.jpg,images/monet_00542_to_cezanne.jpg,0.46702328,0.4985913336277008,0.7391670942306519,0.72043145,N/A,N/A
monet,photo,00291.jpg,images/monet_00291_to_photo.jpg,0.43198192,0.6082267761230469,0.7612167596817017,0.76281476,N/A,N/A
monet,photo,00075.jpg,images/monet_00075_to_photo.jpg,0.4824229,0.5889859199523926,0.7578753232955933,0.80319357,N/A,N/A
monet,Hayao,00291.jpg,images/monet_00291_to_Hayao.jpg,0.5054932,0.5973268151283264,0.6359983682632446,0.6948837,N/A,N/A
monet,Hayao,00075.jpg,images/monet_00075_to_Hayao.jpg,0.51966894,0.5533596277236938,0.6865721940994263,0.79805946,N/A,N/A
monet,monet,00291.jpg,images/monet_00291_to_monet.jpg,0.4120177,0.3183853328227997,0.7236345410346985,0.74960434,N/A,N/A
monet,monet,00075.jpg,images/monet_00075_to_monet.jpg,0.48565382,0.32211482524871826,0.7849571108818054,0.8178586,N/A,N/A
monet,vangogh,00291.jpg,images/monet_00291_to_vangogh.jpg,0.45438355,0.4012063145637512,0.7351536750793457,0.75452673,N/A,N/A
monet,vangogh,00075.jpg,images/monet_00075_to_vangogh.jpg,0.54374945,0.4671419858932495,0.7919384837150574,0.8076575,N/A,N/A
monet,cezanne,00291.jpg,images/monet_00291_to_cezanne.jpg,0.47526342,0.3730229139328003,0.6905599236488342,0.73669195,N/A,N/A
monet,cezanne,00075.jpg,images/monet_00075_to_cezanne.jpg,0.5142944,0.40726467967033386,0.7666816711425781,0.77963865,N/A,N/A
monet,photo,01059.jpg,images/monet_01059_to_photo.jpg,0.5117873,0.4877825379371643,0.7504488229751587,0.8363925,N/A,N/A
monet,photo,01039.jpg,images/monet_01039_to_photo.jpg,0.4413227,0.542792558670044,0.7556835412979126,0.78589356,N/A,N/A
monet,Hayao,01059.jpg,images/monet_01059_to_Hayao.jpg,0.57360584,0.5321959257125854,0.630284309387207,0.82006437,N/A,N/A
monet,Hayao,01039.jpg,images/monet_01039_to_Hayao.jpg,0.4929193,0.529248833656311,0.6328651905059814,0.77653515,N/A,N/A
monet,monet,01059.jpg,images/monet_01059_to_monet.jpg,0.48924708,0.2810359299182892,0.8041962385177612,0.8521437,N/A,N/A
monet,monet,01039.jpg,images/monet_01039_to_monet.jpg,0.44601566,0.19044315814971924,0.7660770416259766,0.7954776,N/A,N/A
monet,vangogh,01059.jpg,images/monet_01059_to_vangogh.jpg,0.49685478,0.26976197957992554,0.7403144836425781,0.82410145,N/A,N/A
monet,vangogh,01039.jpg,images/monet_01039_to_vangogh.jpg,0.47399464,0.3767172694206238,0.7691113352775574,0.77550113,N/A,N/A
monet,cezanne,01059.jpg,images/monet_01059_to_cezanne.jpg,0.51262033,0.23090322315692902,0.7596631050109863,0.85229695,N/A,N/A
monet,cezanne,01039.jpg,images/monet_01039_to_cezanne.jpg,0.4762009,0.333955854177475,0.7469623684883118,0.79070103,N/A,N/A
monet,photo,00282.jpg,images/monet_00282_to_photo.jpg,0.3798056,0.6027873754501343,0.7388726472854614,0.77642435,N/A,N/A
monet,photo,00677.jpg,images/monet_00677_to_photo.jpg,0.44396943,0.6335708498954773,0.7740750908851624,0.74440646,N/A,N/A
monet,Hayao,00282.jpg,images/monet_00282_to_Hayao.jpg,0.4424324,0.5665689706802368,0.6129229068756104,0.73140585,N/A,N/A
monet,Hayao,00677.jpg,images/monet_00677_to_Hayao.jpg,0.4615536,0.6244627237319946,0.6908383369445801,0.71014744,N/A,N/A
monet,monet,00282.jpg,images/monet_00282_to_monet.jpg,0.39806545,0.31218504905700684,0.7516592144966125,0.77564454,N/A,N/A
monet,monet,00677.jpg,images/monet_00677_to_monet.jpg,0.41579217,0.3439253568649292,0.7845079898834229,0.78763485,N/A,N/A
monet,vangogh,00282.jpg,images/monet_00282_to_vangogh.jpg,0.43325835,0.4038582146167755,0.746536374092102,0.7526736,N/A,N/A
monet,vangogh,00677.jpg,images/monet_00677_to_vangogh.jpg,0.407171,0.42738860845565796,0.7904883027076721,0.7721164,N/A,N/A
monet,cezanne,00282.jpg,images/monet_00282_to_cezanne.jpg,0.44696414,0.3195461332798004,0.6954425573348999,0.74765843,N/A,N/A
monet,cezanne,00677.jpg,images/monet_00677_to_cezanne.jpg,0.43175894,0.35671889781951904,0.7266587615013123,0.7413983,N/A,N/A
monet,photo,00959.jpg,images/monet_00959_to_photo.jpg,0.41475412,0.6742302179336548,0.7773632407188416,0.7320506,N/A,N/A
monet,photo,00018.jpg,images/monet_00018_to_photo.jpg,0.47588283,0.6357766389846802,0.7957059144973755,0.83552814,N/A,N/A
monet,Hayao,00959.jpg,images/monet_00959_to_Hayao.jpg,0.4964533,0.6410790681838989,0.6600052118301392,0.6870744,N/A,N/A
monet,Hayao,00018.jpg,images/monet_00018_to_Hayao.jpg,0.61604154,0.5675586462020874,0.6661736369132996,0.756371,N/A,N/A
monet,monet,00959.jpg,images/monet_00959_to_monet.jpg,0.42021352,0.5731150507926941,0.8041828870773315,0.70845485,N/A,N/A
monet,monet,00018.jpg,images/monet_00018_to_monet.jpg,0.51852363,0.2932552993297577,0.7688208818435669,0.7942862,N/A,N/A
monet,vangogh,00959.jpg,images/monet_00959_to_vangogh.jpg,0.47400573,0.533726692199707,0.7828359007835388,0.71071625,N/A,N/A
monet,vangogh,00018.jpg,images/monet_00018_to_vangogh.jpg,0.58966666,0.42160096764564514,0.7341342568397522,0.74376065,N/A,N/A
monet,cezanne,00959.jpg,images/monet_00959_to_cezanne.jpg,0.4740343,0.45369452238082886,0.7612883448600769,0.72317994,N/A,N/A
monet,cezanne,00018.jpg,images/monet_00018_to_cezanne.jpg,0.55226684,0.3664160966873169,0.7116587162017822,0.73806226,N/A,N/A
monet,photo,01155.jpg,images/monet_01155_to_photo.jpg,0.39590353,0.5795301795005798,0.7649744749069214,0.85704213,N/A,N/A
monet,photo,00429.jpg,images/monet_00429_to_photo.jpg,0.43701226,0.5866289138793945,0.7390289306640625,0.8227062,N/A,N/A
monet,Hayao,01155.jpg,images/monet_01155_to_Hayao.jpg,0.47897518,0.5439672470092773,0.6319053769111633,0.8315108,N/A,N/A
monet,Hayao,00429.jpg,images/monet_00429_to_Hayao.jpg,0.49994716,0.5407005548477173,0.5832054018974304,0.75431406,N/A,N/A
monet,monet,01155.jpg,images/monet_01155_to_monet.jpg,0.4141314,0.19437694549560547,0.7793078422546387,0.83335745,N/A,N/A
monet,monet,00429.jpg,images/monet_00429_to_monet.jpg,0.43292195,0.3704400956630707,0.8238451480865479,0.8383081,N/A,N/A
monet,vangogh,01155.jpg,images/monet_01155_to_vangogh.jpg,0.45616767,0.29624807834625244,0.744219958782196,0.82767093,N/A,N/A
monet,vangogh,00429.jpg,images/monet_00429_to_vangogh.jpg,0.502031,0.4820968508720398,0.7906191349029541,0.775192,N/A,N/A
monet,cezanne,01155.jpg,images/monet_01155_to_cezanne.jpg,0.4765622,0.209552600979805,0.6648048162460327,0.79610884,N/A,N/A
monet,cezanne,00429.jpg,images/monet_00429_to_cezanne.jpg,0.492202,0.4354853928089142,0.755731999874115,0.76160395,N/A,N/A
monet,photo,00928.jpg,images/monet_00928_to_photo.jpg,0.4162709,0.6611297130584717,0.7724251747131348,0.70238745,N/A,N/A
monet,photo,01326.jpg,images/monet_01326_to_photo.jpg,0.39742827,0.42825832962989807,0.7445142865180969,0.91097,N/A,N/A
monet,Hayao,00928.jpg,images/monet_00928_to_Hayao.jpg,0.48716217,0.6372055411338806,0.6651772856712341,0.6995367,N/A,N/A
monet,Hayao,01326.jpg,images/monet_01326_to_Hayao.jpg,0.44980675,0.3651924133300781,0.5987882614135742,0.8927859,N/A,N/A
monet,monet,00928.jpg,images/monet_00928_to_monet.jpg,0.41907695,0.40710628032684326,0.7368408441543579,0.6918284,N/A,N/A
monet,monet,01326.jpg,images/monet_01326_to_monet.jpg,0.42753318,0.25673356652259827,0.8345655202865601,0.89905405,N/A,N/A
monet,vangogh,00928.jpg,images/monet_00928_to_vangogh.jpg,0.43673584,0.5158041715621948,0.7448855638504028,0.6738929,N/A,N/A
monet,vangogh,01326.jpg,images/monet_01326_to_vangogh.jpg,0.4686005,0.23372110724449158,0.8181368708610535,0.89319426,N/A,N/A
monet,cezanne,00928.jpg,images/monet_00928_to_cezanne.jpg,0.44535467,0.43376731872558594,0.7367331385612488,0.704802,N/A,N/A
monet,cezanne,01326.jpg,images/monet_01326_to_cezanne.jpg,0.4189093,0.23070277273654938,0.789845883846283,0.89713764,N/A,N/A
monet,photo,01127.jpg,images/monet_01127_to_photo.jpg,0.4203956,0.6798089742660522,0.8082886934280396,0.79985064,N/A,N/A
monet,photo,00789.jpg,images/monet_00789_to_photo.jpg,0.44238505,0.6444569826126099,0.7697324752807617,0.7315806,N/A,N/A
monet,Hayao,01127.jpg,images/monet_01127_to_Hayao.jpg,0.47479594,0.6110528707504272,0.6316877007484436,0.7255769,N/A,N/A
monet,Hayao,00789.jpg,images/monet_00789_to_Hayao.jpg,0.51143813,0.5878317356109619,0.6578276753425598,0.72587013,N/A,N/A
monet,monet,01127.jpg,images/monet_01127_to_monet.jpg,0.40795735,0.35132282972335815,0.7679327130317688,0.77071756,N/A,N/A
monet,monet,00789.jpg,images/monet_00789_to_monet.jpg,0.4159801,0.5017424821853638,0.8195477724075317,0.7785303,N/A,N/A
monet,vangogh,01127.jpg,images/monet_01127_to_vangogh.jpg,0.4602216,0.47784653306007385,0.7321636080741882,0.696646,N/A,N/A
monet,vangogh,00789.jpg,images/monet_00789_to_vangogh.jpg,0.43701428,0.4041242003440857,0.7765409350395203,0.75983036,N/A,N/A
monet,cezanne,01127.jpg,images/monet_01127_to_cezanne.jpg,0.43589252,0.38606733083724976,0.7496110200881958,0.7808087,N/A,N/A
monet,cezanne,00789.jpg,images/monet_00789_to_cezanne.jpg,0.453051,0.3452795743942261,0.703830361366272,0.71246684,N/A,N/A
monet,photo,00776.jpg,images/monet_00776_to_photo.jpg,0.39359933,0.5473911166191101,0.7099999189376831,0.824831,N/A,N/A
monet,photo,00446.jpg,images/monet_00446_to_photo.jpg,0.4406597,0.6516104340553284,0.7324857711791992,0.72888666,N/A,N/A
monet,Hayao,00776.jpg,images/monet_00776_to_Hayao.jpg,0.45565572,0.5706101655960083,0.5945901274681091,0.7460486,N/A,N/A
monet,Hayao,00446.jpg,images/monet_00446_to_Hayao.jpg,0.49809486,0.7139549255371094,0.7095797061920166,0.61462736,N/A,N/A
monet,monet,00776.jpg,images/monet_00776_to_monet.jpg,0.40587908,0.45148271322250366,0.811379611492157,0.79778385,N/A,N/A
monet,monet,00446.jpg,images/monet_00446_to_monet.jpg,0.43506733,0.4685875475406647,0.7369102239608765,0.6916697,N/A,N/A
monet,vangogh,00776.jpg,images/monet_00776_to_vangogh.jpg,0.444641,0.5241092443466187,0.7765737771987915,0.77149427,N/A,N/A
monet,vangogh,00446.jpg,images/monet_00446_to_vangogh.jpg,0.48916107,0.504692792892456,0.7238200306892395,0.67684966,N/A,N/A
monet,cezanne,00776.jpg,images/monet_00776_to_cezanne.jpg,0.41763377,0.5357193946838379,0.7699493169784546,0.7240369,N/A,N/A
monet,cezanne,00446.jpg,images/monet_00446_to_cezanne.jpg,0.49493903,0.4060277044773102,0.6489893198013306,0.6478051,N/A,N/A
monet,photo,00557.jpg,images/monet_00557_to_photo.jpg,0.48412827,0.5295781493186951,0.785847544670105,0.86919403,N/A,N/A
monet,photo,01151.jpg,images/monet_01151_to_photo.jpg,0.4246,0.6196621656417847,0.7810986042022705,0.75495434,N/A,N/A
monet,Hayao,00557.jpg,images/monet_00557_to_Hayao.jpg,0.49606177,0.5124063491821289,0.6642634272575378,0.8580128,N/A,N/A
monet,Hayao,01151.jpg,images/monet_01151_to_Hayao.jpg,0.44867474,0.553979218006134,0.6581295728683472,0.7556579,N/A,N/A
monet,monet,00557.jpg,images/monet_00557_to_monet.jpg,0.47257608,0.20084789395332336,0.8063322305679321,0.87268543,N/A,N/A
monet,monet,01151.jpg,images/monet_01151_to_monet.jpg,0.4151643,0.19301298260688782,0.7623289227485657,0.7927017,N/A,N/A
monet,vangogh,00557.jpg,images/monet_00557_to_vangogh.jpg,0.4662225,0.204839825630188,0.7862948775291443,0.8651321,N/A,N/A
monet,vangogh,01151.jpg,images/monet_01151_to_vangogh.jpg,0.42698103,0.3259251117706299,0.7457669973373413,0.7889274,N/A,N/A
monet,cezanne,00557.jpg,images/monet_00557_to_cezanne.jpg,0.46879458,0.2013082206249237,0.7522373199462891,0.8637146,N/A,N/A
monet,cezanne,01151.jpg,images/monet_01151_to_cezanne.jpg,0.4371517,0.29696863889694214,0.7103720307350159,0.77829057,N/A,N/A
vangogh,photo,00295.jpg,images/vangogh_00295_to_photo.jpg,0.5057831,0.5623676776885986,0.6805528402328491,0.7503857,N/A,N/A
vangogh,photo,00289.jpg,images/vangogh_00289_to_photo.jpg,0.5301141,0.6851349472999573,0.7705001831054688,0.6570269,N/A,N/A
vangogh,Hayao,00295.jpg,images/vangogh_00295_to_Hayao.jpg,0.51221013,0.5651319026947021,0.6543678045272827,0.7349301,N/A,N/A
vangogh,Hayao,00289.jpg,images/vangogh_00289_to_Hayao.jpg,0.53749704,0.6576327681541443,0.7033969163894653,0.6319106,N/A,N/A
vangogh,monet,00295.jpg,images/vangogh_00295_to_monet.jpg,0.47506803,0.34474819898605347,0.6834745407104492,0.7341993,N/A,N/A
vangogh,monet,00289.jpg,images/vangogh_00289_to_monet.jpg,0.50834066,0.5101211071014404,0.7342821359634399,0.659976,N/A,N/A
vangogh,vangogh,00295.jpg,images/vangogh_00295_to_vangogh.jpg,0.46845955,0.3312755823135376,0.6997633576393127,0.71518624,N/A,N/A
vangogh,vangogh,00289.jpg,images/vangogh_00289_to_vangogh.jpg,0.48608053,0.542122483253479,0.7696605920791626,0.673915,N/A,N/A
vangogh,cezanne,00295.jpg,images/vangogh_00295_to_cezanne.jpg,0.47108996,0.24012787640094757,0.6878514289855957,0.75256836,N/A,N/A
vangogh,cezanne,00289.jpg,images/vangogh_00289_to_cezanne.jpg,0.51485413,0.4506121575832367,0.694546103477478,0.63372123,N/A,N/A
vangogh,photo,00243.jpg,images/vangogh_00243_to_photo.jpg,0.43624133,0.38004177808761597,0.5553264617919922,0.81671345,N/A,N/A
vangogh,photo,00169.jpg,images/vangogh_00169_to_photo.jpg,0.45121598,0.5297672748565674,0.7288635969161987,0.7878582,N/A,N/A
vangogh,Hayao,00243.jpg,images/vangogh_00243_to_Hayao.jpg,0.3880676,0.6755431890487671,0.7733217477798462,0.7759155,N/A,N/A
vangogh,Hayao,00169.jpg,images/vangogh_00169_to_Hayao.jpg,0.5167542,0.5404906272888184,0.6819062829017639,0.74565524,N/A,N/A
vangogh,monet,00243.jpg,images/vangogh_00243_to_monet.jpg,0.3552471,0.21343721449375153,0.581589937210083,0.8707438,N/A,N/A
vangogh,monet,00169.jpg,images/vangogh_00169_to_monet.jpg,0.4404009,0.2873724400997162,0.6974881291389465,0.7983318,N/A,N/A
vangogh,vangogh,00243.jpg,images/vangogh_00243_to_vangogh.jpg,0.36220688,0.22565437853336334,0.6561720371246338,0.86477995,N/A,N/A
vangogh,vangogh,00169.jpg,images/vangogh_00169_to_vangogh.jpg,0.45624843,0.25217971205711365,0.7397883534431458,0.778709,N/A,N/A
vangogh,cezanne,00243.jpg,images/vangogh_00243_to_cezanne.jpg,0.38268954,0.22008994221687317,0.6380348205566406,0.81333923,N/A,N/A
vangogh,cezanne,00169.jpg,images/vangogh_00169_to_cezanne.jpg,0.44387877,0.2939930260181427,0.6894656419754028,0.7545928,N/A,N/A
vangogh,photo,00098.jpg,images/vangogh_00098_to_photo.jpg,0.4387267,0.6023781299591064,0.7686561942100525,0.8283019,N/A,N/A
vangogh,photo,00668.jpg,images/vangogh_00668_to_photo.jpg,0.50245166,0.5564173460006714,0.7384965419769287,0.77160347,N/A,N/A
vangogh,Hayao,00098.jpg,images/vangogh_00098_to_Hayao.jpg,0.4822901,0.5019721984863281,0.6116229891777039,0.7877953,N/A,N/A
vangogh,Hayao,00668.jpg,images/vangogh_00668_to_Hayao.jpg,0.54265887,0.5977762341499329,0.6750001907348633,0.7084214,N/A,N/A
vangogh,monet,00098.jpg,images/vangogh_00098_to_monet.jpg,0.41289017,0.3361768126487732,0.7915891408920288,0.82724184,N/A,N/A
vangogh,monet,00668.jpg,images/vangogh_00668_to_monet.jpg,0.48557818,0.41053786873817444,0.7795888185501099,0.7672673,N/A,N/A
vangogh,vangogh,00098.jpg,images/vangogh_00098_to_vangogh.jpg,0.42589554,0.3630981147289276,0.7973206043243408,0.80675846,N/A,N/A
vangogh,vangogh,00668.jpg,images/vangogh_00668_to_vangogh.jpg,0.46512553,0.4275190234184265,0.7886873483657837,0.750633,N/A,N/A
vangogh,cezanne,00098.jpg,images/vangogh_00098_to_cezanne.jpg,0.440539,0.30678051710128784,0.7510016560554504,0.8009168,N/A,N/A
vangogh,cezanne,00668.jpg,images/vangogh_00668_to_cezanne.jpg,0.48814374,0.39015650749206543,0.7457964420318604,0.74624056,N/A,N/A
vangogh,photo,00321.jpg,images/vangogh_00321_to_photo.jpg,0.47747123,0.619707465171814,0.7716176509857178,0.7874137,N/A,N/A
vangogh,photo,00163.jpg,images/vangogh_00163_to_photo.jpg,0.41656747,0.5397027730941772,0.6328972578048706,0.77403843,N/A,N/A
vangogh,Hayao,00321.jpg,images/vangogh_00321_to_Hayao.jpg,0.522099,0.6266202330589294,0.7003823518753052,0.7426754,N/A,N/A
vangogh,Hayao,00163.jpg,images/vangogh_00163_to_Hayao.jpg,0.39354062,0.5669008493423462,0.635327935218811,0.7386871,N/A,N/A
vangogh,monet,00321.jpg,images/vangogh_00321_to_monet.jpg,0.45351866,0.43719482421875,0.7899898290634155,0.7734809,N/A,N/A
vangogh,monet,00163.jpg,images/vangogh_00163_to_monet.jpg,0.4421081,0.46176645159721375,0.70734703540802,0.76380956,N/A,N/A
vangogh,vangogh,00321.jpg,images/vangogh_00321_to_vangogh.jpg,0.43943,0.3831064999103546,0.7883247137069702,0.77796936,N/A,N/A
vangogh,vangogh,00163.jpg,images/vangogh_00163_to_vangogh.jpg,0.41426137,0.3722534775733948,0.7166529297828674,0.767742,N/A,N/A
vangogh,cezanne,00321.jpg,images/vangogh_00321_to_cezanne.jpg,0.4830435,0.3489838242530823,0.7181657552719116,0.72547114,N/A,N/A
vangogh,cezanne,00163.jpg,images/vangogh_00163_to_cezanne.jpg,0.4255194,0.41938287019729614,0.7544374465942383,0.7667599,N/A,N/A
vangogh,photo,00412.jpg,images/vangogh_00412_to_photo.jpg,0.44594672,0.5591539144515991,0.6530758142471313,0.6162669,N/A,N/A
vangogh,photo,00202.jpg,images/vangogh_00202_to_photo.jpg,0.4927408,0.6185641288757324,0.7079718708992004,0.702429,N/A,N/A
vangogh,Hayao,00412.jpg,images/vangogh_00412_to_Hayao.jpg,0.45352435,0.5524617433547974,0.629493236541748,0.6297792,N/A,N/A
vangogh,Hayao,00202.jpg,images/vangogh_00202_to_Hayao.jpg,0.46766475,0.5888386964797974,0.6834696531295776,0.7113927,N/A,N/A
vangogh,monet,00412.jpg,images/vangogh_00412_to_monet.jpg,0.42683607,0.29030466079711914,0.6528555154800415,0.7360613,N/A,N/A
vangogh,monet,00202.jpg,images/vangogh_00202_to_monet.jpg,0.46498358,0.3099547028541565,0.5867538452148438,0.6802499,N/A,N/A
vangogh,vangogh,00412.jpg,images/vangogh_00412_to_vangogh.jpg,0.42003495,0.3544790744781494,0.7244419455528259,0.7162434,N/A,N/A
vangogh,vangogh,00202.jpg,images/vangogh_00202_to_vangogh.jpg,0.42730734,0.27112337946891785,0.6744250059127808,0.72776306,N/A,N/A
vangogh,cezanne,00412.jpg,images/vangogh_00412_to_cezanne.jpg,0.42478803,0.33900853991508484,0.6816704273223877,0.73208386,N/A,N/A
vangogh,cezanne,00202.jpg,images/vangogh_00202_to_cezanne.jpg,0.43113297,0.2543216943740845,0.6166988015174866,0.698349,N/A,N/A
vangogh,photo,00427.jpg,images/vangogh_00427_to_photo.jpg,0.4590758,0.5960874557495117,0.7321041226387024,0.75660634,N/A,N/A
vangogh,photo,00272.jpg,images/vangogh_00272_to_photo.jpg,0.4571938,0.6771697998046875,0.7931824922561646,0.7585677,N/A,N/A
vangogh,Hayao,00427.jpg,images/vangogh_00427_to_Hayao.jpg,0.50617486,0.5792579650878906,0.6321372985839844,0.6845498,N/A,N/A
vangogh,Hayao,00272.jpg,images/vangogh_00272_to_Hayao.jpg,0.49863732,0.5325520038604736,0.6307122707366943,0.7242116,N/A,N/A
vangogh,monet,00427.jpg,images/vangogh_00427_to_monet.jpg,0.45176727,0.43901097774505615,0.7441893219947815,0.7084323,N/A,N/A
vangogh,monet,00272.jpg,images/vangogh_00272_to_monet.jpg,0.44971585,0.4420103430747986,0.7711783051490784,0.80181587,N/A,N/A
vangogh,vangogh,00427.jpg,images/vangogh_00427_to_vangogh.jpg,0.47979614,0.551120936870575,0.7784677147865295,0.68189126,N/A,N/A
vangogh,vangogh,00272.jpg,images/vangogh_00272_to_vangogh.jpg,0.45697498,0.43409407138824463,0.8110234141349792,0.7939373,N/A,N/A
vangogh,cezanne,00427.jpg,images/vangogh_00427_to_cezanne.jpg,0.47532737,0.4795856475830078,0.7536487579345703,0.6933173,N/A,N/A
vangogh,cezanne,00272.jpg,images/vangogh_00272_to_cezanne.jpg,0.4534315,0.40618079900741577,0.7402431964874268,0.7507661,N/A,N/A
vangogh,photo,00177.jpg,images/vangogh_00177_to_photo.jpg,0.5196027,0.603280782699585,0.7220386266708374,0.75154734,N/A,N/A
vangogh,photo,00090.jpg,images/vangogh_00090_to_photo.jpg,0.5510998,0.3135530352592468,0.6168144345283508,0.88877773,N/A,N/A
vangogh,Hayao,00177.jpg,images/vangogh_00177_to_Hayao.jpg,0.55035836,0.5890111923217773,0.6880022287368774,0.7281447,N/A,N/A
vangogh,Hayao,00090.jpg,images/vangogh_00090_to_Hayao.jpg,0.49488544,0.3588383197784424,0.643409013748169,0.8756841,N/A,N/A
vangogh,monet,00177.jpg,images/vangogh_00177_to_monet.jpg,0.5153057,0.37982863187789917,0.7181992530822754,0.77960026,N/A,N/A
vangogh,monet,00090.jpg,images/vangogh_00090_to_monet.jpg,0.45492575,0.01827932335436344,0.580893874168396,0.898321,N/A,N/A
vangogh,vangogh,00177.jpg,images/vangogh_00177_to_vangogh.jpg,0.48896998,0.4468943476676941,0.77299964427948,0.7784505,N/A,N/A
vangogh,vangogh,00090.jpg,images/vangogh_00090_to_vangogh.jpg,0.4375581,0.026791194453835487,0.6831458806991577,0.8970872,N/A,N/A
vangogh,cezanne,00177.jpg,images/vangogh_00177_to_cezanne.jpg,0.5131738,0.3382902145385742,0.7123582363128662,0.7589697,N/A,N/A
vangogh,cezanne,00090.jpg,images/vangogh_00090_to_cezanne.jpg,0.4686661,-0.024797620251774788,0.6280232071876526,0.87077147,N/A,N/A
vangogh,photo,00528.jpg,images/vangogh_00528_to_photo.jpg,0.4319721,0.5769634246826172,0.8267099857330322,0.8892034,N/A,N/A
vangogh,photo,00519.jpg,images/vangogh_00519_to_photo.jpg,0.48317435,0.6961721181869507,0.7803643941879272,0.6905551,N/A,N/A
vangogh,Hayao,00528.jpg,images/vangogh_00528_to_Hayao.jpg,0.4850974,0.4752946197986603,0.6593632698059082,0.8299911,N/A,N/A
vangogh,Hayao,00519.jpg,images/vangogh_00519_to_Hayao.jpg,0.51142514,0.619896650314331,0.6703448295593262,0.66705954,N/A,N/A
vangogh,monet,00528.jpg,images/vangogh_00528_to_monet.jpg,0.43777293,0.17486071586608887,0.7812806367874146,0.88767487,N/A,N/A
vangogh,monet,00519.jpg,images/vangogh_00519_to_monet.jpg,0.472427,0.48089027404785156,0.7409671545028687,0.7031777,N/A,N/A
vangogh,vangogh,00528.jpg,images/vangogh_00528_to_vangogh.jpg,0.45571154,0.1939738243818283,0.7813830375671387,0.8661221,N/A,N/A
vangogh,vangogh,00519.jpg,images/vangogh_00519_to_vangogh.jpg,0.44954273,0.4508524239063263,0.74971604347229,0.6999597,N/A,N/A
vangogh,cezanne,00528.jpg,images/vangogh_00528_to_cezanne.jpg,0.46273887,0.2442421019077301,0.7454302310943604,0.8658805,N/A,N/A
vangogh,cezanne,00519.jpg,images/vangogh_00519_to_cezanne.jpg,0.46642938,0.484800785779953,0.7403824329376221,0.6834901,N/A,N/A
vangogh,photo,00167.jpg,images/vangogh_00167_to_photo.jpg,0.3561186,0.5280407667160034,0.7656634449958801,0.835783,N/A,N/A
vangogh,photo,00292.jpg,images/vangogh_00292_to_photo.jpg,0.4652813,0.6391726136207581,0.7952591180801392,0.7583333,N/A,N/A
vangogh,Hayao,00167.jpg,images/vangogh_00167_to_Hayao.jpg,0.3986421,0.5702399015426636,0.6932412385940552,0.77410847,N/A,N/A
vangogh,Hayao,00292.jpg,images/vangogh_00292_to_Hayao.jpg,0.4887795,0.5557070970535278,0.6736258864402771,0.7706205,N/A,N/A
vangogh,monet,00167.jpg,images/vangogh_00167_to_monet.jpg,0.34141654,0.3282070755958557,0.7865866422653198,0.8791728,N/A,N/A
vangogh,monet,00292.jpg,images/vangogh_00292_to_monet.jpg,0.4548968,0.21775853633880615,0.7129818797111511,0.7857707,N/A,N/A
vangogh,vangogh,00167.jpg,images/vangogh_00167_to_vangogh.jpg,0.3750526,0.3669312000274658,0.763730525970459,0.81909984,N/A,N/A
vangogh,vangogh,00292.jpg,images/vangogh_00292_to_vangogh.jpg,0.46789968,0.12724557518959045,0.728776216506958,0.7826402,N/A,N/A
vangogh,cezanne,00167.jpg,images/vangogh_00167_to_cezanne.jpg,0.3822569,0.3245961368083954,0.7411264777183533,0.8192533,N/A,N/A
vangogh,cezanne,00292.jpg,images/vangogh_00292_to_cezanne.jpg,0.4849547,0.18269135057926178,0.7043893933296204,0.76910526,N/A,N/A
vangogh,photo,00455.jpg,images/vangogh_00455_to_photo.jpg,0.49771148,0.5881209373474121,0.751387894153595,0.7659315,N/A,N/A
vangogh,photo,00005.jpg,images/vangogh_00005_to_photo.jpg,0.33194005,0.438346266746521,0.6857233047485352,0.8557961,N/A,N/A
vangogh,Hayao,00455.jpg,images/vangogh_00455_to_Hayao.jpg,0.5760187,0.6197242736816406,0.713802695274353,0.7281599,N/A,N/A
vangogh,Hayao,00005.jpg,images/vangogh_00005_to_Hayao.jpg,0.36230677,0.5087049007415771,0.6750754117965698,0.82905984,N/A,N/A
vangogh,monet,00455.jpg,images/vangogh_00455_to_monet.jpg,0.4878556,0.3043295741081238,0.671213686466217,0.7260104,N/A,N/A
vangogh,monet,00005.jpg,images/vangogh_00005_to_monet.jpg,0.3040117,0.4398159682750702,0.7728813886642456,0.8525616,N/A,N/A
vangogh,vangogh,00455.jpg,images/vangogh_00455_to_vangogh.jpg,0.5131382,0.31427299976348877,0.759091854095459,0.7609102,N/A,N/A
vangogh,vangogh,00005.jpg,images/vangogh_00005_to_vangogh.jpg,0.33878678,0.43376636505126953,0.7894308567047119,0.8258778,N/A,N/A
vangogh,cezanne,00455.jpg,images/vangogh_00455_to_cezanne.jpg,0.52099997,0.29011982679367065,0.6576721668243408,0.6935201,N/A,N/A
vangogh,cezanne,00005.jpg,images/vangogh_00005_to_cezanne.jpg,0.28848466,0.3188058137893677,0.7742193341255188,0.8659943,N/A,N/A
vangogh,photo,00573.jpg,images/vangogh_00573_to_photo.jpg,0.49786526,0.6007813215255737,0.7577478885650635,0.807388,N/A,N/A
vangogh,photo,00220.jpg,images/vangogh_00220_to_photo.jpg,0.46695974,0.6330870389938354,0.7506237626075745,0.74674654,N/A,N/A
vangogh,Hayao,00573.jpg,images/vangogh_00573_to_Hayao.jpg,0.53582174,0.5004895925521851,0.6542350649833679,0.7943213,N/A,N/A
vangogh,Hayao,00220.jpg,images/vangogh_00220_to_Hayao.jpg,0.423128,0.5875645875930786,0.6477644443511963,0.732952,N/A,N/A
vangogh,monet,00573.jpg,images/vangogh_00573_to_monet.jpg,0.46533754,0.39479297399520874,0.7333794832229614,0.82036185,N/A,N/A
vangogh,monet,00220.jpg,images/vangogh_00220_to_monet.jpg,0.41868103,0.3521239161491394,0.7447108030319214,0.791032,N/A,N/A
vangogh,vangogh,00573.jpg,images/vangogh_00573_to_vangogh.jpg,0.4668253,0.344271183013916,0.7665928602218628,0.8231667,N/A,N/A
vangogh,vangogh,00220.jpg,images/vangogh_00220_to_vangogh.jpg,0.39967638,0.3266441524028778,0.7405796051025391,0.8034234,N/A,N/A
vangogh,cezanne,00573.jpg,images/vangogh_00573_to_cezanne.jpg,0.45864895,0.3305893540382385,0.698392391204834,0.79481024,N/A,N/A
vangogh,cezanne,00220.jpg,images/vangogh_00220_to_cezanne.jpg,0.41346222,0.34335392713546753,0.7502921223640442,0.7982292,N/A,N/A
vangogh,photo,00436.jpg,images/vangogh_00436_to_photo.jpg,0.5345934,0.6984638571739197,0.80292147397995,0.6760036,N/A,N/A
vangogh,photo,00681.jpg,images/vangogh_00681_to_photo.jpg,0.5088239,0.7141633033752441,0.8049709796905518,0.70111006,N/A,N/A
vangogh,Hayao,00436.jpg,images/vangogh_00436_to_Hayao.jpg,0.5446899,0.5771132111549377,0.6362249255180359,0.6472695,N/A,N/A
vangogh,Hayao,00681.jpg,images/vangogh_00681_to_Hayao.jpg,0.53360844,0.6635738611221313,0.7021327614784241,0.6412948,N/A,N/A
vangogh,monet,00436.jpg,images/vangogh_00436_to_monet.jpg,0.5082386,0.4720720052719116,0.7460669875144958,0.7165254,N/A,N/A
vangogh,monet,00681.jpg,images/vangogh_00681_to_monet.jpg,0.47172692,0.4863048195838928,0.7634468674659729,0.7145072,N/A,N/A
vangogh,vangogh,00436.jpg,images/vangogh_00436_to_vangogh.jpg,0.47769222,0.46389010548591614,0.7707831859588623,0.7187234,N/A,N/A
vangogh,vangogh,00681.jpg,images/vangogh_00681_to_vangogh.jpg,0.47184318,0.47705549001693726,0.7848093509674072,0.7250998,N/A,N/A
vangogh,cezanne,00436.jpg,images/vangogh_00436_to_cezanne.jpg,0.5024271,0.5074079632759094,0.7444252371788025,0.69634086,N/A,N/A
vangogh,cezanne,00681.jpg,images/vangogh_00681_to_cezanne.jpg,0.49070707,0.4853052496910095,0.7490493059158325,0.69563043,N/A,N/A
vangogh,photo,00557.jpg,images/vangogh_00557_to_photo.jpg,0.49821576,0.6736569404602051,0.7675628662109375,0.6836308,N/A,N/A
vangogh,photo,00418.jpg,images/vangogh_00418_to_photo.jpg,0.5076732,0.6299885511398315,0.7743453979492188,0.7364953,N/A,N/A
vangogh,Hayao,00557.jpg,images/vangogh_00557_to_Hayao.jpg,0.507915,0.6517210602760315,0.7202256917953491,0.6608982,N/A,N/A
vangogh,Hayao,00418.jpg,images/vangogh_00418_to_Hayao.jpg,0.5595908,0.6459896564483643,0.7040817141532898,0.6572293,N/A,N/A
vangogh,monet,00557.jpg,images/vangogh_00557_to_monet.jpg,0.49113512,0.4902016520500183,0.7775186896324158,0.7421225,N/A,N/A
vangogh,monet,00418.jpg,images/vangogh_00418_to_monet.jpg,0.47627154,0.38188886642456055,0.7170952558517456,0.7234099,N/A,N/A
vangogh,vangogh,00557.jpg,images/vangogh_00557_to_vangogh.jpg,0.5016126,0.5631685256958008,0.8279935121536255,0.74825734,N/A,N/A
vangogh,vangogh,00418.jpg,images/vangogh_00418_to_vangogh.jpg,0.46948007,0.4008185565471649,0.7562875747680664,0.73266757,N/A,N/A
vangogh,cezanne,00557.jpg,images/vangogh_00557_to_cezanne.jpg,0.4965792,0.5172144174575806,0.7705272436141968,0.71850735,N/A,N/A
vangogh,cezanne,00418.jpg,images/vangogh_00418_to_cezanne.jpg,0.49855438,0.32117825746536255,0.7035607695579529,0.72064275,N/A,N/A
vangogh,photo,00352.jpg,images/vangogh_00352_to_photo.jpg,0.51338124,0.4831793010234833,0.7638807892799377,0.87974143,N/A,N/A
vangogh,photo,00264.jpg,images/vangogh_00264_to_photo.jpg,0.45612645,0.626366913318634,0.7636798620223999,0.74319744,N/A,N/A
vangogh,Hayao,00352.jpg,images/vangogh_00352_to_Hayao.jpg,0.5925852,0.5545477271080017,0.6838300228118896,0.8076829,N/A,N/A
vangogh,Hayao,00264.jpg,images/vangogh_00264_to_Hayao.jpg,0.49565005,0.6750838756561279,0.7109627723693848,0.7237467,N/A,N/A
vangogh,monet,00352.jpg,images/vangogh_00352_to_monet.jpg,0.48793018,0.16970723867416382,0.7468950748443604,0.8586513,N/A,N/A
vangogh,monet,00264.jpg,images/vangogh_00264_to_monet.jpg,0.40003186,0.3626217842102051,0.7534462213516235,0.769683,N/A,N/A
vangogh,vangogh,00352.jpg,images/vangogh_00352_to_vangogh.jpg,0.5312605,0.204206645488739,0.7989035844802856,0.85839576,N/A,N/A
vangogh,vangogh,00264.jpg,images/vangogh_00264_to_vangogh.jpg,0.43487984,0.36623626947402954,0.7684097290039062,0.766643,N/A,N/A
vangogh,cezanne,00352.jpg,images/vangogh_00352_to_cezanne.jpg,0.5466215,0.3010143041610718,0.7508713006973267,0.8259594,N/A,N/A
vangogh,cezanne,00264.jpg,images/vangogh_00264_to_cezanne.jpg,0.43325442,0.34444254636764526,0.7157831192016602,0.7586993,N/A,N/A
vangogh,photo,00277.jpg,images/vangogh_00277_to_photo.jpg,0.4514035,0.489624559879303,0.6390082836151123,0.772429,N/A,N/A
vangogh,photo,00561.jpg,images/vangogh_00561_to_photo.jpg,0.43233827,0.5916168689727783,0.6680464744567871,0.78738827,N/A,N/A
vangogh,Hayao,00277.jpg,images/vangogh_00277_to_Hayao.jpg,0.4942372,0.6267777681350708,0.7043737769126892,0.7156801,N/A,N/A
vangogh,Hayao,00561.jpg,images/vangogh_00561_to_Hayao.jpg,0.4925685,0.4264106750488281,0.5804477334022522,0.8782297,N/A,N/A
vangogh,monet,00277.jpg,images/vangogh_00277_to_monet.jpg,0.4529914,0.3664799928665161,0.6065444350242615,0.7671135,N/A,N/A
vangogh,monet,00561.jpg,images/vangogh_00561_to_monet.jpg,0.4229446,0.511986255645752,0.7640594244003296,0.7573532,N/A,N/A
vangogh,vangogh,00277.jpg,images/vangogh_00277_to_vangogh.jpg,0.47583744,0.44567206501960754,0.6849663853645325,0.74102324,N/A,N/A
vangogh,vangogh,00561.jpg,images/vangogh_00561_to_vangogh.jpg,0.45309484,0.5481988191604614,0.7826794385910034,0.71613324,N/A,N/A
vangogh,cezanne,00277.jpg,images/vangogh_00277_to_cezanne.jpg,0.4569024,0.3735811114311218,0.6616107225418091,0.7368833,N/A,N/A
vangogh,cezanne,00561.jpg,images/vangogh_00561_to_cezanne.jpg,0.4439748,0.5454577207565308,0.781241238117218,0.7436047,N/A,N/A
cezanne,photo,00342.jpg,images/cezanne_00342_to_photo.jpg,0.46184683,0.362322598695755,0.5781888961791992,0.83871436,N/A,N/A
cezanne,photo,00332.jpg,images/cezanne_00332_to_photo.jpg,0.4612593,0.5559250116348267,0.6363614797592163,0.74381554,N/A,N/A
cezanne,Hayao,00342.jpg,images/cezanne_00342_to_Hayao.jpg,0.49130592,0.37641072273254395,0.5827934145927429,0.82571316,N/A,N/A
cezanne,Hayao,00332.jpg,images/cezanne_00332_to_Hayao.jpg,0.45964283,0.6205443143844604,0.6719809174537659,0.65906966,N/A,N/A
cezanne,monet,00342.jpg,images/cezanne_00342_to_monet.jpg,0.482682,0.35843825340270996,0.7112268209457397,0.84111273,N/A,N/A
cezanne,monet,00332.jpg,images/cezanne_00332_to_monet.jpg,0.43715608,0.35106605291366577,0.5967528820037842,0.6765501,N/A,N/A
cezanne,vangogh,00342.jpg,images/cezanne_00342_to_vangogh.jpg,0.5138725,0.31411707401275635,0.7356432676315308,0.84263897,N/A,N/A
cezanne,vangogh,00332.jpg,images/cezanne_00332_to_vangogh.jpg,0.4271295,0.3658827543258667,0.647570788860321,0.69571716,N/A,N/A
cezanne,cezanne,00342.jpg,images/cezanne_00342_to_cezanne.jpg,0.49889278,0.31103724241256714,0.7302233576774597,0.8013432,N/A,N/A
cezanne,cezanne,00332.jpg,images/cezanne_00332_to_cezanne.jpg,0.41408843,0.2691906690597534,0.6732771396636963,0.75283116,N/A,N/A
cezanne,photo,00275.jpg,images/cezanne_00275_to_photo.jpg,0.43548274,0.5476495027542114,0.7390288710594177,0.8545671,N/A,N/A
cezanne,photo,00219.jpg,images/cezanne_00219_to_photo.jpg,0.44677928,0.6743307113647461,0.7743982076644897,0.7522511,N/A,N/A
cezanne,Hayao,00275.jpg,images/cezanne_00275_to_Hayao.jpg,0.47635853,0.5981581211090088,0.6570457220077515,0.750634,N/A,N/A
cezanne,Hayao,00219.jpg,images/cezanne_00219_to_Hayao.jpg,0.41706097,0.5751482844352722,0.6270391941070557,0.7371059,N/A,N/A
cezanne,monet,00275.jpg,images/cezanne_00275_to_monet.jpg,0.4344303,0.30393892526626587,0.7618438005447388,0.8181181,N/A,N/A
cezanne,monet,00219.jpg,images/cezanne_00219_to_monet.jpg,0.44784296,0.4983934164047241,0.7971097230911255,0.7427286,N/A,N/A
cezanne,vangogh,00275.jpg,images/cezanne_00275_to_vangogh.jpg,0.45156914,0.4322226643562317,0.7662807106971741,0.780251,N/A,N/A
cezanne,vangogh,00219.jpg,images/cezanne_00219_to_vangogh.jpg,0.4306106,0.510622501373291,0.7765750885009766,0.7134719,N/A,N/A
cezanne,cezanne,00275.jpg,images/cezanne_00275_to_cezanne.jpg,0.4397559,0.29565149545669556,0.7613599300384521,0.8035512,N/A,N/A
cezanne,cezanne,00219.jpg,images/cezanne_00219_to_cezanne.jpg,0.40821916,0.47245049476623535,0.7824503183364868,0.7380828,N/A,N/A
cezanne,photo,00123.jpg,images/cezanne_00123_to_photo.jpg,0.42888308,0.6434375047683716,0.7292245030403137,0.710144,N/A,N/A
cezanne,photo,00582.jpg,images/cezanne_00582_to_photo.jpg,0.45100406,0.4959051311016083,0.6488004326820374,0.8309882,N/A,N/A
cezanne,Hayao,00123.jpg,images/cezanne_00123_to_Hayao.jpg,0.49878433,0.680427074432373,0.6674507856369019,0.61273897,N/A,N/A
cezanne,Hayao,00582.jpg,images/cezanne_00582_to_Hayao.jpg,0.5194726,0.5159304141998291,0.6006442904472351,0.8102255,N/A,N/A
cezanne,monet,00123.jpg,images/cezanne_00123_to_monet.jpg,0.41618937,0.5503840446472168,0.8080719113349915,0.74079,N/A,N/A
cezanne,monet,00582.jpg,images/cezanne_00582_to_monet.jpg,0.44571286,0.43114686012268066,0.7600338459014893,0.82313395,N/A,N/A
cezanne,vangogh,00123.jpg,images/cezanne_00123_to_vangogh.jpg,0.4357069,0.5506868362426758,0.7671337127685547,0.6871477,N/A,N/A
cezanne,vangogh,00582.jpg,images/cezanne_00582_to_vangogh.jpg,0.46563655,0.4150956869125366,0.7630378007888794,0.8231336,N/A,N/A
cezanne,cezanne,00123.jpg,images/cezanne_00123_to_cezanne.jpg,0.44906443,0.507544994354248,0.7562820911407471,0.6855047,N/A,N/A
cezanne,cezanne,00582.jpg,images/cezanne_00582_to_cezanne.jpg,0.46553624,0.4062449336051941,0.7889617085456848,0.8225601,N/A,N/A
cezanne,photo,00348.jpg,images/cezanne_00348_to_photo.jpg,0.39281738,0.48759347200393677,0.5889291167259216,0.8309547,N/A,N/A
cezanne,photo,00204.jpg,images/cezanne_00204_to_photo.jpg,0.4410929,0.5663999915122986,0.7188900709152222,0.7853408,N/A,N/A
cezanne,Hayao,00348.jpg,images/cezanne_00348_to_Hayao.jpg,0.4005567,0.5189386606216431,0.6007043123245239,0.825305,N/A,N/A
cezanne,Hayao,00204.jpg,images/cezanne_00204_to_Hayao.jpg,0.4959067,0.6584049463272095,0.699333131313324,0.7213308,N/A,N/A
cezanne,monet,00348.jpg,images/cezanne_00348_to_monet.jpg,0.38848314,0.41199561953544617,0.702170193195343,0.8161533,N/A,N/A
cezanne,monet,00204.jpg,images/cezanne_00204_to_monet.jpg,0.4198982,0.2643318176269531,0.7204447984695435,0.76723266,N/A,N/A
cezanne,vangogh,00348.jpg,images/cezanne_00348_to_vangogh.jpg,0.40210617,0.4217028021812439,0.737129271030426,0.7962846,N/A,N/A
cezanne,vangogh,00204.jpg,images/cezanne_00204_to_vangogh.jpg,0.4412516,0.32380056381225586,0.7093746066093445,0.73116136,N/A,N/A
cezanne,cezanne,00348.jpg,images/cezanne_00348_to_cezanne.jpg,0.40495408,0.4441011846065521,0.7934073209762573,0.826274,N/A,N/A
cezanne,cezanne,00204.jpg,images/cezanne_00204_to_cezanne.jpg,0.4396095,0.21471625566482544,0.7129855155944824,0.762205,N/A,N/A
cezanne,photo,00379.jpg,images/cezanne_00379_to_photo.jpg,0.4989989,0.6527199149131775,0.7499507665634155,0.68010914,N/A,N/A
cezanne,photo,00263.jpg,images/cezanne_00263_to_photo.jpg,0.5030199,0.5224717259407043,0.6680185794830322,0.7908049,N/A,N/A
cezanne,Hayao,00379.jpg,images/cezanne_00379_to_Hayao.jpg,0.49618438,0.7338275909423828,0.7403136491775513,0.5681229,N/A,N/A
cezanne,Hayao,00263.jpg,images/cezanne_00263_to_Hayao.jpg,0.47902945,0.6146777868270874,0.6998440623283386,0.68298197,N/A,N/A
cezanne,monet,00379.jpg,images/cezanne_00379_to_monet.jpg,0.48230207,0.46802735328674316,0.7530524134635925,0.725006,N/A,N/A
cezanne,monet,00263.jpg,images/cezanne_00263_to_monet.jpg,0.4878308,0.3073503375053406,0.6388154625892639,0.77525,N/A,N/A
cezanne,vangogh,00379.jpg,images/cezanne_00379_to_vangogh.jpg,0.4958188,0.4907085597515106,0.6905403137207031,0.61610043,N/A,N/A
cezanne,vangogh,00263.jpg,images/cezanne_00263_to_vangogh.jpg,0.48170194,0.31135398149490356,0.6423934102058411,0.74384534,N/A,N/A
cezanne,cezanne,00379.jpg,images/cezanne_00379_to_cezanne.jpg,0.4686791,0.41454842686653137,0.7176764011383057,0.6770998,N/A,N/A
cezanne,cezanne,00263.jpg,images/cezanne_00263_to_cezanne.jpg,0.5012591,0.344904363155365,0.6810649037361145,0.7078958,N/A,N/A
cezanne,photo,00388.jpg,images/cezanne_00388_to_photo.jpg,0.40594214,0.5434306859970093,0.6910620927810669,0.77966887,N/A,N/A
cezanne,photo,00298.jpg,images/cezanne_00298_to_photo.jpg,0.55594695,0.6826987266540527,0.7519116997718811,0.64686775,N/A,N/A
cezanne,Hayao,00388.jpg,images/cezanne_00388_to_Hayao.jpg,0.4275802,0.45434263348579407,0.5636894702911377,0.7941972,N/A,N/A
cezanne,Hayao,00298.jpg,images/cezanne_00298_to_Hayao.jpg,0.53151494,0.7224092483520508,0.7234145402908325,0.61113876,N/A,N/A
cezanne,monet,00388.jpg,images/cezanne_00388_to_monet.jpg,0.4354827,0.3634350895881653,0.7566107511520386,0.7982409,N/A,N/A
cezanne,monet,00298.jpg,images/cezanne_00298_to_monet.jpg,0.52091604,0.47256264090538025,0.7194257974624634,0.66457385,N/A,N/A
cezanne,vangogh,00388.jpg,images/cezanne_00388_to_vangogh.jpg,0.49530724,0.46734392642974854,0.7658630013465881,0.75726306,N/A,N/A
cezanne,vangogh,00298.jpg,images/cezanne_00298_to_vangogh.jpg,0.46859345,0.5299596786499023,0.7660139799118042,0.69272363,N/A,N/A
cezanne,cezanne,00388.jpg,images/cezanne_00388_to_cezanne.jpg,0.48244894,0.32279688119888306,0.7285298109054565,0.7737073,N/A,N/A
cezanne,cezanne,00298.jpg,images/cezanne_00298_to_cezanne.jpg,0.48543417,0.4716391861438751,0.762027382850647,0.7011286,N/A,N/A
cezanne,photo,00223.jpg,images/cezanne_00223_to_photo.jpg,0.42848194,0.6126892566680908,0.7426222562789917,0.79049635,N/A,N/A
cezanne,photo,00104.jpg,images/cezanne_00104_to_photo.jpg,0.43651083,0.5612735748291016,0.6854472756385803,0.725818,N/A,N/A
cezanne,Hayao,00223.jpg,images/cezanne_00223_to_Hayao.jpg,0.51367325,0.6472129821777344,0.7006498575210571,0.70554215,N/A,N/A
cezanne,Hayao,00104.jpg,images/cezanne_00104_to_Hayao.jpg,0.46452618,0.5997300744056702,0.6403382420539856,0.7208977,N/A,N/A
cezanne,monet,00223.jpg,images/cezanne_00223_to_monet.jpg,0.42141497,0.3865582346916199,0.7191371917724609,0.74736166,N/A,N/A
cezanne,monet,00104.jpg,images/cezanne_00104_to_monet.jpg,0.44002247,0.4495345950126648,0.7802807092666626,0.7539405,N/A,N/A
cezanne,vangogh,00223.jpg,images/cezanne_00223_to_vangogh.jpg,0.4861307,0.4938501715660095,0.7677200436592102,0.75916207,N/A,N/A
cezanne,vangogh,00104.jpg,images/cezanne_00104_to_vangogh.jpg,0.45182872,0.430232971906662,0.7634106874465942,0.737884,N/A,N/A
cezanne,cezanne,00223.jpg,images/cezanne_00223_to_cezanne.jpg,0.47589648,0.40655291080474854,0.762779951095581,0.7513554,N/A,N/A
cezanne,cezanne,00104.jpg,images/cezanne_00104_to_cezanne.jpg,0.45310292,0.4363124370574951,0.7690230011940002,0.7327882,N/A,N/A
cezanne,photo,00437.jpg,images/cezanne_00437_to_photo.jpg,0.44458503,0.4911814033985138,0.6599683165550232,0.7399808,N/A,N/A
cezanne,photo,00428.jpg,images/cezanne_00428_to_photo.jpg,0.4864245,0.5278100967407227,0.6602237224578857,0.8054683,N/A,N/A
cezanne,Hayao,00437.jpg,images/cezanne_00437_to_Hayao.jpg,0.4318683,0.697941780090332,0.7535391449928284,0.66417146,N/A,N/A
cezanne,Hayao,00428.jpg,images/cezanne_00428_to_Hayao.jpg,0.54374456,0.6138074994087219,0.6791294813156128,0.6989676,N/A,N/A
cezanne,monet,00437.jpg,images/cezanne_00437_to_monet.jpg,0.42222458,0.21868333220481873,0.589910626411438,0.7369044,N/A,N/A
cezanne,monet,00428.jpg,images/cezanne_00428_to_monet.jpg,0.5086344,0.28361132740974426,0.6611899137496948,0.7945898,N/A,N/A
cezanne,vangogh,00437.jpg,images/cezanne_00437_to_vangogh.jpg,0.40810913,0.26156163215637207,0.7102375030517578,0.7990139,N/A,N/A
cezanne,vangogh,00428.jpg,images/cezanne_00428_to_vangogh.jpg,0.5333642,0.3581005930900574,0.7475763559341431,0.82218003,N/A,N/A
cezanne,cezanne,00437.jpg,images/cezanne_00437_to_cezanne.jpg,0.41538894,0.10942399501800537,0.6204088926315308,0.7441545,N/A,N/A
cezanne,cezanne,00428.jpg,images/cezanne_00428_to_cezanne.jpg,0.501513,0.34812018275260925,0.7702944278717041,0.794883,N/A,N/A
cezanne,photo,00212.jpg,images/cezanne_00212_to_photo.jpg,0.42121547,0.5759345889091492,0.7332489490509033,0.7883939,N/A,N/A
cezanne,photo,00335.jpg,images/cezanne_00335_to_photo.jpg,0.39546221,0.47021305561065674,0.5930925607681274,0.79274607,N/A,N/A
cezanne,Hayao,00212.jpg,images/cezanne_00212_to_Hayao.jpg,0.44044363,0.6701763868331909,0.7159975171089172,0.74172354,N/A,N/A
cezanne,Hayao,00335.jpg,images/cezanne_00335_to_Hayao.jpg,0.37180665,0.48556655645370483,0.602544903755188,0.75623465,N/A,N/A
cezanne,monet,00212.jpg,images/cezanne_00212_to_monet.jpg,0.4215275,0.3308703303337097,0.7741577625274658,0.7968178,N/A,N/A
cezanne,monet,00335.jpg,images/cezanne_00335_to_monet.jpg,0.38419914,0.3536715507507324,0.6818435192108154,0.76085126,N/A,N/A
cezanne,vangogh,00212.jpg,images/cezanne_00212_to_vangogh.jpg,0.42508343,0.377312570810318,0.7566266059875488,0.7544911,N/A,N/A
cezanne,vangogh,00335.jpg,images/cezanne_00335_to_vangogh.jpg,0.38558158,0.35473862290382385,0.6971553564071655,0.7142392,N/A,N/A
cezanne,cezanne,00212.jpg,images/cezanne_00212_to_cezanne.jpg,0.41632706,0.30629628896713257,0.7747302651405334,0.7932186,N/A,N/A
cezanne,cezanne,00335.jpg,images/cezanne_00335_to_cezanne.jpg,0.3942308,0.30162763595581055,0.6936970949172974,0.71957016,N/A,N/A
cezanne,photo,00411.jpg,images/cezanne_00411_to_photo.jpg,0.43381667,0.5063934326171875,0.6349490284919739,0.78599787,N/A,N/A
cezanne,photo,00057.jpg,images/cezanne_00057_to_photo.jpg,0.36324847,0.48610997200012207,0.6603878736495972,0.8516332,N/A,N/A
cezanne,Hayao,00411.jpg,images/cezanne_00411_to_Hayao.jpg,0.4087752,0.6084682941436768,0.6722989678382874,0.69060135,N/A,N/A
cezanne,Hayao,00057.jpg,images/cezanne_00057_to_Hayao.jpg,0.39880213,0.6126576662063599,0.7035000324249268,0.75762385,N/A,N/A
cezanne,monet,00411.jpg,images/cezanne_00411_to_monet.jpg,0.46483296,0.3225994110107422,0.6184758543968201,0.7033537,N/A,N/A
cezanne,monet,00057.jpg,images/cezanne_00057_to_monet.jpg,0.3833985,0.37426242232322693,0.7142528891563416,0.8281398,N/A,N/A
cezanne,vangogh,00411.jpg,images/cezanne_00411_to_vangogh.jpg,0.49458224,0.450758159160614,0.6602299809455872,0.6250626,N/A,N/A
cezanne,vangogh,00057.jpg,images/cezanne_00057_to_vangogh.jpg,0.39686158,0.40926823019981384,0.7578394412994385,0.81956017,N/A,N/A
cezanne,cezanne,00411.jpg,images/cezanne_00411_to_cezanne.jpg,0.4601066,0.3355783224105835,0.633011519908905,0.6291851,N/A,N/A
cezanne,cezanne,00057.jpg,images/cezanne_00057_to_cezanne.jpg,0.38867766,0.26801618933677673,0.7412173748016357,0.7997707,N/A,N/A
cezanne,photo,00576.jpg,images/cezanne_00576_to_photo.jpg,0.45157054,0.6039953231811523,0.7262651324272156,0.8171655,N/A,N/A
cezanne,photo,00271.jpg,images/cezanne_00271_to_photo.jpg,0.4827621,0.5746841430664062,0.7570376992225647,0.79753447,N/A,N/A
cezanne,Hayao,00576.jpg,images/cezanne_00576_to_Hayao.jpg,0.48820543,0.5802600383758545,0.6130139231681824,0.75037426,N/A,N/A
cezanne,Hayao,00271.jpg,images/cezanne_00271_to_Hayao.jpg,0.54321325,0.6939793229103088,0.7118347883224487,0.6073525,N/A,N/A
cezanne,monet,00576.jpg,images/cezanne_00576_to_monet.jpg,0.42285937,0.4365984797477722,0.8093516826629639,0.83608526,N/A,N/A
cezanne,monet,00271.jpg,images/cezanne_00271_to_monet.jpg,0.4764932,0.37027305364608765,0.7894818782806396,0.79049337,N/A,N/A
cezanne,vangogh,00576.jpg,images/cezanne_00576_to_vangogh.jpg,0.4420352,0.41577672958374023,0.7666676640510559,0.79218227,N/A,N/A
cezanne,vangogh,00271.jpg,images/cezanne_00271_to_vangogh.jpg,0.52430487,0.4654671549797058,0.7527444958686829,0.7123889,N/A,N/A
cezanne,cezanne,00576.jpg,images/cezanne_00576_to_cezanne.jpg,0.44480103,0.39624911546707153,0.7836644053459167,0.81190735,N/A,N/A
cezanne,cezanne,00271.jpg,images/cezanne_00271_to_cezanne.jpg,0.5179263,0.3674446642398834,0.7484119534492493,0.7328303,N/A,N/A
cezanne,photo,00393.jpg,images/cezanne_00393_to_photo.jpg,0.41465974,0.5978473424911499,0.70033198595047,0.7735926,N/A,N/A
cezanne,photo,00605.jpg,images/cezanne_00605_to_photo.jpg,0.43189734,0.4924924969673157,0.6007040739059448,0.7617813,N/A,N/A
cezanne,Hayao,00393.jpg,images/cezanne_00393_to_Hayao.jpg,0.41478038,0.5634673833847046,0.5874819755554199,0.74062824,N/A,N/A
cezanne,Hayao,00605.jpg,images/cezanne_00605_to_Hayao.jpg,0.49003345,0.6281328201293945,0.691246509552002,0.75506556,N/A,N/A
cezanne,monet,00393.jpg,images/cezanne_00393_to_monet.jpg,0.4151033,0.462039589881897,0.76075279712677,0.7575391,N/A,N/A
cezanne,monet,00605.jpg,images/cezanne_00605_to_monet.jpg,0.43396193,0.3613486886024475,0.6901921033859253,0.7756051,N/A,N/A
cezanne,vangogh,00393.jpg,images/cezanne_00393_to_vangogh.jpg,0.41827148,0.4012858271598816,0.7255644798278809,0.7523139,N/A,N/A
cezanne,vangogh,00605.jpg,images/cezanne_00605_to_vangogh.jpg,0.46046424,0.39250391721725464,0.7335733771324158,0.7626898,N/A,N/A
cezanne,cezanne,00393.jpg,images/cezanne_00393_to_cezanne.jpg,0.42568552,0.4066755175590515,0.7427661418914795,0.7443168,N/A,N/A
cezanne,cezanne,00605.jpg,images/cezanne_00605_to_cezanne.jpg,0.45927018,0.4170683026313782,0.7337969541549683,0.7240292,N/A,N/A
cezanne,photo,00517.jpg,images/cezanne_00517_to_photo.jpg,0.37145725,0.4714897871017456,0.5557385087013245,0.7755323,N/A,N/A
cezanne,photo,00382.jpg,images/cezanne_00382_to_photo.jpg,0.4945956,0.6487154960632324,0.7631782293319702,0.6659457,N/A,N/A
cezanne,Hayao,00517.jpg,images/cezanne_00517_to_Hayao.jpg,0.4586226,0.6058310270309448,0.6485276818275452,0.67708635,N/A,N/A
cezanne,Hayao,00382.jpg,images/cezanne_00382_to_Hayao.jpg,0.53973556,0.7078617811203003,0.7161939144134521,0.59873044,N/A,N/A
cezanne,monet,00517.jpg,images/cezanne_00517_to_monet.jpg,0.39224952,0.30899110436439514,0.5977164506912231,0.7586455,N/A,N/A
cezanne,monet,00382.jpg,images/cezanne_00382_to_monet.jpg,0.48553234,0.4401196837425232,0.7561788558959961,0.7340871,N/A,N/A
cezanne,vangogh,00517.jpg,images/cezanne_00517_to_vangogh.jpg,0.47933787,0.36927083134651184,0.6415508389472961,0.71911573,N/A,N/A
cezanne,vangogh,00382.jpg,images/cezanne_00382_to_vangogh.jpg,0.4802755,0.4487408995628357,0.7499994039535522,0.73838603,N/A,N/A
cezanne,cezanne,00517.jpg,images/cezanne_00517_to_cezanne.jpg,0.46293357,0.33884263038635254,0.6233652830123901,0.6658618,N/A,N/A
cezanne,cezanne,00382.jpg,images/cezanne_00382_to_cezanne.jpg,0.48828876,0.4146965742111206,0.7528995275497437,0.72445595,N/A,N/A
cezanne,photo,00375.jpg,images/cezanne_00375_to_photo.jpg,0.42742074,0.5375908017158508,0.7565633654594421,0.8554323,N/A,N/A
cezanne,photo,00286.jpg,images/cezanne_00286_to_photo.jpg,0.5256354,0.44022834300994873,0.7514472007751465,0.86163735,N/A,N/A
cezanne,Hayao,00375.jpg,images/cezanne_00375_to_Hayao.jpg,0.42770046,0.5002683401107788,0.6305426359176636,0.8186077,N/A,N/A
cezanne,Hayao,00286.jpg,images/cezanne_00286_to_Hayao.jpg,0.47834742,0.3904573917388916,0.5980374813079834,0.8511064,N/A,N/A
cezanne,monet,00375.jpg,images/cezanne_00375_to_monet.jpg,0.42798513,0.2484721541404724,0.7947500944137573,0.8381133,N/A,N/A
cezanne,monet,00286.jpg,images/cezanne_00286_to_monet.jpg,0.5091645,0.2685277760028839,0.7799538969993591,0.8468082,N/A,N/A
cezanne,vangogh,00375.jpg,images/cezanne_00375_to_vangogh.jpg,0.4267856,0.21631580591201782,0.7605526447296143,0.8323562,N/A,N/A
cezanne,vangogh,00286.jpg,images/cezanne_00286_to_vangogh.jpg,0.4978447,0.24609792232513428,0.7814247608184814,0.8446628,N/A,N/A
cezanne,cezanne,00375.jpg,images/cezanne_00375_to_cezanne.jpg,0.41796845,0.13496272265911102,0.7563296556472778,0.82991886,N/A,N/A
cezanne,cezanne,00286.jpg,images/cezanne_00286_to_cezanne.jpg,0.4992518,0.21229630708694458,0.776176929473877,0.8436843,N/A,N/A
cezanne,photo,00303.jpg,images/cezanne_00303_to_photo.jpg,0.51929694,0.5466122627258301,0.6396016478538513,0.86371374,N/A,N/A
cezanne,photo,00546.jpg,images/cezanne_00546_to_photo.jpg,0.39556497,0.477036714553833,0.7037863731384277,0.861424,N/A,N/A
cezanne,Hayao,00303.jpg,images/cezanne_00303_to_Hayao.jpg,0.57874984,0.6084600687026978,0.6626774072647095,0.80435735,N/A,N/A
cezanne,Hayao,00546.jpg,images/cezanne_00546_to_Hayao.jpg,0.42150682,0.5454707145690918,0.6293656826019287,0.8302548,N/A,N/A
cezanne,monet,00303.jpg,images/cezanne_00303_to_monet.jpg,0.50732213,0.46457087993621826,0.7425130605697632,0.80427575,N/A,N/A
cezanne,monet,00546.jpg,images/cezanne_00546_to_monet.jpg,0.39935338,0.2767114043235779,0.739971399307251,0.8468163,N/A,N/A
cezanne,vangogh,00303.jpg,images/cezanne_00303_to_vangogh.jpg,0.53581357,0.45941829681396484,0.7315351963043213,0.76154524,N/A,N/A
cezanne,vangogh,00546.jpg,images/cezanne_00546_to_vangogh.jpg,0.42441678,0.27939796447753906,0.7574485540390015,0.83846456,N/A,N/A
cezanne,cezanne,00303.jpg,images/cezanne_00303_to_cezanne.jpg,0.53561807,0.4478378891944885,0.7659404277801514,0.76967525,N/A,N/A
cezanne,cezanne,00546.jpg,images/cezanne_00546_to_cezanne.jpg,0.425929,0.24880550801753998,0.7719470262527466,0.8322889,N/A,N/A
