epoch,loss,swd,repulsive,color,identity,aux_delta,identity_ratio,sched_factor,idt_anchor,topo_align,idt_repel,aent,amax,lr,data_time_sec,transfer_time_sec,fwd_loss_time_sec,backward_time_sec,optimizer_time_sec,step_overhead_time_sec,compute_time_sec,epoch_time_sec,samples_seen,samples_per_sec,compute_samples_per_sec
1,43.74192428588867,13.01301097869873,22.404359817504883,2.796844244003296,5.527710437774658,0.25,1.0,0.5943151116371155,0.1722656488418579,4.761130332946777,0.9768338203430176,0.010748757980763912,6.666666666666667e-06,0.49094679951667786,0.0046695987693965435,36.23497599968687,6.178162600379437,0.10312019987031817,0.044014000333845615,42.52092839870602,43.853554248809814,10240,233.50444850836493,240.8225875028547
2,43.270294189453125,12.642355918884277,22.34173011779785,2.607389450073242,5.678812503814697,0.25,1.0,0.8145858645439148,0.19851993024349213,4.665707588195801,0.9686293005943298,0.01268925704061985,1.3333333333333333e-05,0.496530000353232,0.004677200224250555,29.77189559978433,2.288842299487442,0.0875937007367611,0.04338279995135963,32.15300880023278,33.49411487579346,10240,305.72535019877637,318.4771933358182
3,41.69062423706055,11.446808815002441,22.013593673706055,2.113210439682007,6.117013454437256,0.25,1.0,1.4030603170394897,0.3058649003505707,4.408088684082031,0.9583091735839844,0.016326850280165672,2e-05,0.49680059985257685,0.004716699477285147,29.78160360059701,2.3362115004565567,0.08843720029108226,0.044974998803809285,32.21096900082193,33.54872107505798,10240,305.22773065149704,317.904127619964
4,39.58916091918945,10.393871307373047,20.99237632751465,1.397481918334961,6.8054351806640625,0.25,1.0,2.395966053009033,0.47718414664268494,3.9322850704193115,0.9503076672554016,0.024439888074994087,2.6666666666666667e-05,0.4910319992341101,0.004561199806630611,30.02899350016378,2.232602500356734,0.08705639932304621,0.04174370062537491,32.35321359965019,33.688446283340454,10240,303.96177709934534,316.5064258133145
5,37.59836196899414,9.146526336669922,19.971927642822266,0.8878286480903625,7.592081546783447,0.25,1.0,3.643090009689331,0.6369872689247131,3.3120052814483643,0.9386086463928223,0.029650617390871048,3.3333333333333335e-05,0.5083109987899661,0.004839800065383315,30.08033919846639,2.293465099995956,0.08857489889487624,0.04226650344207883,32.467218997422606,33.82210040092468,10240,302.7606174251686,315.3950451011187
6,36.55607223510742,8.445128440856934,19.404624938964844,0.8097681999206543,7.896562099456787,0.25,1.0,4.1703925132751465,0.6906930208206177,3.035475015640259,0.9485808610916138,0.0235913023352623,4e-05,0.49168860097415745,0.004603500012308359,30.036640499951318,2.2247869996353984,0.08641809970140457,0.04310590121895075,32.35244909930043,33.69105672836304,10240,303.93822558196547,316.51390497733365
7,36.12360382080078,8.003569602966309,18.961400985717773,0.805325448513031,8.353316307067871,0.25,1.0,4.696106910705566,0.9199326634407043,2.737276792526245,0.9523591995239258,0.01956065744161606,4.666666666666667e-05,0.5080030998215079,0.00471720052883029,30.06392779923044,2.2785312002524734,0.08992559998296201,0.0432575992308557,32.43710179999471,33.79204845428467,10240,303.02986851634967,315.6878830648696
8,35.752315521240234,7.654911994934082,18.415714263916016,0.7704483866691589,8.91124439239502,0.25,1.0,5.271132946014404,1.185227632522583,2.454885244369507,0.9520098567008972,0.018061302602291107,5.333333333333333e-05,0.49461620091460645,0.004898800514638424,30.2975268997252,2.248312500771135,0.08766609942540526,0.0422970000654459,32.63840430043638,33.992220878601074,10240,301.2453948381563,313.74082831197387
9,35.38221740722656,7.390351295471191,17.929189682006836,0.7181562185287476,9.34451961517334,0.25,1.0,5.771875381469727,1.3845151662826538,2.1881296634674072,0.950718104839325,0.01763075403869152,6.000000000000001e-05,0.5234639011323452,0.005178399616852403,30.37701790058054,2.372819100972265,0.09242359944619238,0.046611099038273096,32.84743900061585,34.23334074020386,10240,299.12359642931597,311.74424282538473
10,34.73484420776367,7.0190958976745605,17.52631950378418,0.6697856783866882,9.519641876220703,0.25,1.0,6.0663251876831055,1.4555720090866089,1.9977442026138306,0.9508588910102844,0.017456481233239174,6.666666666666667e-05,0.4887734998483211,0.004723600344732404,30.36062000109814,2.238904900383204,0.08892069873400033,0.04195499909110367,32.69316920056008,34.03791689872742,10240,300.8409718628476,313.2152755574573
11,34.21015167236328,6.9144439697265625,17.09235954284668,0.5944948792457581,9.608848571777344,0.25,1.0,6.355557918548584,1.4995867013931274,1.7537037134170532,0.9488256573677063,0.0185006782412529,7.333333333333333e-05,0.601056600920856,0.004879800137132406,30.250416500261053,2.2797461997251958,0.09059849963523448,0.04448800068348646,32.625640999758616,34.075093269348145,10240,300.5127504437757,313.86356516568554
12,33.839515686035156,6.865104675292969,16.747709274291992,0.5376283526420593,9.689069747924805,0.25,1.0,6.563670635223389,1.5068795680999756,1.6185216903686523,0.9485891461372375,0.018521739169955254,8e-05,0.48996320040896535,0.004967700457200408,30.351248100865632,2.2642990997992456,0.08800960029475391,0.043234998593106866,32.70852450141683,34.05915689468384,10240,300.65336119927036,313.06823392649324
13,33.460411071777344,6.758528232574463,16.292695999145508,0.47017645835876465,9.939009666442871,0.25,1.0,6.978091716766357,1.5274957418441772,1.4334220886230469,0.9447329640388489,0.020394282415509224,7.972257513520032e-05,0.49322829954326153,0.004815500695258379,30.341551700606942,2.271297600818798,0.08667990029789507,0.04365429864265025,32.704344702418894,34.052069664001465,10240,300.7159359486843,313.10824580572086
14,33.20313262939453,6.967835903167725,15.942608833312988,0.432272344827652,9.860411643981934,0.25,1.0,6.9580864906311035,1.5430432558059692,1.3592835664749146,0.9423476457595825,0.02139444649219513,7.942185743580064e-05,0.506493000080809,0.004828199977055192,30.34675239981152,2.2909935009665787,0.08793760021217167,0.043680798495188355,32.73051170096733,34.09486961364746,10240,300.3384414146914,312.8579257652536
15,33.20172882080078,6.776248455047607,15.832216262817383,0.3984823226928711,10.194775581359863,0.25,1.0,7.3108744621276855,1.5719501972198486,1.3119510412216187,0.9343458414077759,0.02329697273671627,7.909805299869093e-05,0.48939000093378127,0.004620799329131842,30.3367958990857,2.2476871001999825,0.08933709957636893,0.0428132014349103,32.678440898191184,34.024484634399414,10240,300.95973855389894,313.3564429191236
16,33.04275131225586,6.689329624176025,15.787375450134277,0.3965793251991272,10.169465065002441,0.25,1.0,7.282459259033203,1.5787907838821411,1.3082146644592285,0.9327311515808105,0.025201616808772087,7.875138374325803e-05,0.5006930995732546,0.004920900566503406,30.33694490045309,2.3147427008952945,0.09123580041341484,0.0448433980345726,32.7478443023283,34.1080584526062,10240,300.22230711925965,312.69233801969546
17,32.821903228759766,6.617295742034912,15.681208610534668,0.35986602306365967,10.163532257080078,0.25,1.0,7.293652534484863,1.5974295139312744,1.2724506855010986,0.9332752227783203,0.023942453786730766,7.838208725929306e-05,0.4945194001775235,0.004586199996992946,30.347957300953567,2.241607500007376,0.08793989941477776,0.04355279938317835,32.682090900372714,34.035120248794556,10240,300.8656918249812,313.32144663618266
18,32.58359146118164,6.67388916015625,15.352690696716309,0.3494766652584076,10.207539558410645,0.25,1.0,7.359160900115967,1.6300684213638306,1.2183111906051636,0.9292634129524231,0.025453513488173485,7.799041664415939e-05,0.4998359011951834,0.00480000046081841,30.332850600592792,2.3370558994356543,0.08939269999973476,0.043709499994292855,32.764099200489,34.11754894256592,10240,300.1387941800332,312.5372053521059
19,32.391117095947266,6.6528000831604,15.088236808776855,0.35705843567848206,10.293020248413086,0.25,1.0,7.403130531311035,1.7285393476486206,1.1613510847091675,0.9263081550598145,0.02603166177868843,7.757664032933222e-05,0.49142839992418885,0.0046505993232131,30.35545280063525,2.241292299935594,0.08735909988172352,0.04279709956608713,32.68875479977578,34.040555238723755,10240,300.8176549468033,313.2575732150629
20,32.429386138916016,6.935333251953125,14.62419605255127,0.35807740688323975,10.511781692504883,0.25,1.0,7.555661201477051,1.8177427053451538,1.138378620147705,0.925933301448822,0.02564913034439087,7.714104189642916e-05,0.5003350998740643,0.004771400708705187,30.344979900401086,2.2980472994968295,0.08899059961549938,0.04477449972182512,32.73678920022212,34.094319105148315,10240,300.3432908696434,312.7979331562095
21,32.085872650146484,7.164261817932129,14.110391616821289,0.3487796485424042,10.462427139282227,0.25,1.0,7.450541973114014,1.8785346746444702,1.133349895477295,0.9371955990791321,0.021968616172671318,7.668391988285749e-05,0.49686539988033473,0.004790599225088954,30.36809799866751,2.259945599362254,0.08676659967750311,0.04373860219493508,32.719600796932355,34.07689905166626,10240,300.4968258547954,312.9622535296964
22,31.766706466674805,7.44943380355835,13.413535118103027,0.3564276695251465,10.547308921813965,0.25,1.0,7.3288493156433105,2.058886766433716,1.159575343132019,0.9387761354446411,0.021184569224715233,7.620558757721156e-05,0.4882200991269201,0.004702299367636442,30.38623210065998,2.2653215986210853,0.08968340046703815,0.043201099848374724,32.74593939911574,34.085463523864746,10240,300.4213216238213,312.7105280197433
23,31.430265426635742,7.807840824127197,12.781393051147461,0.32837602496147156,10.512659072875977,0.25,1.0,7.223428249359131,2.141662836074829,1.1475681066513062,0.9385057687759399,0.021034302189946175,7.570637280456043e-05,0.4925570001360029,0.004896100610494614,30.2104162001051,2.287941100075841,0.08842789963819087,0.042802499840036035,32.59168130042963,33.94404339790344,10240,301.67295863852434,314.19060298263946
24,31.720205307006836,8.079047203063965,12.614084243774414,0.3373909592628479,10.689684867858887,0.25,1.0,7.372323036193848,2.191997766494751,1.1253662109375,0.9405326843261719,0.02032509818673134,7.518661770177293e-05,0.4878023008350283,0.00467360089533031,30.348515899619088,2.2452000994235277,0.08915120013989508,0.0437799992505461,32.68754080007784,34.02769351005554,10240,300.93135748310334,313.2692074521438
25,31.18890380859375,7.882668972015381,12.495267868041992,0.32953330874443054,10.481429100036621,0.25,1.0,7.131742000579834,2.227703809738159,1.1219837665557861,0.9395090937614441,0.020812753587961197,7.464667848303419e-05,0.5145714995451272,0.004877499071881175,30.14110490051098,2.26037669996731,0.09043320035561919,0.043033599853515625,32.49679229990579,33.874226093292236,10240,302.2947290898469,315.1080237549995
26,31.192890167236328,8.035017967224121,12.264662742614746,0.3518049716949463,10.541404724121094,0.25,1.0,7.215390682220459,2.209258794784546,1.1167563199996948,0.9438204169273376,0.019211096689105034,7.408692519571414e-05,0.4870543002616614,0.004608399933204055,30.113011999055743,2.2319570996332914,0.08443059935234487,0.041714702965691686,32.43400809797458,33.7776665687561,10240,303.15889284879927,315.71799479939887
27,31.086095809936523,8.134821891784668,12.15943431854248,0.33047136664390564,10.461371421813965,0.25,1.0,7.080182075500488,2.291234016418457,1.0899568796157837,0.9448416829109192,0.019090760499238968,7.350774146675563e-05,0.5042051998898387,0.005122699774801731,30.41950960061513,2.302073299884796,0.0884029995650053,0.042710200883448124,32.81510859983973,34.174577713012695,10240,299.63793806004816,312.0513823333808
28,31.23933219909668,7.893742561340332,12.266680717468262,0.3343416154384613,10.744564056396484,0.25,1.0,7.318944454193115,2.340836524963379,1.0847843885421753,0.9384772181510925,0.02080366387963295,7.29095242397556e-05,0.4874753998592496,0.004738999996334314,29.964285099413246,2.216821900103241,0.08429970103316009,0.04133819998241961,32.27014570054598,33.61511731147766,10240,304.62484795504844,317.3211579217242
29,31.13262939453125,7.929375648498535,12.153843879699707,0.33308500051498413,10.716329574584961,0.25,1.0,7.257184028625488,2.401670455932617,1.057475209236145,0.9387615323066711,0.021031100302934647,7.229268350291981e-05,0.5011905003339052,0.00470769964158535,30.1366811003536,2.2567534004338086,0.0859954992774874,0.0426167999394238,32.48413769970648,33.832189321517944,10240,302.6703327616802,315.23077800807766
30,30.91044044494629,7.978915691375732,11.843517303466797,0.3205055892467499,10.767507553100586,0.25,1.0,7.327214241027832,2.3967158794403076,1.0435775518417358,0.9429941177368164,0.019739005714654922,7.165764200807742e-05,0.49365950003266335,0.004714000504463911,30.322587699629366,2.2562566003762186,0.08671930036507547,0.04199280007742345,32.670277600875124,34.02355599403381,10240,300.96795296163725,313.4347410542268
31,30.940704345703125,7.992295742034912,12.04621410369873,0.3130190074443817,10.58918285369873,0.25,1.0,7.144224643707275,2.3631365299224854,1.081821084022522,0.9402246475219727,0.020399918779730797,7.100483498094798e-05,0.4923031001817435,0.004703699378296733,30.231397999683395,2.2549449000507593,0.08824399951845407,0.0428761001676321,32.579290598630905,33.929266691207886,10240,301.8043417558888,314.3100973607547
32,30.580820083618164,7.696805477142334,12.052982330322266,0.31955012679100037,10.511482238769531,0.25,1.0,7.076580047607422,2.3911783695220947,1.0437259674072266,0.9401809573173523,0.02084500528872013,7.033470982285941e-05,0.49640509905293584,0.005227699875831604,30.24422790086828,2.28484629932791,0.08995809871703386,0.043305300176143646,32.62425999878906,33.98018145561218,10240,301.3521282508854,313.8768511647494
33,30.63807487487793,7.790988922119141,11.889876365661621,0.3122861385345459,10.644920349121094,0.25,1.0,7.1714067459106445,2.4151763916015625,1.0583375692367554,0.9403823018074036,0.020450923591852188,6.964772580412159e-05,0.49206880130805075,0.004572300473228097,30.111597399460152,2.249081699177623,0.08622509916312993,0.04136000294238329,32.45147649827413,33.803184270858765,10240,302.93004108573746,315.5480460355816
34,30.75387954711914,7.896144390106201,11.868712425231934,0.3082595765590668,10.680769920349121,0.25,1.0,7.217137336730957,2.4252612590789795,1.0383713245391846,0.9410010576248169,0.02042803168296814,6.894435374926534e-05,0.507089699851349,0.004779800307005644,30.03337320056744,2.2844372000545263,0.08919459977187216,0.04362399899400771,32.41178480070084,33.77320313453674,10240,303.19895803808123,315.9344683720898
35,30.49972915649414,7.838951110839844,11.716163635253906,0.31155073642730713,10.633058547973633,0.25,1.0,7.199550151824951,2.481910228729248,0.9515966773033142,0.9408974051475525,0.020523956045508385,6.822507571436284e-05,0.487206898862496,0.0046896005515009165,30.192351499572396,2.2298639009241015,0.08515069913119078,0.041837000055238605,32.51205570017919,33.8605899810791,10240,302.41646721814334,314.9600903256192
36,30.56876564025879,7.808920383453369,11.779356002807617,0.2985004186630249,10.681990623474121,0.25,1.0,7.259413242340088,2.4511940479278564,0.9713859558105469,0.9411119818687439,0.020611094310879707,6.749038465665048e-05,0.5028176999185234,0.0048610002268105745,30.277451399480924,2.281882799929008,0.08864749991334975,0.04433350102044642,32.65284269955009,34.013588190078735,10240,301.05615269919855,313.6020987275663
37,30.42783546447754,7.83888578414917,11.681841850280762,0.286040335893631,10.621072769165039,0.25,1.0,7.189534664154053,2.486976385116577,0.9445598721504211,0.9383761286735535,0.02120870165526867,6.674078409668056e-05,0.48968159942887723,0.004718000302091241,30.366000599460676,2.24502919963561,0.08565449970774353,0.04184470162726939,32.70140229910612,34.05274510383606,10240,300.70997121599044,313.13641862630175
38,30.28122901916504,7.725196361541748,11.495287895202637,0.2933686375617981,10.767374038696289,0.25,1.0,7.325885772705078,2.528991222381592,0.912497341632843,0.9368394017219543,0.021472305059432983,6.597678777323351e-05,0.5055327005684376,0.004727999679744244,30.144122299272567,2.264761100290343,0.08756600017659366,0.04207700095139444,32.50117739941925,33.86709380149841,10240,302.3583913051005,315.06550898623675
39,30.399160385131836,7.8353142738342285,11.549391746520996,0.3139023780822754,10.700553894042969,0.25,1.0,7.269704341888428,2.512620449066162,0.9182300567626953,0.9338312149047852,0.02230321802198887,6.519891929122696e-05,0.4885382999200374,0.004812499741092324,30.24112149933353,2.2326723013538867,0.08553749904967844,0.04245590092614293,32.56414379947819,33.91420102119446,10240,301.9384119826553,314.4562947226663
40,30.176328659057617,7.774069309234619,11.531046867370605,0.3078717887401581,10.563340187072754,0.25,1.0,7.153980255126953,2.4917213916778564,0.9176392555236816,0.9368794560432434,0.0212080217897892,6.440771176286307e-05,0.4884787001647055,0.004619799554347992,30.349399998784065,2.2536476999521255,0.08625039923936129,0.04421800235286355,32.6939178975299,34.04432272911072,10240,300.78436517827834,313.2081028677709
41,30.586837768554688,8.010706901550293,11.436500549316406,0.29842960834503174,10.84119701385498,0.25,1.0,7.376010417938232,2.5473265647888184,0.9178608059883118,0.9322372674942017,0.022563684731721878,6.360370744226008e-05,0.49853829969651997,0.004787800367921591,30.34406080073677,2.26930840103887,0.08634950057603419,0.04302139743231237,32.704506502719596,34.0713095664978,10240,300.54612312492253,313.1066967528917
42,30.195531845092773,7.738977909088135,11.451010704040527,0.28477558493614197,10.720767974853516,0.25,1.0,7.273200511932373,2.5401649475097656,0.9074031710624695,0.9352366328239441,0.021731285378336906,6.278745735381844e-05,0.4884287992026657,0.0046534002758562565,30.598938099341467,2.2381636993959546,0.08688239962793887,0.042401601327583194,32.92863759864122,34.284488677978516,10240,298.67734345349356,310.9755139223418
43,30.180496215820312,7.698000431060791,11.560173034667969,0.28099745512008667,10.641321182250977,0.25,1.0,7.174568176269531,2.5586001873016357,0.9081521034240723,0.9358553290367126,0.021534567698836327,6.195952091457613e-05,0.5059047993272543,0.004790600156411529,30.57003549998626,2.297514999518171,0.08826170046813786,0.04479749873280525,32.96060280012898,34.32271480560303,10240,298.34469848895424,310.67392978504415
44,30.177188873291016,7.81763219833374,11.329583168029785,0.2853332459926605,10.744650840759277,0.25,1.0,7.284728527069092,2.5912768840789795,0.8686450123786926,0.9331299066543579,0.02251741848886013,6.11204655508123e-05,0.48579490021802485,0.004664100473746657,30.178774398751557,2.227041298756376,0.08547060075215995,0.04154800157994032,32.49595039873384,33.84217095375061,10240,302.58106118529423,315.1161875357548
45,30.02680015563965,7.767444610595703,11.279051780700684,0.2957688868045807,10.684541702270508,0.25,1.0,7.218539714813232,2.588632345199585,0.8773689270019531,0.934320867061615,0.021789712831377983,6.027086630916149e-05,0.49088219925761223,0.004668500041589141,30.158759099664167,2.270977199776098,0.08818620024248958,0.04335139994509518,32.52259099972434,33.87914419174194,10240,302.2508461856603,314.85806281814365
46,30.251718521118164,7.960442543029785,11.359343528747559,0.29632946848869324,10.63559627532959,0.25,1.0,7.189371585845947,2.5832479000091553,0.8629787564277649,0.9346798062324524,0.021372826769948006,5.9411305462505514e-05,0.48973209992982447,0.004590599564835429,30.203626700444147,2.227371599758044,0.08713509980589151,0.04206710052676499,32.52272399957292,33.874348640441895,10240,302.29363547893206,314.8567752238241
47,30.106372833251953,7.785094738006592,11.259254455566406,0.2855633497238159,10.776457786560059,0.25,1.0,7.322029113769531,2.5871238708496094,0.8673060536384583,0.9384673237800598,0.020309220999479294,5.8542372110912656e-05,0.495719299884513,0.004903200315311551,30.383783998899162,2.302657400490716,0.0886504000518471,0.043609500396996737,32.77999499975704,34.13931465148926,10240,299.9474390313603,312.38564862733807
48,30.059982299804688,7.8887939453125,11.164631843566895,0.2803517282009125,10.72620964050293,0.25,1.0,7.27105188369751,2.6093695163726807,0.8457846641540527,0.9370101094245911,0.02085581049323082,5.7664661777897885e-05,0.4884135005995631,0.004611700773239136,30.30655930028297,2.240943800425157,0.08524100063368678,0.04240809730254114,32.63735580211505,33.99318861961365,10240,301.2368187811498,313.7509074597397
49,30.00337791442871,7.8769402503967285,11.144498825073242,0.28864166140556335,10.693296432495117,0.25,1.0,7.25653076171875,2.609461545944214,0.8273024559020996,0.9350269436836243,0.021581269800662994,5.6778776002280863e-05,0.5005556996911764,0.004836800741031766,30.564621299505234,2.3117644002195448,0.0870856000110507,0.04303060006350279,32.96830810047686,34.3397650718689,10240,298.1965653687188,310.6013195700475
50,30.10361099243164,7.941956996917725,11.197589874267578,0.2873745858669281,10.676687240600586,0.25,1.0,7.2136054039001465,2.639324426651001,0.8237568736076355,0.936393678188324,0.020775221288204193,5.588532192592121e-05,0.5666492003947496,0.004819000605493784,30.537402299698442,2.277001200011,0.09010720066726208,0.04281029896810651,32.9093297009822,34.34695243835449,10240,298.1341654220598,311.15796319893997
51,30.078882217407227,7.816182613372803,11.15759563446045,0.28924956917762756,10.815858840942383,0.25,1.0,7.339661598205566,2.648885488510132,0.8273113369941711,0.9369703531265259,0.020709509029984474,5.498491187761381e-05,0.4889287000987679,0.004559600725769997,30.608833899721503,2.2673987997695804,0.08787910058163106,0.04235169943422079,32.968671400798485,34.32590651512146,10240,298.31695764506645,310.59789687952036
52,29.782617568969727,7.951237678527832,10.976778030395508,0.27670878171920776,10.57789134979248,0.25,1.0,7.120903015136719,2.6484196186065674,0.8085698485374451,0.9355999827384949,0.02134157158434391,5.407816295342933e-05,0.5068251006305218,0.004897699691355228,30.600984000135213,2.303530201083049,0.08828729996457696,0.042857898864895105,32.997699200874195,34.373779296875,10240,297.90148797897655,310.32466650670955
53,29.778446197509766,7.922405242919922,11.003381729125977,0.27572575211524963,10.57692813873291,0.25,1.0,7.1013102531433105,2.686401128768921,0.7892172932624817,0.9344208836555481,0.02157326601445675,5.316569659378725e-05,0.49784410023130476,0.004878100007772446,30.602030199719593,2.305681300116703,0.09163679997436702,0.04393100063316524,33.004226399818435,34.364904165267944,10240,297.9784244633338,310.26329403849724
54,29.781482696533203,7.894011974334717,10.979687690734863,0.27400967478752136,10.633772850036621,0.25,1.0,7.162149906158447,2.686293125152588,0.7853294014930725,0.9343100786209106,0.02125457488000393,5.224813815755178e-05,0.5049488001968712,0.005572100169956684,30.6246185998898,2.319770800182596,0.08920860011130571,0.043309099273756146,33.03917010035366,34.41246938705444,10240,297.5665560301861,309.93514573449863
55,29.899250030517578,7.984147548675537,10.93973445892334,0.27964186668395996,10.695720672607422,0.25,1.0,7.226355075836182,2.686070203781128,0.7832944393157959,0.9320606589317322,0.02194303460419178,5.1326116493442045e-05,0.48535429942421615,0.004698899807408452,30.627993201836944,2.2477620001882315,0.08763149892911315,0.04283639905042946,32.9680856007617,34.32454466819763,10240,298.32879354951973,310.6034158005042
56,29.73127555847168,7.862234592437744,10.93161678314209,0.2738759219646454,10.663545608520508,0.25,1.0,7.153041839599609,2.7304718494415283,0.7800300717353821,0.93377685546875,0.021491840481758118,5.040026350905061e-05,0.5051609999500215,0.004743300145491958,30.639753800118342,2.3633521005976945,0.0900605998467654,0.04472419945523143,33.097909800708294,34.47461485862732,10240,297.0301493429861,309.3850959670228
57,30.117218017578125,8.10290813446045,10.883052825927734,0.26871415972709656,10.862549781799316,0.25,1.0,7.314174652099609,2.7670764923095703,0.7812985181808472,0.928074836730957,0.023321419954299927,4.94712137377656e-05,0.4932820007670671,0.004713400267064571,30.60444740089588,2.2791563007049263,0.08679669979028404,0.04313849797472358,32.97511380165815,34.33669686317444,10240,298.2232111843652,310.5372148703572
58,29.71500587463379,8.12288761138916,10.672507286071777,0.28745684027671814,10.632156372070312,0.25,1.0,7.13455057144165,2.756330728530884,0.7412734031677246,0.9331329464912415,0.02171967551112175,4.853960390389317e-05,0.49721659906208515,0.004870099946856499,30.525726299500093,2.2902572988532484,0.08880399889312685,0.04329180298373103,32.909657697193325,34.276325702667236,10240,298.7484740583839,311.15486202317175
59,29.755924224853516,8.087484359741211,10.740677833557129,0.2699572741985321,10.657803535461426,0.25,1.0,7.126100063323975,2.7835919857025146,0.7481114268302917,0.9344262480735779,0.021657541394233704,4.76060724862785e-05,0.49019999941810966,0.004594400525093079,30.286348800640553,2.238345500547439,0.08755330089479685,0.04295529774390161,32.61684200260788,33.97373008728027,10240,301.40935286448996,313.94823567472474
60,29.668256759643555,8.06712818145752,10.600473403930664,0.27616962790489197,10.724478721618652,0.25,1.0,7.195712566375732,2.7709922790527344,0.7577747702598572,0.9356716275215149,0.021042166277766228,4.6671259280724306e-05,0.4926672999281436,0.00466179964132607,30.368742801249027,2.2650828997138888,0.08655490027740598,0.04292469844222069,32.72504240088165,34.07916831970215,10240,300.4768163335712,312.91021336382204
61,29.653921127319336,8.193316459655762,10.45026969909668,0.26828131079673767,10.742056846618652,0.25,1.0,7.1841888427734375,2.7821154594421387,0.7757523655891418,0.9338496327400208,0.021491527557373047,4.573580496150672e-05,0.5030380000825971,0.004767799284309149,30.342443900881335,2.27422760007903,0.08724580076523125,0.042942398926243186,32.708685101009905,34.07685160636902,10240,300.4972442373792,313.0666967619506
62,29.76838493347168,8.229649543762207,10.592324256896973,0.2835235297679901,10.662882804870605,0.25,1.0,7.130928993225098,2.7713406085968018,0.7606131434440613,0.9342411160469055,0.021431496366858482,4.480035064228912e-05,0.49024290032684803,0.004704499850049615,30.58165539894253,2.2448828995693475,0.08580770087428391,0.043111300794407725,32.91705049923621,34.2729754447937,10240,298.77767737132746,311.08498011501985
63,29.726749420166016,8.20600414276123,10.57444953918457,0.2781204283237457,10.668179512023926,0.25,1.0,7.105813503265381,2.7958123683929443,0.7665533423423767,0.9345003366470337,0.02138383686542511,4.386553743673493e-05,0.5105012012645602,0.00511539913713932,30.11709890048951,2.289913199376315,0.09073940035887063,0.04443020140752196,32.502866899361834,33.872103691101074,10240,302.3136706649332,315.04913187215044
64,29.410322189331055,8.212535858154297,10.442702293395996,0.25590085983276367,10.499186515808105,0.25,1.0,6.934520721435547,2.8031795024871826,0.7614850401878357,0.9349773526191711,0.02108953706920147,4.293200601912026e-05,0.49630800005979836,0.004799900110810995,30.573332600062713,2.25231959996745,0.0865676999092102,0.04282940016128123,32.917019800050184,34.28762602806091,10240,298.65001419519706,311.085270240181
65,29.396991729736328,8.392828941345215,10.064993858337402,0.27044302225112915,10.668726921081543,0.25,1.0,7.073939800262451,2.8491883277893066,0.7455982565879822,0.9317739605903625,0.022066755220294,4.2000396185247834e-05,0.5039771005976945,0.004817599663510919,30.615625999867916,2.3208149997517467,0.09185709897428751,0.043814302422106266,33.03311569825746,34.40892505645752,10240,297.5972072129077,309.9919515173125
66,29.309045791625977,8.206382751464844,10.380955696105957,0.2832101285457611,10.438502311706543,0.25,1.0,6.863003730773926,2.826730489730835,0.7487680315971375,0.9315701723098755,0.022299211472272873,4.107134641396282e-05,0.4830905997660011,0.004670300288125873,30.650408399756998,2.2591697997413576,0.08711100043728948,0.042069199262186885,33.00135950022377,34.352890491485596,10240,298.0826315776251,310.29024728301164
67,29.475183486938477,8.342310905456543,10.22724723815918,0.2669074535369873,10.63872241973877,0.25,1.0,7.023875713348389,2.860502243041992,0.7543444037437439,0.9305399060249329,0.022184161469340324,4.014549342957138e-05,0.49958520056679845,0.004909199895337224,30.63977780030109,2.3005679002963006,0.0895512995775789,0.044250600039958954,33.03480620007031,34.40601563453674,10240,297.6223724586433,309.97608818962004
68,29.384815216064453,8.412492752075195,10.224406242370605,0.2804625630378723,10.467458724975586,0.25,1.0,6.8462700843811035,2.8835270404815674,0.7376615405082703,0.9306301474571228,0.022180235013365746,3.922347176546165e-05,0.4940304004121572,0.0048448999878019094,30.647962199291214,2.2588071981444955,0.0881907008588314,0.04363730130717158,32.99980499828234,34.36661672592163,10240,297.96357557292794,310.3048639388323
69,29.22149658203125,8.21327018737793,10.197800636291504,0.2541449964046478,10.556280136108398,0.25,1.0,6.920330047607422,2.890547752380371,0.7454003691673279,0.9319082498550415,0.021896248683333397,3.830591332922617e-05,0.49728639936074615,0.004835200496017933,30.616244301432744,2.2990440994035453,0.09049859922379255,0.04296909971162677,33.0106222005561,34.36827325820923,10240,297.9492138888318,310.2031805940179
70,29.19247817993164,8.35340404510498,10.158012390136719,0.2770766615867615,10.403983116149902,0.25,1.0,6.7728424072265625,2.8802297115325928,0.7509121298789978,0.9323921203613281,0.021869495511054993,3.7393446969584106e-05,0.500701600452885,0.004732300527393818,30.64354870026,2.283048399956897,0.08991890051402152,0.043426198652014136,33.02124830125831,34.393181562423706,10240,297.7334324658036,310.10335849749794
71,29.25198745727539,8.325101852416992,10.167123794555664,0.26798713207244873,10.491779327392578,0.25,1.0,6.888975620269775,2.8931002616882324,0.7097050547599792,0.9299246072769165,0.0224961768835783,3.648669804539962e-05,0.4936503991484642,0.004719699965789914,30.657123500481248,2.246085599763319,0.08593970141373575,0.04330339701846242,32.99386850162409,34.359461307525635,10240,298.0256270128766,310.3606962456053
72,29.102575302124023,8.259462356567383,10.114645957946777,0.26507052779197693,10.463394165039062,0.25,1.0,6.813251495361328,2.916940450668335,0.7332010865211487,0.932287335395813,0.02173345349729061,3.558628799709223e-05,0.5088276993483305,0.0051130002830177546,30.62548829964362,2.3159435999114066,0.09008090058341622,0.044790499145165086,33.03662580042146,34.42236280441284,10240,297.4810316823243,309.9590152414828
73,29.34206199645996,8.378033638000488,10.093413352966309,0.2768588960170746,10.593756675720215,0.25,1.0,6.959669589996338,2.901984691619873,0.7321034073829651,0.9308052062988281,0.022343497723340988,3.469283392073258e-05,0.4933971003629267,0.004788899794220924,30.63435080018826,2.2537600994110107,0.08991810004226863,0.0424240012653172,32.98281789943576,34.34962749481201,10240,298.1109475363771,310.46467985912074
74,29.25531578063965,8.479719161987305,10.062532424926758,0.27771031856536865,10.435356140136719,0.25,1.0,6.782520294189453,2.9145400524139404,0.7382959723472595,0.931567370891571,0.021971123293042183,3.3806948145115556e-05,0.5017792002763599,0.004894300363957882,30.627570600248873,2.3272042002063245,0.09035709942691028,0.04561820044182241,33.050026200246066,34.42149806022644,10240,297.48850506399594,309.8333398574964
75,29.32232093811035,8.338887214660645,10.169894218444824,0.27171725034713745,10.541824340820312,0.25,1.0,6.903707027435303,2.932433605194092,0.7056836485862732,0.9292516112327576,0.02254512906074524,3.292923781210079e-05,0.4839379000477493,0.00454040034674108,30.6574568990618,2.26400989969261,0.08635830017738044,0.0426200011279434,33.01236549927853,34.36727857589722,10240,297.9578373476919,310.18679955617813
76,29.144412994384766,8.240523338317871,10.128454208374023,0.2571948766708374,10.51823616027832,0.25,1.0,6.87173318862915,2.909841299057007,0.7366637587547302,0.9298480153083801,0.02240237407386303,3.206030446050793e-05,0.5719278005417436,0.004680000711232424,30.566297200042754,2.3008503997698426,0.09024439984932542,0.0426577003672719,32.962072000373155,34.40318274497986,10240,297.6468798223103,310.66008228742646
77,29.191272735595703,8.390538215637207,10.112067222595215,0.2764506936073303,10.412217140197754,0.25,1.0,6.7713799476623535,2.907809019088745,0.7330283522605896,0.9287304282188416,0.022622309625148773,3.120074361385196e-05,0.48448029928840697,0.004781200084835291,30.643727599876,2.2625904995948076,0.0870353002101183,0.043201299384236336,32.99813459976576,34.354063749313354,10240,298.07245147831077,310.3205718808326
78,29.08768653869629,8.338427543640137,10.088373184204102,0.26309627294540405,10.397789001464844,0.25,1.0,6.7563934326171875,2.94360613822937,0.6977906227111816,0.9262974858283997,0.023668814450502396,3.035114437220116e-05,0.49571689986623824,0.005140500376001,30.62925590062514,2.2930488989222795,0.08843090105801821,0.04262059833854437,33.01587620098144,34.3797345161438,10240,297.8498858154815,310.15381623267666
79,29.12388038635254,8.255017280578613,10.195256233215332,0.25754857063293457,10.416059494018555,0.25,1.0,6.777310848236084,2.9284098148345947,0.7103368043899536,0.9274137616157532,0.023182114586234093,2.9512089008437317e-05,0.5011813992168754,0.004808600526303053,30.667068099835888,2.259566599968821,0.08868140005506575,0.04263909999281168,33.02012470038608,34.39173936843872,10240,297.745917712939,310.11391062009744
80,29.20572280883789,8.362504959106445,10.179313659667969,0.272164911031723,10.39173412322998,0.25,1.0,6.7546706199646,2.932145833969116,0.7049174904823303,0.9306937456130981,0.022039324045181274,2.8684152569195015e-05,0.5093889993149787,0.0050401994958519936,30.619378000264987,2.3330202004872262,0.08946439949795604,0.04257500125095248,33.04690279974602,34.41386818885803,10240,297.5544610040478,309.8626234976156
81,29.298612594604492,8.216496467590332,10.309490203857422,0.26097896695137024,10.511648178100586,0.25,1.0,6.878176212310791,2.9092705249786377,0.7242000699043274,0.9305881857872009,0.02202782593667507,2.7867902480753373e-05,0.49938409961760044,0.005180500214919448,30.625144799239933,2.3064143003430218,0.08856009924784303,0.043080300791189075,33.02529969904572,34.39329433441162,10240,297.7324562292523,310.065316388208
82,29.072528839111328,8.154017448425293,10.253792762756348,0.26490503549575806,10.39981746673584,0.25,1.0,6.729881286621094,2.9524333477020264,0.7175020575523376,0.9299174547195435,0.02238851971924305,2.706389816015038e-05,0.4955250006169081,0.004605899564921856,30.652881500078365,2.252026899950579,0.08930949913337827,0.04236700036562979,32.998823798727244,34.363680362701416,10240,297.98903644542594,310.31409066146637
83,29.05866050720215,8.064841270446777,10.296427726745605,0.26462867856025696,10.432767868041992,0.25,1.0,6.783553600311279,2.9357917308807373,0.7134224772453308,0.9281226992607117,0.02302967570722103,2.6272690631786503e-05,0.5039275002200156,0.004852998536080122,30.644752199295908,2.324878300074488,0.08848410006612539,0.04271760117262602,33.0629675979726,34.43087291717529,10240,297.40750473078884,309.71206591352404
84,29.03944969177246,8.270827293395996,10.139466285705566,0.2667789161205292,10.362375259399414,0.25,1.0,6.712744235992432,2.9482038021087646,0.7014293670654297,0.9279885292053223,0.023132387548685074,2.5494822149779927e-05,0.49743980006314814,0.00477900099940598,30.650584299350157,2.256447499152273,0.0878813995514065,0.04279860062524676,32.99969219905324,34.36429786682129,10240,297.9836817759258,310.3059246199207
85,29.137664794921875,8.228069305419922,10.149365425109863,0.26463374495506287,10.495599746704102,0.25,1.0,6.813499450683594,2.953836441040039,0.728261411190033,0.9299106001853943,0.022427953779697418,2.473082582633289e-05,0.5041494008619338,0.004837799351662397,30.638862999388948,2.3140286994166672,0.08858639933168888,0.044191603315994143,33.04631589748897,34.42657923698425,10240,297.4445973708371,309.86812665487133
86,28.93790054321289,8.171552658081055,10.045424461364746,0.2646016776561737,10.456328392028809,0.25,1.0,6.789006233215332,2.977895975112915,0.689423680305481,0.9283391237258911,0.02282586880028248,2.3981225266362966e-05,0.504226500634104,0.004716500174254179,30.623747499892488,2.2681822003796697,0.08896679989993572,0.04261939972639084,32.98561300034635,34.36078977584839,10240,298.0141046466144,310.4383720227507
87,28.93439292907715,8.23984432220459,10.05171012878418,0.27483484148979187,10.368005752563477,0.25,1.0,6.700131893157959,2.977139711380005,0.6907316446304321,0.9272872805595398,0.023207861930131912,2.3246534208650603e-05,0.5005741000641137,0.004683800274506211,30.671016999753192,2.2792287992779166,0.08912090118974447,0.04465780011378229,33.04405050049536,34.42419147491455,10240,297.46522899345507,309.8893702467406
88,29.041955947875977,8.374287605285645,10.105090141296387,0.2684987485408783,10.294079780578613,0.25,1.0,6.625746250152588,2.9656448364257812,0.7026872038841248,0.9277827143669128,0.0231222715228796,2.2527256173748097e-05,0.49126280029304326,0.005040100309997797,30.63931000069715,2.2479941002093256,0.0859616999514401,0.04129329835996032,32.978305901167914,34.34229826927185,10240,298.17456943941204,310.5071567559616
89,28.87908935546875,8.195786476135254,10.068684577941895,0.27534255385398865,10.339278221130371,0.25,1.0,6.654844760894775,2.978527069091797,0.7059056162834167,0.9270753860473633,0.023251067847013474,2.182388411889185e-05,0.5064028000924736,0.004806699696928263,30.631090799346566,2.29552109958604,0.0880888991523534,0.04337310162372887,33.01950749778189,34.39964747428894,10240,297.677469155857,310.11970728781705
90,28.988834381103516,8.22684383392334,10.136632919311523,0.25179043412208557,10.373568534851074,0.25,1.0,6.681308746337891,2.971376419067383,0.7208818197250366,0.9262480139732361,0.02344234101474285,2.1136900100154013e-05,0.49192080018110573,0.004682401195168495,30.65773620014079,2.2944845992606133,0.08834100002422929,0.04360199999064207,33.0452442006208,34.40932488441467,10240,297.593749205992,309.8781760495396
91,29.058059692382812,8.24134349822998,10.152023315429688,0.26802515983581543,10.3966646194458,0.25,1.0,6.742804050445557,2.9665706157684326,0.6872915625572205,0.9251808524131775,0.023815883323550224,2.0466774942065457e-05,0.48937770002521574,0.0048429996240884066,30.65195189998485,2.2554611989762634,0.08624619944021106,0.043624901212751865,32.998502298025414,34.360427141189575,10240,298.01724984160035,310.3171140168003
92,28.930517196655273,8.194791793823242,10.00395679473877,0.25894245505332947,10.472831726074219,0.25,1.0,6.797954559326172,2.9674835205078125,0.7073931097984314,0.9256100654602051,0.023677198216319084,1.9813967914936e-05,0.5143735008314252,0.0049434995744377375,30.649225699482486,2.282400099094957,0.09119780082255602,0.04506840114481747,33.02776709897444,34.41794037818909,10240,297.519255582451,310.0421523899497
93,28.787946701049805,8.198975563049316,10.040349960327148,0.26865968108177185,10.279959678649902,0.25,1.0,6.61474084854126,2.961664915084839,0.7035526633262634,0.9269155859947205,0.023249847814440727,1.917892642009362e-05,0.48821029998362064,0.004731800174340606,30.65574790001847,2.253733799792826,0.08597369957715273,0.04115779907442629,33.00018719956279,34.3615243434906,10240,298.00773381405156,310.30127005266405
94,28.90232276916504,8.344317436218262,9.920369148254395,0.263933390378952,10.373698234558105,0.25,1.0,6.699389934539795,2.9719274044036865,0.7023823261260986,0.9257645606994629,0.023484816774725914,1.856208568325783e-05,0.5010960013605654,0.0048096999526023865,30.656220599310473,2.3062799000181258,0.09035250078886747,0.04414870054461062,33.05766270007007,34.429081439971924,10240,297.42297998434054,309.76176667137133
95,28.84360122680664,8.306612968444824,10.028250694274902,0.2618746757507324,10.24686336517334,0.25,1.0,6.58363676071167,2.9773776531219482,0.6858506798744202,0.9243213534355164,0.02405146323144436,1.7963868456257792e-05,0.4954752002377063,0.0046987999230623245,30.630465799942613,2.256270400248468,0.08833719976246357,0.042535699903964996,32.97977219987661,34.349297523498535,10240,298.1138112939504,310.4933514379554
96,28.78584098815918,8.17449951171875,9.9202299118042,0.25532031059265137,10.43579387664795,0.25,1.0,6.750287055969238,3.0077006816864014,0.6778064370155334,0.9248180389404297,0.02399790659546852,1.738468472729927e-05,0.4990956983529031,0.00480860099196434,30.652095100376755,2.303182600531727,0.08909750008024275,0.04308619908988476,33.04918380198069,34.42026352882385,10240,297.49917490971353,309.8412372709277
97,28.813785552978516,8.285677909851074,9.869154930114746,0.2623184621334076,10.396632194519043,0.25,1.0,6.703517436981201,3.0046944618225098,0.6884201765060425,0.92341148853302,0.024174889549613,1.6824931439979227e-05,0.49295990029349923,0.004808300640434027,30.668321599485353,2.2408003001473844,0.08886840101331472,0.04369429801590741,33.002798601286486,34.36912417411804,10240,297.94183721770014,310.2767169448725
98,28.869943618774414,8.392695426940918,9.792462348937988,0.2580108344554901,10.426780700683594,0.25,1.0,6.707388401031494,3.0182554721832275,0.7011362314224243,0.9219768643379211,0.024607254192233086,1.628499222124048e-05,0.49487299914471805,0.004751200322061777,30.658162200590596,2.2966297005768865,0.09004860045388341,0.043923597782850266,33.04959170194343,34.41160869598389,10240,297.5739986603733,309.8374131925464
99,28.930084228515625,8.550909996032715,9.745055198669434,0.2597070038318634,10.374412536621094,0.25,1.0,6.664666652679443,3.0129175186157227,0.696828305721283,0.921502411365509,0.02461579069495201,1.5765237118452984e-05,0.49214049871079624,0.004674600437283516,30.661649499321356,2.256274498999119,0.0867923996411264,0.04361990047618747,33.009390998398885,34.37467288970947,10240,297.8937438286281,310.2147507203841
100,29.024389266967773,8.47773551940918,9.925895690917969,0.25513479113578796,10.365621566772461,0.25,1.0,6.662773132324219,2.9936277866363525,0.7092176675796509,0.9213542938232422,0.024582600221037865,1.526602234580185e-05,0.49898149934597313,0.004986899206414819,30.646851300261915,2.284574600402266,0.08862320054322481,0.04336240026168525,33.02503600041382,34.39579224586487,10240,297.71083412771435,310.0677922007924
101,28.937515258789062,8.359728813171387,10.039412498474121,0.26910579204559326,10.269267082214355,0.25,1.0,6.586374759674072,2.9772250652313232,0.7056663036346436,0.9215675592422485,0.024593008682131767,1.4787690040155918e-05,0.4906237998511642,0.004791699815541506,30.649737699655816,2.2874483002815396,0.08563669980503619,0.043227601097896695,33.02761439955793,34.385621070861816,10240,297.79889619842635,310.0435858345573
102,28.905288696289062,8.313047409057617,9.9025297164917,0.27055442333221436,10.41915512084961,0.25,1.0,6.713459014892578,3.009645462036133,0.6960504055023193,0.9215334057807922,0.024628007784485817,1.4330568026584255e-05,0.5556547997985035,0.004736900329589844,30.60105209914036,2.2566662004683167,0.0869346996769309,0.04349220055155456,32.9493898996152,34.37744164466858,10240,297.86975150281637,310.7796542272119
103,28.89400291442871,8.288161277770996,9.943304061889648,0.26738348603248596,10.39515209197998,0.25,1.0,6.689877510070801,3.030735731124878,0.6745392084121704,0.9208754897117615,0.024891048669815063,1.3894969593681192e-05,0.5078050007577986,0.0048873997293412685,30.65777840022929,2.302214699331671,0.08947420073673129,0.04334919969551265,33.054354700027034,34.432183027267456,10240,297.39618867298543,309.79276688138236
104,28.841489791870117,8.441939353942871,9.86202335357666,0.25577616691589355,10.281756401062012,0.25,1.0,6.5895891189575195,2.9912803173065186,0.7008854150772095,0.9205231070518494,0.024974770843982697,1.3481193278854027e-05,0.4963027003686875,0.004748000064864755,30.633947400841862,2.2612282999325544,0.08873519976623356,0.04220299934968352,32.988658900605515,34.354822397232056,10240,298.065869227868,310.4097087078627
105,28.792036056518555,8.327217102050781,9.99832820892334,0.25982436537742615,10.20666790008545,0.25,1.0,6.526620388031006,2.9980387687683105,0.682007372379303,0.919592022895813,0.025297144427895546,1.3089522663720334e-05,0.5059638011734933,0.0049902000464499,30.649891499895602,2.30977850058116,0.08966059982776642,0.04372789990156889,33.05432080035098,34.4357123374939,10240,297.36570858883033,309.7930845970149
106,28.851947784423828,8.57619857788086,9.736861228942871,0.26433733105659485,10.27454662322998,0.25,1.0,6.556941509246826,3.034203052520752,0.6834021210670471,0.9199051856994629,0.025405099615454674,1.2720226179755372e-05,0.49581970064900815,0.004832100588828325,30.652318899752572,2.2635542002972215,0.08768469979986548,0.042596999322995543,33.00838990043849,34.38142967224121,10240,297.8352005026581,310.2241590967141
107,28.832107543945312,8.365890502929688,9.87222957611084,0.27008455991744995,10.323902130126953,0.25,1.0,6.6206889152526855,3.021676540374756,0.6815366148948669,0.9202341437339783,0.025238795205950737,1.237355692432246e-05,0.5032013999298215,0.005248499568551779,30.665681700455025,2.310145699651912,0.08816160028800368,0.04452800005674362,33.06923749996349,34.44856548309326,10240,297.25475811251437,309.65334474407837
108,28.894880294799805,8.49089527130127,9.793045997619629,0.2756412923336029,10.335298538208008,0.25,1.0,6.615474224090576,3.0512535572052,0.6685702800750732,0.9175785183906555,0.02599441446363926,1.2049752487212763e-05,0.4977398009505123,0.0047418002504855394,30.675956499762833,2.28333709994331,0.09003249928355217,0.043377900728955865,33.05406789924018,34.42921566963196,10240,297.4218204172487,309.7954548654929
109,28.6478214263916,8.343118667602539,9.753931999206543,0.2685767114162445,10.282193183898926,0.25,1.0,6.560072422027588,3.0247209072113037,0.6973984241485596,0.9184679985046387,0.02566259168088436,1.1749034787813078e-05,0.4959662992041558,0.004862599540501833,30.669331399723887,2.2917804000899196,0.08789930026978254,0.04257160029374063,33.05387369962409,34.41972208023071,10240,297.50385479961324,309.797274989783
110,28.922653198242188,8.617530822753906,9.707112312316895,0.27674078941345215,10.321270942687988,0.25,1.0,6.5890631675720215,3.0305392742156982,0.7016662955284119,0.9197767376899719,0.025317538529634476,1.1471609923013395e-05,0.49605979956686497,0.005026699975132942,30.656628599623218,2.280655500711873,0.08727619983255863,0.04265439976006746,33.02958700014278,34.398608446121216,10240,297.686460661308,310.02506934027764
111,28.7429141998291,8.367280006408691,9.882835388183594,0.27191439270973206,10.22088623046875,0.25,1.0,6.525016784667969,3.042837142944336,0.6530318260192871,0.9182111620903015,0.025738883763551712,1.1217668025958357e-05,0.4928388998378068,0.004624400287866592,30.673780400771648,2.259682799456641,0.0868140000384301,0.042585398303344846,33.024901600554585,34.388198137283325,10240,297.7765790205186,310.06905406882544
112,28.640060424804688,8.519532203674316,9.598164558410645,0.26413390040397644,10.258230209350586,0.25,1.0,6.53713846206665,3.058104991912842,0.6629864573478699,0.9181001782417297,0.025733157992362976,1.0987383135739538e-05,0.505230700597167,0.004916500532999635,30.675152698997408,2.2812578005250543,0.08933980041183531,0.04313599970191717,33.0506668004673,34.426544189453125,10240,297.44490018074816,309.8273345533597
113,28.906518936157227,8.573472023010254,9.699211120605469,0.26251423358917236,10.371317863464355,0.25,1.0,6.6542277336120605,3.0520341396331787,0.6650573015213013,0.9182942509651184,0.025710860267281532,1.0780913078117694e-05,0.49637990072369576,0.004794799955561757,30.630417000036687,2.2620512002613395,0.0871304995380342,0.042429700726643205,32.98439349979162,34.35181164741516,10240,298.0919930832969,310.44984956490686
114,28.7413330078125,8.470207214355469,9.81620979309082,0.2710902988910675,10.183825492858887,0.25,1.0,6.458642482757568,3.0184171199798584,0.7067639827728271,0.9180758595466614,0.025717472657561302,1.0598399357356925e-05,0.5048688994720578,0.004706200212240219,30.656220899662003,2.32983069983311,0.08831119956448674,0.04415050079114735,33.07906899927184,34.4457106590271,10240,297.27939427246014,309.56131202560175
115,28.58440589904785,8.430970191955566,9.622382164001465,0.25892046093940735,10.272133827209473,0.25,1.0,6.539795875549316,3.0493884086608887,0.6829500794410706,0.9184568524360657,0.02564910054206848,1.0439967059244662e-05,0.4868895991239697,0.004932199837639928,30.666235099779442,2.2474490995518863,0.0861416005063802,0.04251780058257282,33.00475799967535,34.36458659172058,10240,297.9811781721568,310.2582967007583
116,28.864233016967773,8.664229393005371,9.700968742370605,0.2685817778110504,10.230452537536621,0.25,1.0,6.518411159515381,3.025404930114746,0.6866355538368225,0.919409453868866,0.02521885372698307,1.0305724765364166e-05,0.49091109982691705,0.004714700626209378,30.67842479981482,2.3109619985334575,0.0887683006003499,0.042180699994787574,33.08286979957484,34.43887948989868,10240,297.3383615167709,309.5257473742982
117,28.785736083984375,8.427447319030762,9.742525100708008,0.27127647399902344,10.344481468200684,0.25,1.0,6.639222145080566,3.022472858428955,0.6827864050865173,0.9200929999351501,0.025141200050711632,1.019576447867811e-05,0.4880218009930104,0.004868899006396532,30.66697940067388,2.247308799996972,0.08833110006526113,0.0412812998984009,33.00748819974251,34.36657691001892,10240,297.96392078300715,310.23263382034264
118,28.869077682495117,8.568169593811035,9.754192352294922,0.26929745078086853,10.27741527557373,0.25,1.0,6.580468654632568,3.01377010345459,0.6831778287887573,0.9197129607200623,0.02509436570107937,1.0110161560474356e-05,0.4895421003457159,0.004808299941942096,30.6611587991938,2.309954500058666,0.0875681999605149,0.042323901783674955,33.06348979915492,34.42547631263733,10240,297.454126908942,309.70717435464803
119,28.884885787963867,8.620392799377441,9.696223258972168,0.2694668769836426,10.298803329467773,0.25,1.0,6.593686580657959,3.0094401836395264,0.6956751942634583,0.9199482202529907,0.024985525757074356,1.0048974678717074e-05,0.4898518994450569,0.004656300647184253,30.637312500039116,2.2655494001228362,0.08759499969892204,0.04332489822991192,32.99511320050806,34.358315229415894,10240,298.0355681477949,310.3489882811593
120,28.76358985900879,8.464128494262695,9.734004974365234,0.26562878489494324,10.299821853637695,0.25,1.0,6.567680358886719,3.0350658893585205,0.6970736384391785,0.9184626936912537,0.02562614716589451,1.0012245767838667e-05,0.5046256985515356,0.004719400312751532,30.66481449920684,2.2801253001671284,0.08769149985164404,0.044239600421860814,33.037350699538365,34.41331171989441,10240,297.55927250908064,309.95221418111726
