epoch,loss,flow,kinetic_energy,kinetic_low_band,kinetic_high_band,curvature,loss_fm,loss_swd_ss,loss_edge_ss,single_step_swd,single_step_edge,ot_cost,terminal_swd,terminal_swd_aux,aux_target_ratio,content_lowpass_anchor,content_edge_anchor,semantic_attn_mean,semantic_k_abs,semantic_topology_attn_entropy,semantic_topology_attn_active,style_gate_value,cross_attn_entropy,cross_attn_delta_abs,plan_entropy,ot_plan_entropy,matched_target_style_latent_active,matched_target_style_code_active,matched_target_style_code_abs,style_code_override_active,style_code_content_router_active,style_code_content_router_bypassed,style_code_content_delta_abs,style_code_adapted_abs,style_spatial_source_override_palette,style_spatial_source_target_latent,style_spatial_source_structured_map,style_spatial_source_code_map,style_spatial_source_legacy_zero,style_spatial_code_map_primary,style_spatial_code_map_residual,style_spatial_code_map_abs,style_spatial_map_abs,style_tokenizer_identity_norm,style_tokenizer_texture_norm,style_tokenizer_geometry_norm,style_tokenizer_identity_texture_cos,style_tokenizer_identity_geometry_cos,style_tokenizer_texture_geometry_cos,style_tokenizer_style_code_norm,style_tokenizer_style_code_abs_mean,style_tokenizer_style_code_abs_max,style_tokenizer_identity_code_norm,style_tokenizer_texture_code_norm,style_tokenizer_geometry_code_norm,style_tokenizer_identity_texture_code_cos,style_tokenizer_identity_geometry_code_cos,style_tokenizer_texture_geometry_code_cos,style_tokenizer_carrier_norm,style_tokenizer_residual_code_norm,style_tokenizer_carrier_residual_cos,style_tokenizer_atom_entropy,style_tokenizer_atom_effective_count,style_tokenizer_atom_max_prob,style_tokenizer_atom_table_norm,style_tokenizer_prototype_entropy,style_tokenizer_prototype_effective_count,style_tokenizer_prototype_max_prob,style_tokenizer_prototype_table_norm,style_tokenizer_prototype_norm,style_tokenizer_atom_residual_norm,style_tokenizer_prototype_residual_cos,structured_style_tokenizer_attn_entropy,structured_style_tokenizer_attn_effective_count,structured_style_tokenizer_attn_max,structured_style_tokenizer_attn_top1_mean,structured_style_tokenizer_gate_mean,structured_style_tokenizer_mask_mean,structured_style_tokenizer_spatial_map_abs,structured_style_tokenizer_spatial_svd_entropy,structured_style_tokenizer_spatial_top1_singular_ratio,structured_style_tokenizer_global_gate_abs,structured_style_tokenizer_style_value_offdiag_cosine,structured_style_tokenizer_translation_delta_from_identity,structured_style_tokenizer_translation_delta_offdiag_cosine,structured_style_tokenizer_routing_entropy,structured_style_tokenizer_effective_experts,structured_style_tokenizer_spatial_abs,solver_noise_scale,transport_stats_active,transport_stats_bank_loaded,transport_stats_mode_terminal_affine,transport_stats_mode_normalized_solver,transport_stats_source_mean_abs,transport_stats_source_std_mean,transport_stats_target_mean_abs,transport_stats_target_std_mean,transport_stats_mean_delta,transport_stats_std_delta,transport_stats_valid_styles,transport_stats_missing_bank,fiberwise_active_clusters,fiberwise_loss_mean,fiberwise_mask_entropy,output_appearance_active,output_appearance_scale_mean,output_appearance_scale_std,output_appearance_shift_abs,output_appearance_blend,style_delta_basis_active,style_delta_basis_rank,style_delta_basis_abs,style_delta_weight_abs,style_delta_side_abs,style_delta_side_rms,style_delta_scale,style_head_adapter_active,style_head_adapter_abs,style_head_adapter_rms,style_head_adapter_rel_rms,style_head_adapter_gamma_abs,style_head_adapter_beta_abs,style_head_adapter_scale,generated_delta_diversity,generated_delta_mean_offdiag_cos,generated_delta_active_styles,barycentric_entropy,ot_barycentric_entropy,ot_target_gini,ot_target_mass_entropy,ot_target_max_mass,ot_cost_mean,ot_cost_var,ot_appearance_cost_mean,ot_appearance_cost_var,ot_appearance_transport_cost_mean,ot_appearance_transport_cost_var,ot_structure_cost_mean,ot_structure_cost_var,ot_structure_transport_cost_mean,ot_structure_transport_cost_var,ot_structure_cost_active,ot_total_cost_matrix_mean,ot_total_cost_matrix_var,ot_topogate_probe_active,ot_topogate_descriptor_blocks,ot_topogate_complexity_cost_mean,ot_topogate_complexity_cost_var,ot_topogate_complexity_term_mean,ot_topogate_complexity_term_var,ot_topogate_content_complexity_mean,ot_topogate_target_complexity_mean,ot_latent_affinity_cost_mean,ot_latent_affinity_cost_var,ot_latent_affinity_term_mean,ot_latent_affinity_term_var,ot_topogate_structure_blend_weight,ot_cost_composition_appearance_only,ot_cost_composition_appearance_plus_structure,ot_cost_composition_structure_only,ot_raw_total_mass,ot_source_mass_mean,ot_source_mass_min,ot_source_mass_max,ot_source_mass_entropy,ot_source_marginal_l1,ot_source_truncation,ot_target_marginal_l1,ot_target_truncation,ot_real_target_mass,ot_dummy_mass,ot_dummy_active,base_structural_drift,endpoint_low_to_source,endpoint_low_to_target,endpoint_high_to_target,endpoint_low_target_ratio,fiber_energy_ratio,low_freq_leak,target_base_shift,training_target_projection_active,training_target_projection_mode_source_low_target_high,training_target_projection_mode_wavelet_source_low_target_high,training_target_projection_mode_pure_vertical_flow,training_target_projection_mode_pure_vertical_flow_wavelet,training_target_projection_low_anchor,training_target_projection_low_drift,training_target_projection_target_delta,training_target_projection_high_energy_ratio,training_bridge_noise_projection_active,training_bridge_noise_projection_mode_source_low_target_high,training_bridge_noise_projection_mode_wavelet_source_low_target_high,training_bridge_noise_projection_mode_pure_vertical_flow,training_bridge_noise_projection_mode_pure_vertical_flow_wavelet,training_bridge_noise_projection_kernel,training_bridge_noise_projection_preserve_rms,training_bridge_noise_projection_pre_rms,training_bridge_noise_projection_post_rms,training_bridge_noise_projection_low_rms,training_bridge_noise_projection_high_rms,teacher_alignment,teacher_abs,bridge_sigma,bridge_noise_schedule_exact,bridge_path_slerp_active,identity_ratio,t_mean,velocity_abs,target_velocity_abs,endpoint_abs,base_endpoint_abs,final_endpoint_abs,proximal_residual_abs,proximal_clamp_scale,proximal_residual_energy,proximal_target,base_transport_abs,proximal_to_transport_ratio,proximal_trust_penalty,velocity_max,endpoint_max,base_endpoint_max,final_endpoint_max,lr,data_time_sec,forward_time_sec,backward_time_sec,optimizer_time_sec,compute_time_sec,epoch_time_sec,optimizer_steps,effective_batch_size,avg_batch_time_sec,avg_optimizer_step_time_sec,avg_data_time_sec,avg_forward_time_sec,avg_backward_time_sec,avg_compute_time_sec,samples_seen,samples_per_sec,cuda_peak_allocated_gb,cuda_peak_reserved_gb,gpu_monitor_samples,gpu_memory_total_gb,gpu_vram_used_gb_mean,gpu_vram_used_gb_min,gpu_vram_used_gb_peak,gpu_util_mean,gpu_util_min,gpu_util_peak,gpu_power_w_mean,gpu_power_w_min,gpu_power_w_peak
1,81.01561737060547,81.01561737060547,0.0,0.0,0.0,0.0,0.0,0.0,0.0,0.0,0.0,0.0,0.0,0.0,0.0,0.0,0.0,0.0,0.0,0.0,0.0,0.0,0.0,0.0,0.0,0.0,0.0,0.0,0.0,0.0,0.0,0.0,0.0,0.0,0.0,0.0,0.0,0.0,0.0,0.0,0.0,0.0,0.0,0.0,0.0,0.0,0.0,0.0,0.0,0.0,0.0,0.0,0.0,0.0,0.0,0.0,0.0,0.0,0.0,0.0,0.0,0.0,0.0,0.0,0.0,0.0,0.0,0.0,0.0,0.0,0.0,0.0,0.0,0.0,0.0,0.0,0.0,0.0,0.0,0.0,0.0,0.0,0.0,0.0,0.0,0.0,0.0,0.0,0.0,0.0,0.0,0.0,0.0,0.0,0.0,0.0,0.0,0.0,0.0,0.0,0.0,0.0,0.0,0.0,0.0,0.0,0.0,0.0,0.0,0.0,0.0,0.0,0.0,0.0,0.0,0.0,0.0,0.0,0.0,0.0,0.0,0.0,0.0,0.0,0.0,0.0,0.0,0.0,0.0,0.0,0.0,0.0,0.0,0.0,0.0,0.0,0.0,0.0,0.0,0.0,0.0,0.0,0.0,0.0,0.0,0.0,0.0,0.0,0.0,0.0,0.0,0.0,0.0,0.0,0.0,0.0,0.0,0.0,0.0,0.0,0.0,0.0,0.0,0.0,0.0,0.0,0.0,0.0,0.0,0.0,0.0,0.0,0.0,0.0,0.0,0.0,0.0,0.0,0.0,0.0,0.0,0.0,0.0,0.0,0.0,0.0,0.0,0.0,0.0,0.0,0.0,0.0,0.0,0.0,0.0,0.0,0.0,0.0,0.0,0.0,0.0,0.0,0.0,0.0,0.0,0.0,0.5030349493026733,0.0,0.0,0.0,0.0,0.0,0.0,1.0,0.0,0.0,0.0,0.0,0.0,0.0,0.0,0.0,0.0,0.0002,1.5746336993470322,23.973472899844637,23.169754400412785,2.8430487999867182,49.98627610024414,55.056374073028564,1295,8,0.042514574573767235,0.042514574573767235,0.0012159333585691368,0.018512334285594314,0.01789170223970099,0.03859944100404953,10360,188.17076450145734,0.0694265365600586,0.08984375,27,7.99609375,3.5355541087962963,3.451171875,3.6396484375,28.074074074074073,3.0,51.0,19.61259259259259,15.12,28.28
2,66.77295684814453,66.77295684814453,0.0,0.0,0.0,0.0,0.0,0.0,0.0,0.0,0.0,0.0,0.0,0.0,0.0,0.0,0.0,0.0,0.0,0.0,0.0,0.0,0.0,0.0,0.0,0.0,0.0,0.0,0.0,0.0,0.0,0.0,0.0,0.0,0.0,0.0,0.0,0.0,0.0,0.0,0.0,0.0,0.0,0.0,0.0,0.0,0.0,0.0,0.0,0.0,0.0,0.0,0.0,0.0,0.0,0.0,0.0,0.0,0.0,0.0,0.0,0.0,0.0,0.0,0.0,0.0,0.0,0.0,0.0,0.0,0.0,0.0,0.0,0.0,0.0,0.0,0.0,0.0,0.0,0.0,0.0,0.0,0.0,0.0,0.0,0.0,0.0,0.0,0.0,0.0,0.0,0.0,0.0,0.0,0.0,0.0,0.0,0.0,0.0,0.0,0.0,0.0,0.0,0.0,0.0,0.0,0.0,0.0,0.0,0.0,0.0,0.0,0.0,0.0,0.0,0.0,0.0,0.0,0.0,0.0,0.0,0.0,0.0,0.0,0.0,0.0,0.0,0.0,0.0,0.0,0.0,0.0,0.0,0.0,0.0,0.0,0.0,0.0,0.0,0.0,0.0,0.0,0.0,0.0,0.0,0.0,0.0,0.0,0.0,0.0,0.0,0.0,0.0,0.0,0.0,0.0,0.0,0.0,0.0,0.0,0.0,0.0,0.0,0.0,0.0,0.0,0.0,0.0,0.0,0.0,0.0,0.0,0.0,0.0,0.0,0.0,0.0,0.0,0.0,0.0,0.0,0.0,0.0,0.0,0.0,0.0,0.0,0.0,0.0,0.0,0.0,0.0,0.0,0.0,0.0,0.0,0.0,0.0,0.0,0.0,0.0,0.0,0.0,0.0,0.0,0.0,0.5021396279335022,0.0,0.0,0.0,0.0,0.0,0.0,1.0,0.0,0.0,0.0,0.0,0.0,0.0,0.0,0.0,0.0,0.0001953503690480396,1.5170783008506987,19.499560600030236,17.096484199661063,2.604110100248363,39.20015489993966,43.72796654701233,1295,8,0.03376676953437246,0.03376676953437246,0.001171489035405945,0.0150575757529191,0.013201918300896573,0.03027038988412329,10360,236.91931772912127,0.0694265365600586,0.08984375,22,7.99609375,3.497336647727273,3.3857421875,3.62109375,27.727272727272727,15.0,35.0,21.222727272727273,16.3,31.34
3,59.90361404418945,59.90361404418945,0.0,0.0,0.0,0.0,0.0,0.0,0.0,0.0,0.0,0.0,0.0,0.0,0.0,0.0,0.0,0.0,0.0,0.0,0.0,0.0,0.0,0.0,0.0,0.0,0.0,0.0,0.0,0.0,0.0,0.0,0.0,0.0,0.0,0.0,0.0,0.0,0.0,0.0,0.0,0.0,0.0,0.0,0.0,0.0,0.0,0.0,0.0,0.0,0.0,0.0,0.0,0.0,0.0,0.0,0.0,0.0,0.0,0.0,0.0,0.0,0.0,0.0,0.0,0.0,0.0,0.0,0.0,0.0,0.0,0.0,0.0,0.0,0.0,0.0,0.0,0.0,0.0,0.0,0.0,0.0,0.0,0.0,0.0,0.0,0.0,0.0,0.0,0.0,0.0,0.0,0.0,0.0,0.0,0.0,0.0,0.0,0.0,0.0,0.0,0.0,0.0,0.0,0.0,0.0,0.0,0.0,0.0,0.0,0.0,0.0,0.0,0.0,0.0,0.0,0.0,0.0,0.0,0.0,0.0,0.0,0.0,0.0,0.0,0.0,0.0,0.0,0.0,0.0,0.0,0.0,0.0,0.0,0.0,0.0,0.0,0.0,0.0,0.0,0.0,0.0,0.0,0.0,0.0,0.0,0.0,0.0,0.0,0.0,0.0,0.0,0.0,0.0,0.0,0.0,0.0,0.0,0.0,0.0,0.0,0.0,0.0,0.0,0.0,0.0,0.0,0.0,0.0,0.0,0.0,0.0,0.0,0.0,0.0,0.0,0.0,0.0,0.0,0.0,0.0,0.0,0.0,0.0,0.0,0.0,0.0,0.0,0.0,0.0,0.0,0.0,0.0,0.0,0.0,0.0,0.0,0.0,0.0,0.0,0.0,0.0,0.0,0.0,0.0,0.0,0.4982183277606964,0.0,0.0,0.0,0.0,0.0,0.0,1.0,0.0,0.0,0.0,0.0,0.0,0.0,0.0,0.0,0.0,0.00018185661446562,1.5722577997657936,19.920342299970798,17.790856400271878,2.795067399623804,40.50626609986648,45.391597270965576,1295,8,0.03505142646406608,0.03505142646406608,0.0012140986870778328,0.015382503706541158,0.013738113050402994,0.03127896996128686,10360,228.2360750196976,0.0694265365600586,0.08984375,22,7.99609375,3.5831409801136362,3.5458984375,3.609375,29.90909090909091,20.0,57.0,23.66090909090909,16.67,35.7
4,57.0721435546875,57.0721435546875,0.0,0.0,0.0,0.0,0.0,0.0,0.0,0.0,0.0,0.0,0.0,0.0,0.0,0.0,0.0,0.0,0.0,0.0,0.0,0.0,0.0,0.0,0.0,0.0,0.0,0.0,0.0,0.0,0.0,0.0,0.0,0.0,0.0,0.0,0.0,0.0,0.0,0.0,0.0,0.0,0.0,0.0,0.0,0.0,0.0,0.0,0.0,0.0,0.0,0.0,0.0,0.0,0.0,0.0,0.0,0.0,0.0,0.0,0.0,0.0,0.0,0.0,0.0,0.0,0.0,0.0,0.0,0.0,0.0,0.0,0.0,0.0,0.0,0.0,0.0,0.0,0.0,0.0,0.0,0.0,0.0,0.0,0.0,0.0,0.0,0.0,0.0,0.0,0.0,0.0,0.0,0.0,0.0,0.0,0.0,0.0,0.0,0.0,0.0,0.0,0.0,0.0,0.0,0.0,0.0,0.0,0.0,0.0,0.0,0.0,0.0,0.0,0.0,0.0,0.0,0.0,0.0,0.0,0.0,0.0,0.0,0.0,0.0,0.0,0.0,0.0,0.0,0.0,0.0,0.0,0.0,0.0,0.0,0.0,0.0,0.0,0.0,0.0,0.0,0.0,0.0,0.0,0.0,0.0,0.0,0.0,0.0,0.0,0.0,0.0,0.0,0.0,0.0,0.0,0.0,0.0,0.0,0.0,0.0,0.0,0.0,0.0,0.0,0.0,0.0,0.0,0.0,0.0,0.0,0.0,0.0,0.0,0.0,0.0,0.0,0.0,0.0,0.0,0.0,0.0,0.0,0.0,0.0,0.0,0.0,0.0,0.0,0.0,0.0,0.0,0.0,0.0,0.0,0.0,0.0,0.0,0.0,0.0,0.0,0.0,0.0,0.0,0.0,0.0,0.504532516002655,0.0,0.0,0.0,0.0,0.0,0.0,1.0,0.0,0.0,0.0,0.0,0.0,0.0,0.0,0.0,0.0,0.00016083959896778495,1.7543457991851028,21.425252900109626,18.83386280015111,2.9808344999037217,43.23995020016446,47.99616527557373,1295,8,0.03706267588847392,0.03706267588847392,0.0013547071808379173,0.016544596834061488,0.014543523397800085,0.033389922934489925,10360,215.8505776558867,0.0694265365600586,0.08984375,24,7.99609375,3.6239420572916665,3.609375,3.646484375,29.375,19.0,46.0,18.963333333333335,16.63,21.96
5,55.655574798583984,55.655574798583984,0.0,0.0,0.0,0.0,0.0,0.0,0.0,0.0,0.0,0.0,0.0,0.0,0.0,0.0,0.0,0.0,0.0,0.0,0.0,0.0,0.0,0.0,0.0,0.0,0.0,0.0,0.0,0.0,0.0,0.0,0.0,0.0,0.0,0.0,0.0,0.0,0.0,0.0,0.0,0.0,0.0,0.0,0.0,0.0,0.0,0.0,0.0,0.0,0.0,0.0,0.0,0.0,0.0,0.0,0.0,0.0,0.0,0.0,0.0,0.0,0.0,0.0,0.0,0.0,0.0,0.0,0.0,0.0,0.0,0.0,0.0,0.0,0.0,0.0,0.0,0.0,0.0,0.0,0.0,0.0,0.0,0.0,0.0,0.0,0.0,0.0,0.0,0.0,0.0,0.0,0.0,0.0,0.0,0.0,0.0,0.0,0.0,0.0,0.0,0.0,0.0,0.0,0.0,0.0,0.0,0.0,0.0,0.0,0.0,0.0,0.0,0.0,0.0,0.0,0.0,0.0,0.0,0.0,0.0,0.0,0.0,0.0,0.0,0.0,0.0,0.0,0.0,0.0,0.0,0.0,0.0,0.0,0.0,0.0,0.0,0.0,0.0,0.0,0.0,0.0,0.0,0.0,0.0,0.0,0.0,0.0,0.0,0.0,0.0,0.0,0.0,0.0,0.0,0.0,0.0,0.0,0.0,0.0,0.0,0.0,0.0,0.0,0.0,0.0,0.0,0.0,0.0,0.0,0.0,0.0,0.0,0.0,0.0,0.0,0.0,0.0,0.0,0.0,0.0,0.0,0.0,0.0,0.0,0.0,0.0,0.0,0.0,0.0,0.0,0.0,0.0,0.0,0.0,0.0,0.0,0.0,0.0,0.0,0.0,0.0,0.0,0.0,0.0,0.0,0.49892309308052063,0.0,0.0,0.0,0.0,0.0,0.0,1.0,0.0,0.0,0.0,0.0,0.0,0.0,0.0,0.0,0.0,0.00013435661446562,1.608926899934886,19.912718600506196,17.26033750019269,2.7681460000167135,39.9412021007156,45.144670248031616,1295,8,0.03486074922627924,0.03486074922627924,0.0012424145945443136,0.015376616679927565,0.013328445946094742,0.03084262710479969,10360,229.4844539362144,0.0694265365600586,0.08984375,23,7.99609375,3.555494225543478,3.4658203125,3.6474609375,32.30434782608695,22.0,55.0,21.91304347826087,16.41,35.19
6,54.2144775390625,54.2144775390625,0.0,0.0,0.0,0.0,0.0,0.0,0.0,0.0,0.0,0.0,0.0,0.0,0.0,0.0,0.0,0.0,0.0,0.0,0.0,0.0,0.0,0.0,0.0,0.0,0.0,0.0,0.0,0.0,0.0,0.0,0.0,0.0,0.0,0.0,0.0,0.0,0.0,0.0,0.0,0.0,0.0,0.0,0.0,0.0,0.0,0.0,0.0,0.0,0.0,0.0,0.0,0.0,0.0,0.0,0.0,0.0,0.0,0.0,0.0,0.0,0.0,0.0,0.0,0.0,0.0,0.0,0.0,0.0,0.0,0.0,0.0,0.0,0.0,0.0,0.0,0.0,0.0,0.0,0.0,0.0,0.0,0.0,0.0,0.0,0.0,0.0,0.0,0.0,0.0,0.0,0.0,0.0,0.0,0.0,0.0,0.0,0.0,0.0,0.0,0.0,0.0,0.0,0.0,0.0,0.0,0.0,0.0,0.0,0.0,0.0,0.0,0.0,0.0,0.0,0.0,0.0,0.0,0.0,0.0,0.0,0.0,0.0,0.0,0.0,0.0,0.0,0.0,0.0,0.0,0.0,0.0,0.0,0.0,0.0,0.0,0.0,0.0,0.0,0.0,0.0,0.0,0.0,0.0,0.0,0.0,0.0,0.0,0.0,0.0,0.0,0.0,0.0,0.0,0.0,0.0,0.0,0.0,0.0,0.0,0.0,0.0,0.0,0.0,0.0,0.0,0.0,0.0,0.0,0.0,0.0,0.0,0.0,0.0,0.0,0.0,0.0,0.0,0.0,0.0,0.0,0.0,0.0,0.0,0.0,0.0,0.0,0.0,0.0,0.0,0.0,0.0,0.0,0.0,0.0,0.0,0.0,0.0,0.0,0.0,0.0,0.0,0.0,0.0,0.0,0.5014064311981201,0.0,0.0,0.0,0.0,0.0,0.0,1.0,0.0,0.0,0.0,0.0,0.0,0.0,0.0,0.0,0.0,0.000105,1.610877899773186,20.8529494991526,18.10633809925639,2.8070844007015694,41.76637199911056,46.39762902259827,1295,8,0.03582828495953534,0.03582828495953534,0.0012439211581260123,0.016102663705909345,0.013981728261974047,0.032252024709737884,10360,223.28727174731483,0.0694265365600586,0.08984375,22,7.99609375,3.5509144176136362,3.474609375,3.5908203125,32.04545454545455,20.0,45.0,20.393636363636364,17.27,30.13
7,52.641143798828125,52.641143798828125,0.0,0.0,0.0,0.0,0.0,0.0,0.0,0.0,0.0,0.0,0.0,0.0,0.0,0.0,0.0,0.0,0.0,0.0,0.0,0.0,0.0,0.0,0.0,0.0,0.0,0.0,0.0,0.0,0.0,0.0,0.0,0.0,0.0,0.0,0.0,0.0,0.0,0.0,0.0,0.0,0.0,0.0,0.0,0.0,0.0,0.0,0.0,0.0,0.0,0.0,0.0,0.0,0.0,0.0,0.0,0.0,0.0,0.0,0.0,0.0,0.0,0.0,0.0,0.0,0.0,0.0,0.0,0.0,0.0,0.0,0.0,0.0,0.0,0.0,0.0,0.0,0.0,0.0,0.0,0.0,0.0,0.0,0.0,0.0,0.0,0.0,0.0,0.0,0.0,0.0,0.0,0.0,0.0,0.0,0.0,0.0,0.0,0.0,0.0,0.0,0.0,0.0,0.0,0.0,0.0,0.0,0.0,0.0,0.0,0.0,0.0,0.0,0.0,0.0,0.0,0.0,0.0,0.0,0.0,0.0,0.0,0.0,0.0,0.0,0.0,0.0,0.0,0.0,0.0,0.0,0.0,0.0,0.0,0.0,0.0,0.0,0.0,0.0,0.0,0.0,0.0,0.0,0.0,0.0,0.0,0.0,0.0,0.0,0.0,0.0,0.0,0.0,0.0,0.0,0.0,0.0,0.0,0.0,0.0,0.0,0.0,0.0,0.0,0.0,0.0,0.0,0.0,0.0,0.0,0.0,0.0,0.0,0.0,0.0,0.0,0.0,0.0,0.0,0.0,0.0,0.0,0.0,0.0,0.0,0.0,0.0,0.0,0.0,0.0,0.0,0.0,0.0,0.0,0.0,0.0,0.0,0.0,0.0,0.0,0.0,0.0,0.0,0.0,0.0,0.5050910115242004,0.0,0.0,0.0,0.0,0.0,0.0,1.0,0.0,0.0,0.0,0.0,0.0,0.0,0.0,0.0,0.0,7.564338553438001e-05,1.6505621999385767,21.22562190008466,18.42808039992815,2.823175400902983,42.47687770091579,47.046019315719604,1295,8,0.036328972444571124,0.036328972444571124,0.0012745654053579743,0.016390441621686996,0.014230177915002432,0.032800677761324934,10360,220.20991681518072,0.0694265365600586,0.08984375,23,7.99609375,3.5685716711956523,3.55859375,3.6064453125,30.043478260869566,22.0,36.0,19.06478260869565,16.93,21.47
8,51.98005294799805,51.98005294799805,0.0,0.0,0.0,0.0,0.0,0.0,0.0,0.0,0.0,0.0,0.0,0.0,0.0,0.0,0.0,0.0,0.0,0.0,0.0,0.0,0.0,0.0,0.0,0.0,0.0,0.0,0.0,0.0,0.0,0.0,0.0,0.0,0.0,0.0,0.0,0.0,0.0,0.0,0.0,0.0,0.0,0.0,0.0,0.0,0.0,0.0,0.0,0.0,0.0,0.0,0.0,0.0,0.0,0.0,0.0,0.0,0.0,0.0,0.0,0.0,0.0,0.0,0.0,0.0,0.0,0.0,0.0,0.0,0.0,0.0,0.0,0.0,0.0,0.0,0.0,0.0,0.0,0.0,0.0,0.0,0.0,0.0,0.0,0.0,0.0,0.0,0.0,0.0,0.0,0.0,0.0,0.0,0.0,0.0,0.0,0.0,0.0,0.0,0.0,0.0,0.0,0.0,0.0,0.0,0.0,0.0,0.0,0.0,0.0,0.0,0.0,0.0,0.0,0.0,0.0,0.0,0.0,0.0,0.0,0.0,0.0,0.0,0.0,0.0,0.0,0.0,0.0,0.0,0.0,0.0,0.0,0.0,0.0,0.0,0.0,0.0,0.0,0.0,0.0,0.0,0.0,0.0,0.0,0.0,0.0,0.0,0.0,0.0,0.0,0.0,0.0,0.0,0.0,0.0,0.0,0.0,0.0,0.0,0.0,0.0,0.0,0.0,0.0,0.0,0.0,0.0,0.0,0.0,0.0,0.0,0.0,0.0,0.0,0.0,0.0,0.0,0.0,0.0,0.0,0.0,0.0,0.0,0.0,0.0,0.0,0.0,0.0,0.0,0.0,0.0,0.0,0.0,0.0,0.0,0.0,0.0,0.0,0.0,0.0,0.0,0.0,0.0,0.0,0.0,0.5087387561798096,0.0,0.0,0.0,0.0,0.0,0.0,1.0,0.0,0.0,0.0,0.0,0.0,0.0,0.0,0.0,0.0,4.916040103221507e-05,1.644439700525254,21.837992199900327,18.02997370090452,2.752862799214199,42.62082870001905,49.69804239273071,1295,8,0.03837686671253337,0.03837686671253337,0.0012698376065832077,0.016863314440077472,0.013922759614598086,0.03291183683399154,10360,208.45891510437738,0.0694265365600586,0.091796875,23,7.99609375,3.5848760190217392,3.560546875,3.65625,37.869565217391305,23.0,58.0,31.49217391304348,19.01,48.27
9,51.408958435058594,51.408958435058594,0.0,0.0,0.0,0.0,0.0,0.0,0.0,0.0,0.0,0.0,0.0,0.0,0.0,0.0,0.0,0.0,0.0,0.0,0.0,0.0,0.0,0.0,0.0,0.0,0.0,0.0,0.0,0.0,0.0,0.0,0.0,0.0,0.0,0.0,0.0,0.0,0.0,0.0,0.0,0.0,0.0,0.0,0.0,0.0,0.0,0.0,0.0,0.0,0.0,0.0,0.0,0.0,0.0,0.0,0.0,0.0,0.0,0.0,0.0,0.0,0.0,0.0,0.0,0.0,0.0,0.0,0.0,0.0,0.0,0.0,0.0,0.0,0.0,0.0,0.0,0.0,0.0,0.0,0.0,0.0,0.0,0.0,0.0,0.0,0.0,0.0,0.0,0.0,0.0,0.0,0.0,0.0,0.0,0.0,0.0,0.0,0.0,0.0,0.0,0.0,0.0,0.0,0.0,0.0,0.0,0.0,0.0,0.0,0.0,0.0,0.0,0.0,0.0,0.0,0.0,0.0,0.0,0.0,0.0,0.0,0.0,0.0,0.0,0.0,0.0,0.0,0.0,0.0,0.0,0.0,0.0,0.0,0.0,0.0,0.0,0.0,0.0,0.0,0.0,0.0,0.0,0.0,0.0,0.0,0.0,0.0,0.0,0.0,0.0,0.0,0.0,0.0,0.0,0.0,0.0,0.0,0.0,0.0,0.0,0.0,0.0,0.0,0.0,0.0,0.0,0.0,0.0,0.0,0.0,0.0,0.0,0.0,0.0,0.0,0.0,0.0,0.0,0.0,0.0,0.0,0.0,0.0,0.0,0.0,0.0,0.0,0.0,0.0,0.0,0.0,0.0,0.0,0.0,0.0,0.0,0.0,0.0,0.0,0.0,0.0,0.0,0.0,0.0,0.0,0.5059271454811096,0.0,0.0,0.0,0.0,0.0,0.0,1.0,0.0,0.0,0.0,0.0,0.0,0.0,0.0,0.0,0.0,2.8143385534380006e-05,1.6599117995647248,22.6015272004297,18.3572825002193,2.8572448997583706,43.81605460040737,53.957865476608276,1295,8,0.0416663053873423,0.0416663053873423,0.001281785173409054,0.01745291675708857,0.014175507722177065,0.033834791197225766,10360,192.00166478956157,0.0694265365600586,0.091796875,25,7.99609375,3.595703125,3.5322265625,3.6875,47.48,35.0,55.0,44.49,29.73,48.7
10,50.576416015625,50.576416015625,0.0,0.0,0.0,0.0,0.0,0.0,0.0,0.0,0.0,0.0,0.0,0.0,0.0,0.0,0.0,0.0,0.0,0.0,0.0,0.0,0.0,0.0,0.0,0.0,0.0,0.0,0.0,0.0,0.0,0.0,0.0,0.0,0.0,0.0,0.0,0.0,0.0,0.0,0.0,0.0,0.0,0.0,0.0,0.0,0.0,0.0,0.0,0.0,0.0,0.0,0.0,0.0,0.0,0.0,0.0,0.0,0.0,0.0,0.0,0.0,0.0,0.0,0.0,0.0,0.0,0.0,0.0,0.0,0.0,0.0,0.0,0.0,0.0,0.0,0.0,0.0,0.0,0.0,0.0,0.0,0.0,0.0,0.0,0.0,0.0,0.0,0.0,0.0,0.0,0.0,0.0,0.0,0.0,0.0,0.0,0.0,0.0,0.0,0.0,0.0,0.0,0.0,0.0,0.0,0.0,0.0,0.0,0.0,0.0,0.0,0.0,0.0,0.0,0.0,0.0,0.0,0.0,0.0,0.0,0.0,0.0,0.0,0.0,0.0,0.0,0.0,0.0,0.0,0.0,0.0,0.0,0.0,0.0,0.0,0.0,0.0,0.0,0.0,0.0,0.0,0.0,0.0,0.0,0.0,0.0,0.0,0.0,0.0,0.0,0.0,0.0,0.0,0.0,0.0,0.0,0.0,0.0,0.0,0.0,0.0,0.0,0.0,0.0,0.0,0.0,0.0,0.0,0.0,0.0,0.0,0.0,0.0,0.0,0.0,0.0,0.0,0.0,0.0,0.0,0.0,0.0,0.0,0.0,0.0,0.0,0.0,0.0,0.0,0.0,0.0,0.0,0.0,0.0,0.0,0.0,0.0,0.0,0.0,0.0,0.0,0.0,0.0,0.0,0.0,0.5045753717422485,0.0,0.0,0.0,0.0,0.0,0.0,1.0,0.0,0.0,0.0,0.0,0.0,0.0,0.0,0.0,0.0,1.4649630951960416e-05,1.7350357990944758,22.28893289939151,19.356057300494285,3.001912800653372,44.64690300053917,51.90566802024841,1295,8,0.040081596926832753,0.040081596926832753,0.001339795983856738,0.01721153119644132,0.014946762394204081,0.03447637297338932,10360,199.59284592886004,0.0694265365600586,0.091796875,24,7.99609375,3.5547281901041665,3.533203125,3.59375,34.625,13.0,53.0,29.5125,17.87,46.93
